num_functions,num_edges,num_indep_funcs,presence_+-,presence_><,presence_][,max_control,total_tt_symmetry_complexity,pattern,pattern_entropy_token,pattern_entropy_char,LZ77,BZ2,LZMA,dag_equivalence_class,labeled_graph_hash,tt_size_4_count,tt_size_4_OR,tt_size_8_count,tt_size_8_tt_sym_0,tt_size_8_tt_sym_1,tt_size_8_tt_sym_2,tt_size_4_XOR,tt_size_2_count,tt_size_2_tt_sym_0,tt_size_2_balanced,tt_size_4_NOT_A_OR_B,tt_size_4_A_OR_NOT_B,tt_size_8_balanced,tt_size_4_XNOR,tt_size_4_NAND,tt_size_4_NOR,tt_size_4_NOT_A_AND_B,tt_size_4_AND,tt_size_4_A_AND_NOT_B
3,8,0,1,0,0,3,11,+a +a +b -b +a +a +b -b +a +a ,1.4634582986483033,1.890284289733169,21,57,76,67d4c61d1d0b4878f2fe5d9b66186db9,ecf3823d5a4d59543a2935b66fbdec06,1.0,2.0,2.0,3.0,3.0,3.0,0.0,0.0,0.0,0.0,0.0,0.0,0.0,0.0,0.0,0.0,0.0,0.0,0.0
3,5,1,1,0,0,3,9,-a -a -b -b -a -a -b -b -a -a ,0.9967916319816366,1.4983958159908184,18,58,76,39751a061542377f4e2a0beb0c8309ac,c4e1b0e09a552071e27b216fc94d13b7,1.0,0.0,1.0,2.0,2.0,2.0,2.0,0.0,0.0,0.0,0.0,0.0,0.0,0.0,0.0,0.0,0.0,0.0,0.0
3,6,0,1,0,0,3,7,B+ a- a- A+ B+ a- a- A+ B+ a- ,1.4983958159908184,2.249197907995409,20,57,76,5d71e9185e80ce2301d96d174fb7199d,3b5bc9f9ca3503550ef8273549a15b60,1.0,0.0,1.0,2.0,2.0,2.0,0.0,1.0,2.0,2.0,2.0,0.0,0.0,0.0,0.0,0.0,0.0,0.0,0.0
3,8,0,1,0,0,3,10,a+ a+ b- b- a+ a+ b- b- a+ a+ ,0.9967916319816366,1.9967916319816368,20,57,76,67d4c61d1d0b4878f2fe5d9b66186db9,409ada3bfac14717c01a3243ae9aa9cf,1.0,0.0,2.0,3.0,3.0,3.0,2.0,0.0,0.0,0.0,0.0,0.0,0.0,0.0,0.0,0.0,0.0,0.0,0.0
3,8,0,1,0,0,3,9,A+ a- a+ b+ A+ a- a+ b+ A+ a- ,1.9967916319816368,2.167518278965993,23,59,80,67d4c61d1d0b4878f2fe5d9b66186db9,4f3172f580a4b9d9873dda9a5ccccdb0,1.0,0.0,2.0,3.0,3.0,3.0,0.0,0.0,0.0,0.0,0.0,2.0,3.0,0.0,0.0,0.0,0.0,0.0,0.0
3,8,0,1,0,0,3,7,a- a+ B+ B+ a- a+ B+ B+ a- a+ ,1.53012496531497,1.916716186961402,19,57,76,67d4c61d1d0b4878f2fe5d9b66186db9,f09452872f697d712d7d224467288261,1.0,0.0,2.0,3.0,3.0,3.0,2.0,0.0,0.0,0.0,0.0,0.0,0.0,0.0,0.0,0.0,0.0,0.0,0.0
3,6,1,1,0,0,3,7,a+ a+ A+ a+ A+ a+ A+ a+ A+ a+ ,0.9967916319816366,1.4983958159908184,17,52,72,662932ff81e505eb185ad1d8c53dcffc,a2733b7ff5e30b109a840b92200c7f61,0.0,0.0,2.0,3.0,3.0,3.0,0.0,0.0,0.0,0.0,0.0,0.0,0.0,0.0,0.0,0.0,0.0,0.0,0.0
3,5,1,1,0,0,3,7,A- a+ a+ a- a+ a- a+ a- a+ a- ,1.1766796675107107,1.6054211501592661,17,55,76,39751a061542377f4e2a0beb0c8309ac,174977a4894a10749e1ea65add5ed8b2,1.0,0.0,1.0,2.0,2.0,2.0,0.0,0.0,0.0,0.0,0.0,0.0,0.0,2.0,0.0,0.0,0.0,0.0,0.0
2,4,0,0,1,1,2,4,B A a b B A a b B A a b B A a ,1.9967916319816368,1.9967916319816368,19,55,76,496b1d087247d9edf9bbdde67e7e4036,6906b2feefe6839967dd0bc418840bcd,2.0,0.0,0.0,0.0,0.0,0.0,3.0,0.0,0.0,0.0,0.0,0.0,0.0,0.0,0.0,0.0,0.0,0.0,0.0
3,8,0,1,0,0,3,10,B- a- a+ A+ B- a- a+ A+ B- a- ,1.9967916319816368,2.2475937239862276,21,59,76,67d4c61d1d0b4878f2fe5d9b66186db9,4f3172f580a4b9d9873dda9a5ccccdb0,1.0,0.0,2.0,3.0,3.0,3.0,0.0,0.0,0.0,0.0,2.0,0.0,3.0,0.0,0.0,0.0,0.0,0.0,0.0
3,8,0,1,0,0,3,9,+A +a -a +b +A +a -a +b +A +a ,1.9967916319816368,2.1410863817377597,23,58,80,f432d6b52c5184fc71c9b55f7e823cd0,a290c37ce461b1258f0edd054a8e8940,1.0,0.0,2.0,3.0,3.0,3.0,0.0,0.0,0.0,0.0,0.0,0.0,0.0,0.0,2.0,0.0,0.0,0.0,0.0
3,8,0,1,0,0,3,13,b- a- B+ a- B+ a- B+ a- B+ a- ,1.1766796675107107,2.0867356497461738,18,54,76,f432d6b52c5184fc71c9b55f7e823cd0,13f2efed502683c45be6ed5e712775c8,1.0,0.0,2.0,3.0,3.0,3.0,0.0,0.0,0.0,0.0,0.0,0.0,0.0,0.0,0.0,2.0,0.0,0.0,0.0
3,7,0,1,0,0,3,14,+a -a +b -B +a -a +b -B +a -a ,1.9967916319816368,2.231729149324152,23,59,80,0d71482cbe8c7fa4acf7b7bef52c580f,efd2af8616991c24ba53970fd8e64fce,0.0,0.0,2.0,3.0,3.0,3.0,0.0,1.0,2.0,2.0,0.0,0.0,0.0,0.0,0.0,0.0,0.0,0.0,0.0
3,8,0,1,0,0,3,12,B- a+ a- b+ B- a+ a- b+ B- a+ ,1.9967916319816368,2.249197907995409,23,59,80,67d4c61d1d0b4878f2fe5d9b66186db9,58f52404578285e9516d6c501d12d7d7,1.0,0.0,2.0,3.0,3.0,3.0,0.0,0.0,0.0,0.0,0.0,0.0,0.0,2.0,0.0,0.0,0.0,0.0,0.0
2,4,0,0,1,1,2,4,A B a a B B a a B B a a B B a ,1.1766796675107107,1.1766796675107107,17,51,76,496b1d087247d9edf9bbdde67e7e4036,61d6630f8c1d2c2634f6585139102bf8,2.0,0.0,0.0,0.0,0.0,0.0,3.0,0.0,0.0,0.0,0.0,0.0,0.0,0.0,0.0,0.0,0.0,0.0,0.0
3,8,0,1,0,0,3,13,-A -a -B -a -B -a -B -a -B -a ,1.1766796675107107,1.5883398337553554,18,52,76,f432d6b52c5184fc71c9b55f7e823cd0,a290c37ce461b1258f0edd054a8e8940,1.0,0.0,2.0,3.0,3.0,3.0,0.0,0.0,0.0,0.0,0.0,0.0,0.0,0.0,0.0,0.0,2.0,0.0,0.0
2,3,0,0,1,1,2,2,A B a B a B a B a B a B a B a ,1.1766796675107107,1.1766796675107107,15,49,72,50858bd71f190f49aea7adf1908a451c,61159e751da460dea3f427aba08457e9,1.0,0.0,0.0,0.0,0.0,0.0,0.0,1.0,2.0,2.0,0.0,0.0,0.0,0.0,2.0,0.0,0.0,0.0,0.0
3,8,0,1,0,0,3,11,+a -a +a -a +a -a +a -a +a -a ,1.0,1.5,17,52,72,67d4c61d1d0b4878f2fe5d9b66186db9,908ccf0f892726fb19d2fdbb5589e828,1.0,0.0,2.0,3.0,3.0,3.0,0.0,0.0,0.0,0.0,0.0,2.0,0.0,0.0,0.0,0.0,0.0,0.0,0.0
3,7,0,1,0,0,3,8,+a -a -A +B +a -a -A +B +a -a ,1.9967916319816368,2.231729149324152,21,59,76,a69d8d31196ad888a5bf41504c03de86,a07afa96e6b7bf1dccbfdaaab6b0f71d,0.0,0.0,2.0,3.0,3.0,3.0,0.0,1.0,2.0,2.0,0.0,0.0,3.0,0.0,0.0,0.0,0.0,0.0,0.0
2,5,0,1,0,0,3,8,B b B b B b B b B b B b B b B ,1.0,1.0,15,46,72,f9a5951d926c0a7f9c63e13cfa2fc5a5,36c18a5eadbddf5f5730a1298f7bfea3,1.0,0.0,1.0,2.0,2.0,2.0,0.0,0.0,0.0,0.0,0.0,0.0,0.0,0.0,0.0,0.0,0.0,2.0,0.0
3,8,0,1,0,0,3,8,a- a+ A+ b- a- a+ A+ b- a- a+ ,1.9967916319816368,2.231729149324152,22,58,80,67d4c61d1d0b4878f2fe5d9b66186db9,4f3172f580a4b9d9873dda9a5ccccdb0,1.0,2.0,2.0,3.0,3.0,3.0,0.0,0.0,0.0,0.0,0.0,0.0,2.0,0.0,0.0,0.0,0.0,0.0,0.0
2,4,0,0,1,1,2,6,a A b a a A b a a A b a a A b ,1.4983958159908184,1.4983958159908184,18,49,76,121d08e8d3508f48216f1b69b3d23605,68aa611b8b5a6fc9e7fee62e5ddb2114,2.0,0.0,0.0,0.0,0.0,0.0,0.0,0.0,0.0,0.0,0.0,0.0,0.0,0.0,0.0,2.0,3.0,0.0,0.0
3,5,1,1,0,0,3,8,a+ a+ A- a+ A- a+ A- a+ A- a+ ,0.9967916319816366,1.9967916319816368,18,52,76,199c16029d251ae74d64156116c679e0,9f286829487d721d03356d1d13ece792,1.0,0.0,1.0,2.0,2.0,2.0,0.0,0.0,0.0,0.0,0.0,0.0,0.0,0.0,2.0,0.0,0.0,0.0,0.0
3,7,0,1,0,0,3,10,-b -a +a +B -b -a +a +B -b -a ,1.9967916319816368,2.2475937239862276,21,59,80,0d71482cbe8c7fa4acf7b7bef52c580f,2de8f2eb13bdb957421b83ca32962397,0.0,0.0,2.0,3.0,3.0,3.0,0.0,1.0,2.0,2.0,0.0,0.0,2.0,0.0,0.0,0.0,0.0,0.0,0.0
3,8,0,1,0,0,3,12,a- a+ B- a+ B- a+ B- a+ B- a+ ,1.1766796675107107,1.9983958159908184,17,52,76,67d4c61d1d0b4878f2fe5d9b66186db9,4f3172f580a4b9d9873dda9a5ccccdb0,1.0,0.0,2.0,3.0,3.0,3.0,0.0,0.0,0.0,0.0,0.0,0.0,3.0,0.0,2.0,0.0,0.0,0.0,0.0
3,8,0,1,0,0,3,11,a- a+ a- a+ a- a+ a- a+ a- a+ ,1.0,1.5,17,50,76,67d4c61d1d0b4878f2fe5d9b66186db9,f09452872f697d712d7d224467288261,1.0,2.0,2.0,3.0,3.0,3.0,0.0,0.0,0.0,0.0,0.0,0.0,0.0,0.0,0.0,0.0,0.0,0.0,0.0
3,8,0,1,0,0,3,6,-A +A -A +A -A +A -A +A -A +A ,1.0,1.5,17,52,72,67d4c61d1d0b4878f2fe5d9b66186db9,ecf3823d5a4d59543a2935b66fbdec06,1.0,0.0,2.0,3.0,3.0,3.0,0.0,0.0,0.0,0.0,0.0,0.0,0.0,2.0,0.0,0.0,0.0,0.0,0.0
3,8,0,1,0,0,3,11,-a -a -A +b -a -a -A +b -a -a ,1.4634582986483033,2.1236176230665023,21,58,76,f432d6b52c5184fc71c9b55f7e823cd0,a290c37ce461b1258f0edd054a8e8940,1.0,0.0,2.0,3.0,3.0,3.0,0.0,0.0,0.0,0.0,0.0,0.0,0.0,0.0,0.0,2.0,0.0,0.0,0.0
3,8,0,1,0,0,3,11,-b +a -a -a -a -a -a -a -a -a ,0.420026001688088,1.210842300318532,17,49,76,67d4c61d1d0b4878f2fe5d9b66186db9,ecf3823d5a4d59543a2935b66fbdec06,1.0,0.0,2.0,3.0,3.0,3.0,0.0,0.0,0.0,0.0,0.0,0.0,0.0,0.0,0.0,2.0,0.0,0.0,0.0
3,7,0,1,0,0,3,11,-a +a -b -a -b -a -b -a -b -a ,1.1766796675107107,1.6038169661500845,20,53,76,ee1baf1980e1a60b6b79de04d616f586,8b4a56953f99d59613cebc59a9e35b6a,2.0,0.0,1.0,2.0,2.0,2.0,0.0,0.0,0.0,0.0,0.0,0.0,0.0,0.0,3.0,0.0,2.0,0.0,0.0
3,8,0,1,0,0,3,9,+B -a +a +b +B -a +a +b +B -a ,1.9967916319816368,2.167518278965993,21,57,80,67d4c61d1d0b4878f2fe5d9b66186db9,ecf3823d5a4d59543a2935b66fbdec06,1.0,2.0,2.0,3.0,3.0,3.0,0.0,0.0,0.0,0.0,0.0,0.0,3.0,0.0,0.0,0.0,0.0,0.0,0.0
3,7,0,1,0,0,3,6,A- A+ A- A+ A- A+ A- A+ A- A+ ,1.0,1.5,17,50,76,29a869da133108175da4079ed0493bfb,ac95c392dc2c606ddc30c53525d4778e,0.0,0.0,2.0,3.0,3.0,3.0,0.0,1.0,2.0,2.0,0.0,0.0,0.0,0.0,0.0,0.0,0.0,0.0,0.0
3,8,0,1,0,0,3,13,b- a+ a+ b- b- a+ a+ b- b- a+ ,1.0,2.0,20,56,76,67d4c61d1d0b4878f2fe5d9b66186db9,409ada3bfac14717c01a3243ae9aa9cf,1.0,0.0,2.0,3.0,3.0,3.0,0.0,0.0,0.0,0.0,0.0,0.0,0.0,2.0,0.0,0.0,0.0,0.0,0.0
3,8,0,1,0,0,3,11,+a -a -B -A +a -a -B -A +a -a ,1.9967916319816368,2.1500495202947354,21,62,76,67d4c61d1d0b4878f2fe5d9b66186db9,908ccf0f892726fb19d2fdbb5589e828,1.0,0.0,2.0,3.0,3.0,3.0,0.0,0.0,0.0,0.0,0.0,0.0,0.0,0.0,0.0,0.0,0.0,0.0,2.0
3,7,0,1,0,0,3,6,A+ A- A+ A- A+ A- A+ A- A+ A- ,1.0,1.5,17,50,76,a69d8d31196ad888a5bf41504c03de86,3824296f034e7ac6b0b6c3cf75dcb0f5,0.0,0.0,2.0,3.0,3.0,3.0,0.0,1.0,2.0,2.0,0.0,0.0,0.0,0.0,0.0,0.0,0.0,0.0,0.0
3,8,0,1,0,0,3,8,a- a+ B+ A+ a- a+ B+ A+ a- a+ ,1.9967916319816368,2.1500495202947354,23,59,80,67d4c61d1d0b4878f2fe5d9b66186db9,4f3172f580a4b9d9873dda9a5ccccdb0,1.0,0.0,2.0,3.0,3.0,3.0,0.0,0.0,0.0,0.0,0.0,0.0,2.0,0.0,2.0,0.0,0.0,0.0,0.0
3,8,0,1,0,0,3,7,a+ a+ A- B- a+ a+ A- B- a+ a+ ,1.4634582986483033,2.23012496531497,23,59,76,67d4c61d1d0b4878f2fe5d9b66186db9,f09452872f697d712d7d224467288261,1.0,2.0,2.0,3.0,3.0,3.0,0.0,0.0,0.0,0.0,0.0,0.0,0.0,0.0,0.0,0.0,0.0,0.0,0.0
3,8,0,1,0,0,3,10,a- a+ B+ B- a- a+ B+ B- a- a+ ,1.9967916319816368,1.9983958159908184,20,59,80,70e1d4e118d076514296ccf0f2db8f71,ef0aa4d7d32eef317e002853a776a147,1.0,0.0,2.0,3.0,3.0,3.0,2.0,0.0,0.0,0.0,0.0,0.0,3.0,0.0,0.0,0.0,0.0,0.0,0.0
3,7,0,1,0,0,3,10,B- b+ B- b+ B- b+ B- b+ B- b+ ,1.0,2.0,17,51,76,0d71482cbe8c7fa4acf7b7bef52c580f,4ad3fc4dd8e31ae41c4c9080d6d42e49,0.0,0.0,2.0,3.0,3.0,3.0,0.0,1.0,2.0,2.0,0.0,0.0,2.0,0.0,0.0,0.0,0.0,0.0,0.0
2,4,0,1,0,0,2,2,A a B a B a B a B a B a B a B ,1.1766796675107107,1.1766796675107107,15,49,72,496b1d087247d9edf9bbdde67e7e4036,c155a16e6127ec8c66e05a9dff8362be,2.0,0.0,0.0,0.0,0.0,0.0,0.0,0.0,0.0,0.0,0.0,3.0,0.0,0.0,2.0,0.0,0.0,0.0,0.0
3,8,0,1,0,0,3,9,a+ a+ b+ A- a+ a+ b+ A- a+ a+ ,1.4634582986483033,2.1236176230665023,23,61,76,70e1d4e118d076514296ccf0f2db8f71,ef0aa4d7d32eef317e002853a776a147,1.0,0.0,2.0,3.0,3.0,3.0,0.0,0.0,0.0,0.0,0.0,0.0,3.0,0.0,2.0,0.0,0.0,0.0,0.0
3,8,0,1,0,0,3,11,A- a+ a- b+ A- a+ a- b+ A- a+ ,1.9967916319816368,2.249197907995409,23,59,80,70e1d4e118d076514296ccf0f2db8f71,ef0aa4d7d32eef317e002853a776a147,1.0,0.0,2.0,3.0,3.0,3.0,0.0,0.0,0.0,0.0,0.0,2.0,0.0,0.0,0.0,0.0,0.0,0.0,0.0
3,8,0,1,0,0,3,7,a+ A- a+ A- a+ A- a+ A- a+ A- ,1.0,2.0,17,51,76,70e1d4e118d076514296ccf0f2db8f71,ef0aa4d7d32eef317e002853a776a147,1.0,0.0,2.0,3.0,3.0,3.0,0.0,0.0,0.0,0.0,0.0,0.0,0.0,0.0,2.0,0.0,0.0,0.0,0.0
3,8,0,1,0,0,3,11,+A -a +b -a +b -a +b -a +b -a ,1.1766796675107107,2.0883398337553554,18,52,76,67d4c61d1d0b4878f2fe5d9b66186db9,ecf3823d5a4d59543a2935b66fbdec06,1.0,2.0,2.0,3.0,3.0,3.0,0.0,0.0,0.0,0.0,0.0,0.0,0.0,0.0,0.0,0.0,0.0,0.0,0.0
3,7,0,1,0,0,3,6,+A +a -a -B +A +a -a -B +A +a ,1.9967916319816368,2.2475937239862276,21,59,80,29a869da133108175da4079ed0493bfb,15d71bc25a214637752ef419151b1fd8,0.0,0.0,2.0,3.0,3.0,3.0,0.0,1.0,2.0,2.0,0.0,0.0,3.0,0.0,0.0,0.0,0.0,0.0,0.0
3,8,0,1,0,0,3,10,b- a- a+ a- a+ a- a+ a- a+ a- ,1.1766796675107107,1.6038169661500845,16,55,76,70e1d4e118d076514296ccf0f2db8f71,ef0aa4d7d32eef317e002853a776a147,1.0,0.0,2.0,3.0,3.0,3.0,0.0,0.0,0.0,0.0,2.0,0.0,3.0,0.0,0.0,0.0,0.0,0.0,0.0
3,8,0,1,0,0,3,9,+b -a -a +A +b -a -a +A +b -a ,1.4983958159908184,2.249197907995409,20,60,76,67d4c61d1d0b4878f2fe5d9b66186db9,ecf3823d5a4d59543a2935b66fbdec06,1.0,0.0,2.0,3.0,3.0,3.0,2.0,0.0,0.0,0.0,0.0,0.0,3.0,0.0,0.0,0.0,0.0,0.0,0.0
3,8,0,1,0,0,3,12,a- a- b- a+ b- a+ b- a+ b- a+ ,1.2866926683547546,1.9967916319816368,19,54,76,67d4c61d1d0b4878f2fe5d9b66186db9,f09452872f697d712d7d224467288261,1.0,0.0,2.0,3.0,3.0,3.0,0.0,0.0,0.0,0.0,0.0,0.0,0.0,0.0,2.0,0.0,0.0,0.0,0.0
3,8,0,1,0,0,3,10,b+ a- a- a+ a- a+ a- a+ a- a+ ,1.1766796675107107,1.6054211501592661,17,55,76,67d4c61d1d0b4878f2fe5d9b66186db9,f09452872f697d712d7d224467288261,1.0,0.0,2.0,3.0,3.0,3.0,0.0,0.0,0.0,0.0,2.0,0.0,0.0,0.0,0.0,0.0,0.0,0.0,0.0
3,8,0,1,0,0,3,13,a- a+ B+ b- a- a+ B+ b- a- a+ ,1.9967916319816368,2.231729149324152,22,58,80,67d4c61d1d0b4878f2fe5d9b66186db9,58f52404578285e9516d6c501d12d7d7,1.0,0.0,2.0,3.0,3.0,3.0,2.0,0.0,0.0,0.0,0.0,0.0,2.0,0.0,0.0,0.0,0.0,0.0,0.0
3,6,1,1,0,0,3,12,a+ a- A- a- A- a- A- a- A- a- ,1.1766796675107107,1.6038169661500845,18,52,76,662932ff81e505eb185ad1d8c53dcffc,a2733b7ff5e30b109a840b92200c7f61,0.0,0.0,2.0,3.0,3.0,3.0,0.0,0.0,0.0,0.0,0.0,0.0,0.0,0.0,0.0,0.0,0.0,0.0,0.0
3,8,0,1,0,0,3,15,a- a- B- a- B- a- B- a- B- a- ,0.9967916319816366,1.4983958159908184,17,52,72,67d4c61d1d0b4878f2fe5d9b66186db9,409ada3bfac14717c01a3243ae9aa9cf,1.0,0.0,2.0,3.0,3.0,3.0,0.0,0.0,0.0,0.0,0.0,0.0,0.0,0.0,2.0,0.0,0.0,0.0,0.0
3,8,0,1,0,0,3,12,B- A- B- A- B- A- B- A- B- A- ,1.0,1.5,17,52,72,f432d6b52c5184fc71c9b55f7e823cd0,13f2efed502683c45be6ed5e712775c8,1.0,0.0,2.0,3.0,3.0,3.0,0.0,0.0,0.0,0.0,0.0,0.0,2.0,0.0,0.0,2.0,0.0,0.0,0.0
3,7,0,1,0,0,3,9,B- a- a+ b+ B- a- a+ b+ B- a- ,1.9967916319816368,2.2475937239862276,21,59,76,8602be5804b85d2adab89d86f79bee51,56b5501e12e81a78f19aba015b23c587,2.0,0.0,1.0,2.0,2.0,2.0,0.0,0.0,0.0,0.0,0.0,0.0,2.0,2.0,0.0,0.0,0.0,0.0,3.0
3,7,0,1,0,0,3,9,+a +a -b -a -b -a -b -a -b -a ,1.2866926683547546,1.6750754835015291,20,55,76,354d427fb9d411b369ee627beb3fa648,cac3fb96898dcf70514d5839b1c3a89f,2.0,0.0,1.0,2.0,2.0,2.0,2.0,0.0,0.0,0.0,3.0,0.0,0.0,0.0,0.0,0.0,0.0,0.0,0.0
3,8,0,1,0,0,3,10,+a -a -b -A +a -a -b -A +a -a ,1.9967916319816368,2.1500495202947354,21,62,76,f432d6b52c5184fc71c9b55f7e823cd0,a290c37ce461b1258f0edd054a8e8940,1.0,0.0,2.0,3.0,3.0,3.0,0.0,0.0,0.0,0.0,0.0,0.0,3.0,0.0,0.0,0.0,0.0,0.0,2.0
3,8,0,1,0,0,3,10,B- a- a- A+ B- a- a- A+ B- a- ,1.4983958159908184,2.1410863817377597,19,58,76,67d4c61d1d0b4878f2fe5d9b66186db9,409ada3bfac14717c01a3243ae9aa9cf,1.0,0.0,2.0,3.0,3.0,3.0,0.0,0.0,0.0,0.0,2.0,0.0,3.0,0.0,0.0,0.0,0.0,0.0,0.0
3,7,0,1,0,0,3,5,A+ a+ a- B- A+ a+ a- B- A+ a+ ,1.9967916319816368,2.2475937239862276,21,59,76,8602be5804b85d2adab89d86f79bee51,6eb48c58965262c19d39cbec03fb0c3e,2.0,0.0,1.0,2.0,2.0,2.0,0.0,0.0,0.0,0.0,0.0,2.0,0.0,3.0,0.0,0.0,0.0,0.0,0.0
3,6,0,1,0,0,2,8,B- a- a- b+ B- a- a- b+ B- a- ,1.4983958159908184,2.1410863817377597,19,58,76,54fa2feddb71de03b1694c25151e51c1,fc8c27a0fbff303528a1d3e9812a683d,3.0,0.0,0.0,0.0,0.0,0.0,0.0,0.0,0.0,0.0,0.0,0.0,0.0,2.0,0.0,4.0,0.0,0.0,3.0
3,8,0,1,0,0,3,9,B+ a- a+ a- a+ a- a+ a- a+ a- ,1.1766796675107107,1.6054211501592661,17,53,76,f432d6b52c5184fc71c9b55f7e823cd0,13f2efed502683c45be6ed5e712775c8,1.0,0.0,2.0,3.0,3.0,3.0,0.0,0.0,0.0,0.0,2.0,0.0,0.0,0.0,0.0,0.0,0.0,0.0,0.0
3,8,0,1,0,0,3,9,-B -a -a +A -B -a -a +A -B -a ,1.4983958159908184,2.1410863817377597,20,57,76,70e1d4e118d076514296ccf0f2db8f71,2126aa829643dcfef46ff3db78f322a8,1.0,0.0,2.0,3.0,3.0,3.0,0.0,0.0,0.0,0.0,0.0,0.0,3.0,0.0,0.0,0.0,2.0,0.0,0.0
3,8,0,1,0,0,3,9,+a +a -B -A +a +a -B -A +a +a ,1.4634582986483033,2.23012496531497,23,57,76,67d4c61d1d0b4878f2fe5d9b66186db9,908ccf0f892726fb19d2fdbb5589e828,1.0,0.0,2.0,3.0,3.0,3.0,2.0,0.0,0.0,0.0,0.0,0.0,2.0,0.0,0.0,0.0,0.0,0.0,0.0
3,5,1,1,0,0,3,5,-a -a -A -B -a -a -A -B -a -a ,1.4634582986483033,1.7317291493241518,21,57,76,39751a061542377f4e2a0beb0c8309ac,49ff3d68b03970787bff12732c915d7d,1.0,2.0,1.0,2.0,2.0,2.0,0.0,0.0,0.0,0.0,0.0,0.0,2.0,0.0,0.0,0.0,0.0,0.0,0.0
3,7,0,1,0,0,3,10,-a +a -B +a -B +a -B +a -B +a ,1.1766796675107107,1.9983958159908184,18,51,76,a69d8d31196ad888a5bf41504c03de86,ef501e87758de11bd53cdf5f7d75d57b,0.0,0.0,2.0,3.0,3.0,3.0,0.0,1.0,2.0,2.0,0.0,0.0,2.0,0.0,0.0,0.0,0.0,0.0,0.0
3,8,0,1,0,0,3,14,-a -a +b -B -a -a +b -B -a -a ,1.4634582986483033,2.1236176230665023,23,59,76,67d4c61d1d0b4878f2fe5d9b66186db9,908ccf0f892726fb19d2fdbb5589e828,1.0,0.0,2.0,3.0,3.0,3.0,0.0,0.0,0.0,0.0,0.0,0.0,0.0,0.0,0.0,0.0,0.0,2.0,0.0
2,4,0,1,0,0,3,3,a B a B a B a B a B a B a B a ,1.0,1.0,15,46,72,a0f04cb1fe05325427f0abde84b62772,a8026c503882ac14c09a2344feaff085,0.0,0.0,1.0,2.0,2.0,2.0,0.0,1.0,2.0,2.0,0.0,0.0,0.0,0.0,0.0,0.0,0.0,0.0,0.0
3,7,0,1,0,0,3,9,+B +a -a -A +B +a -a -A +B +a ,1.9967916319816368,2.2475937239862276,21,59,80,0d71482cbe8c7fa4acf7b7bef52c580f,2de8f2eb13bdb957421b83ca32962397,0.0,0.0,2.0,3.0,3.0,3.0,0.0,1.0,2.0,2.0,0.0,0.0,3.0,0.0,0.0,0.0,0.0,0.0,0.0
2,3,1,1,0,0,3,6,A a a a a a a a a a a a a a a ,0.21084230031853213,0.21084230031853213,13,44,72,9fcb3d73ee1e16cda729e4f322944191,1dd3b54d5a6fe0db4b35988ae0c33d24,0.0,0.0,1.0,2.0,2.0,2.0,0.0,0.0,0.0,0.0,0.0,0.0,0.0,0.0,0.0,0.0,0.0,0.0,0.0
3,8,0,1,0,0,3,9,+a -a +A +b +a -a +A +b +a -a ,1.9967916319816368,2.1500495202947354,23,58,80,f432d6b52c5184fc71c9b55f7e823cd0,a290c37ce461b1258f0edd054a8e8940,1.0,0.0,2.0,3.0,3.0,3.0,0.0,0.0,0.0,0.0,0.0,2.0,0.0,0.0,0.0,0.0,0.0,0.0,0.0
3,7,0,1,0,0,3,6,+a -a -A +A +a -a -A +A +a -a ,1.9967916319816368,1.9983958159908184,20,59,76,29a869da133108175da4079ed0493bfb,15d71bc25a214637752ef419151b1fd8,0.0,0.0,2.0,3.0,3.0,3.0,0.0,1.0,2.0,2.0,0.0,0.0,0.0,0.0,0.0,0.0,0.0,0.0,0.0
3,8,0,1,0,0,3,13,+b -a -a -a -a -a -a -a -a -a ,0.21084230031853213,1.2108423003185322,15,48,72,67d4c61d1d0b4878f2fe5d9b66186db9,ecf3823d5a4d59543a2935b66fbdec06,1.0,0.0,2.0,3.0,3.0,3.0,0.0,0.0,0.0,0.0,0.0,0.0,0.0,0.0,0.0,0.0,0.0,0.0,2.0
3,8,0,1,0,0,3,11,+b -A +b -A +b -A +b -A +b -A ,1.0,2.0,17,51,76,67d4c61d1d0b4878f2fe5d9b66186db9,908ccf0f892726fb19d2fdbb5589e828,1.0,0.0,2.0,3.0,3.0,3.0,2.0,0.0,0.0,0.0,0.0,0.0,3.0,0.0,0.0,0.0,0.0,0.0,0.0
3,8,0,1,0,0,3,10,a- a- A- b+ a- a- A- b+ a- a- ,1.4634582986483033,2.1236176230665023,23,61,76,70e1d4e118d076514296ccf0f2db8f71,ef0aa4d7d32eef317e002853a776a147,1.0,2.0,2.0,3.0,3.0,3.0,0.0,0.0,0.0,0.0,0.0,0.0,3.0,0.0,0.0,0.0,0.0,0.0,0.0
3,7,0,1,0,0,3,5,+A -a +a +A +A -a +a +A +A -a ,1.4983958159908184,1.9183203709705836,21,59,80,5924bfe2c6b111489f74e1ac29154378,75366ee6e9b9066b0d9c0fb0bb6fb45f,2.0,2.0,1.0,2.0,2.0,2.0,3.0,0.0,0.0,0.0,0.0,0.0,0.0,0.0,0.0,0.0,0.0,0.0,0.0
2,5,0,1,0,0,3,6,a a b B a a b B a a b B a a b ,1.4634582986483033,1.4634582986483033,18,51,76,f9a5951d926c0a7f9c63e13cfa2fc5a5,36c18a5eadbddf5f5730a1298f7bfea3,1.0,0.0,1.0,2.0,2.0,2.0,2.0,0.0,0.0,0.0,0.0,0.0,2.0,0.0,0.0,0.0,0.0,0.0,0.0
3,8,0,1,0,0,3,11,-B -a -B -a -B -a -B -a -B -a ,1.0,1.5,17,50,76,70e1d4e118d076514296ccf0f2db8f71,2126aa829643dcfef46ff3db78f322a8,1.0,0.0,2.0,3.0,3.0,3.0,0.0,0.0,0.0,0.0,0.0,0.0,3.0,0.0,0.0,0.0,2.0,0.0,0.0
3,8,0,1,0,0,3,10,A+ B- A+ B- A+ B- A+ B- A+ B- ,1.0,2.0,17,51,76,67d4c61d1d0b4878f2fe5d9b66186db9,58f52404578285e9516d6c501d12d7d7,1.0,0.0,2.0,3.0,3.0,3.0,2.0,0.0,0.0,0.0,0.0,0.0,0.0,0.0,0.0,0.0,0.0,0.0,0.0
3,3,1,1,0,0,2,3,a- a+ A- A+ a- a+ A- A+ a- a+ ,1.9967916319816368,1.9983958159908184,23,59,80,e5e1553ad87d348796a02d9b68ef967e,4fffb97dc148fbf5ec1fb32d19d30fe6,1.0,0.0,0.0,0.0,0.0,0.0,0.0,1.0,2.0,2.0,0.0,0.0,0.0,2.0,0.0,0.0,0.0,0.0,0.0
3,8,0,1,0,0,3,9,+A +a -a +B +A +a -a +B +A +a ,1.9967916319816368,2.1410863817377597,23,58,80,70e1d4e118d076514296ccf0f2db8f71,2126aa829643dcfef46ff3db78f322a8,1.0,0.0,2.0,3.0,3.0,3.0,0.0,0.0,0.0,0.0,0.0,0.0,3.0,0.0,2.0,0.0,0.0,0.0,0.0
3,8,0,1,0,0,3,9,-B +a -A +a -A +a -A +a -A +a ,1.1766796675107107,2.0883398337553554,18,52,76,67d4c61d1d0b4878f2fe5d9b66186db9,ecf3823d5a4d59543a2935b66fbdec06,1.0,0.0,2.0,3.0,3.0,3.0,0.0,0.0,0.0,0.0,0.0,0.0,0.0,0.0,0.0,2.0,0.0,0.0,0.0
3,5,1,1,0,0,3,7,+a +a +A +b +a +a +A +b +a +a ,1.4634582986483033,1.7317291493241518,21,57,76,39751a061542377f4e2a0beb0c8309ac,49ff3d68b03970787bff12732c915d7d,1.0,2.0,1.0,2.0,2.0,2.0,0.0,0.0,0.0,0.0,0.0,0.0,0.0,0.0,0.0,0.0,0.0,0.0,0.0
3,8,0,1,0,0,3,12,b+ a- a+ a- a+ a- a+ a- a+ a- ,1.1766796675107107,1.6054211501592661,17,53,76,f432d6b52c5184fc71c9b55f7e823cd0,13f2efed502683c45be6ed5e712775c8,1.0,0.0,2.0,3.0,3.0,3.0,0.0,0.0,0.0,0.0,2.0,0.0,0.0,0.0,0.0,0.0,0.0,0.0,0.0
3,8,0,1,0,0,3,4,A+ a+ a+ B+ A+ a+ a+ B+ A+ a+ ,1.4983958159908184,1.7491979079954092,19,56,76,67d4c61d1d0b4878f2fe5d9b66186db9,409ada3bfac14717c01a3243ae9aa9cf,1.0,0.0,2.0,3.0,3.0,3.0,0.0,0.0,0.0,0.0,0.0,2.0,0.0,0.0,0.0,0.0,0.0,0.0,0.0
2,5,0,1,0,0,3,5,B a a A B a a A B a a A B a a ,1.4983958159908184,1.4983958159908184,17,53,72,f9a5951d926c0a7f9c63e13cfa2fc5a5,36c18a5eadbddf5f5730a1298f7bfea3,1.0,0.0,1.0,2.0,2.0,2.0,0.0,0.0,0.0,0.0,2.0,0.0,2.0,0.0,0.0,0.0,0.0,0.0,0.0
3,7,0,1,0,0,3,6,+B +a -A +a -A +a -A +a -A +a ,1.1766796675107107,2.0867356497461738,18,53,76,8602be5804b85d2adab89d86f79bee51,b695ff219c220584aa9cf87b94859adc,2.0,0.0,1.0,2.0,2.0,2.0,0.0,0.0,0.0,0.0,0.0,0.0,2.0,0.0,3.0,0.0,0.0,0.0,0.0
3,8,0,1,0,0,3,10,B+ a+ a+ B- B+ a+ a+ B- B+ a+ ,1.4983958159908184,1.8918884737423507,19,58,76,f432d6b52c5184fc71c9b55f7e823cd0,6973943555b3bb838d763876c93538fe,1.0,0.0,2.0,3.0,3.0,3.0,0.0,0.0,0.0,0.0,0.0,0.0,0.0,2.0,0.0,0.0,0.0,0.0,0.0
3,8,0,1,0,0,3,6,-a -a +B +A -a -a +B +A -a -a ,1.4634582986483033,2.23012496531497,23,57,76,70e1d4e118d076514296ccf0f2db8f71,2126aa829643dcfef46ff3db78f322a8,1.0,0.0,2.0,3.0,3.0,3.0,0.0,0.0,0.0,0.0,0.0,0.0,0.0,2.0,0.0,0.0,0.0,0.0,0.0
3,5,0,1,0,0,2,6,-b +a +b +a +b +a +b +a +b +a ,1.1766796675107107,1.6054211501592661,17,53,76,5323685a8e2551a5e5e394ca1993ba8a,906e09d9749897488e0adddf9cfecabc,2.0,0.0,0.0,0.0,0.0,0.0,0.0,1.0,2.0,2.0,0.0,0.0,0.0,2.0,0.0,0.0,0.0,3.0,0.0
3,8,0,1,0,0,3,10,B- a- B+ a- B+ a- B+ a- B+ a- ,1.1766796675107107,1.9983958159908184,18,51,76,f432d6b52c5184fc71c9b55f7e823cd0,13f2efed502683c45be6ed5e712775c8,1.0,0.0,2.0,3.0,3.0,3.0,0.0,0.0,0.0,0.0,0.0,0.0,2.0,0.0,0.0,2.0,0.0,0.0,0.0
3,7,0,1,0,0,3,10,+a -a +B -B +a -a +B -B +a -a ,1.9967916319816368,1.9983958159908184,23,57,80,29a869da133108175da4079ed0493bfb,b41a25f70a7cc5225b24f2ded9d132c1,0.0,0.0,2.0,3.0,3.0,3.0,0.0,1.0,2.0,2.0,0.0,0.0,3.0,0.0,0.0,0.0,0.0,0.0,0.0
3,5,1,1,0,0,3,6,a+ a+ A- A- a+ a+ A- A- a+ a+ ,0.9967916319816366,1.9967916319816368,20,57,76,39751a061542377f4e2a0beb0c8309ac,174977a4894a10749e1ea65add5ed8b2,1.0,0.0,1.0,2.0,2.0,2.0,2.0,0.0,0.0,0.0,0.0,0.0,2.0,0.0,0.0,0.0,0.0,0.0,0.0
3,8,0,1,0,0,3,10,+B -a +a +a +a +a +a +a +a +a ,0.420026001688088,1.210842300318532,17,49,76,67d4c61d1d0b4878f2fe5d9b66186db9,908ccf0f892726fb19d2fdbb5589e828,1.0,2.0,2.0,3.0,3.0,3.0,0.0,0.0,0.0,0.0,0.0,0.0,2.0,0.0,0.0,0.0,0.0,0.0,0.0
3,8,0,1,0,0,3,12,-a -a -B +B -a -a -B +B -a -a ,1.4634582986483033,1.890284289733169,21,57,76,67d4c61d1d0b4878f2fe5d9b66186db9,908ccf0f892726fb19d2fdbb5589e828,1.0,0.0,2.0,3.0,3.0,3.0,0.0,0.0,0.0,0.0,0.0,0.0,3.0,0.0,0.0,2.0,0.0,0.0,0.0
3,8,0,1,0,0,3,9,a+ a- A- B- a+ a- A- B- a+ a- ,1.9967916319816368,2.1500495202947354,23,59,80,67d4c61d1d0b4878f2fe5d9b66186db9,f09452872f697d712d7d224467288261,1.0,2.0,2.0,3.0,3.0,3.0,0.0,0.0,0.0,0.0,0.0,0.0,0.0,0.0,0.0,0.0,0.0,0.0,0.0
3,8,0,1,0,0,3,11,B- a- b- a- b- a- b- a- b- a- ,1.1766796675107107,1.5883398337553554,17,50,76,f432d6b52c5184fc71c9b55f7e823cd0,13f2efed502683c45be6ed5e712775c8,1.0,0.0,2.0,3.0,3.0,3.0,0.0,0.0,0.0,0.0,0.0,0.0,3.0,0.0,0.0,2.0,0.0,0.0,0.0
3,8,0,1,0,0,3,13,b- a- a- B- b- a- a- B- b- a- ,1.4983958159908184,1.7491979079954092,19,56,76,f432d6b52c5184fc71c9b55f7e823cd0,13f2efed502683c45be6ed5e712775c8,1.0,0.0,2.0,3.0,3.0,3.0,0.0,0.0,0.0,0.0,0.0,0.0,0.0,2.0,0.0,0.0,0.0,0.0,0.0
3,7,0,1,0,0,3,10,+a +B +a +B +a +B +a +B +a +B ,1.0,1.5,17,50,76,8602be5804b85d2adab89d86f79bee51,623510e51414f143cfb6b832d1d64741,2.0,0.0,1.0,2.0,2.0,2.0,2.0,0.0,0.0,0.0,0.0,0.0,0.0,0.0,3.0,0.0,0.0,0.0,0.0
3,8,0,1,0,0,3,10,+A -a -A -a -A -a -A -a -A -a ,1.1766796675107107,1.6054211501592661,17,53,76,70e1d4e118d076514296ccf0f2db8f71,2126aa829643dcfef46ff3db78f322a8,1.0,0.0,2.0,3.0,3.0,3.0,0.0,0.0,0.0,0.0,0.0,0.0,2.0,0.0,0.0,0.0,0.0,0.0,2.0
2,4,0,0,1,1,2,4,a A B b a A B b a A B b a A B ,1.9967916319816368,1.9967916319816368,19,55,76,121d08e8d3508f48216f1b69b3d23605,16d472255a36562c1444ec8867b922bf,2.0,0.0,0.0,0.0,0.0,0.0,3.0,0.0,0.0,0.0,0.0,0.0,0.0,2.0,0.0,0.0,0.0,0.0,0.0
3,8,0,1,0,0,3,9,+A -a -a +b +A -a -a +b +A -a ,1.4983958159908184,2.249197907995409,20,60,76,f432d6b52c5184fc71c9b55f7e823cd0,a290c37ce461b1258f0edd054a8e8940,1.0,0.0,2.0,3.0,3.0,3.0,2.0,0.0,0.0,0.0,0.0,0.0,3.0,0.0,0.0,0.0,0.0,0.0,0.0
3,7,0,1,0,0,3,10,B+ a- b- a- b- a- b- a- b- a- ,1.1766796675107107,1.6937609839146215,18,54,76,354d427fb9d411b369ee627beb3fa648,7004cbf22a948d158f842b87b127e3be,2.0,0.0,1.0,2.0,2.0,2.0,0.0,0.0,0.0,0.0,0.0,0.0,0.0,3.0,0.0,2.0,0.0,0.0,0.0
3,7,0,1,0,0,3,10,-b +a -a +B -b +a -a +B -b +a ,1.9967916319816368,2.249197907995409,23,61,80,a69d8d31196ad888a5bf41504c03de86,ef501e87758de11bd53cdf5f7d75d57b,0.0,0.0,2.0,3.0,3.0,3.0,0.0,1.0,2.0,2.0,0.0,0.0,0.0,0.0,0.0,0.0,0.0,0.0,0.0
3,8,0,1,0,0,3,8,-B +a +a -A -B +a +a -A -B +a ,1.4983958159908184,2.249197907995409,20,60,76,70e1d4e118d076514296ccf0f2db8f71,2126aa829643dcfef46ff3db78f322a8,1.0,0.0,2.0,3.0,3.0,3.0,0.0,0.0,0.0,0.0,0.0,0.0,0.0,2.0,0.0,0.0,0.0,0.0,0.0
3,8,0,1,0,0,3,10,b- a+ a- A+ b- a+ a- A+ b- a+ ,1.9967916319816368,2.249197907995409,23,59,80,67d4c61d1d0b4878f2fe5d9b66186db9,409ada3bfac14717c01a3243ae9aa9cf,1.0,0.0,2.0,3.0,3.0,3.0,0.0,0.0,0.0,0.0,2.0,0.0,3.0,0.0,0.0,0.0,0.0,0.0,0.0
3,8,0,1,0,0,3,6,+a +a +a +a +a +a +a +a +a +a ,0.0,1.0,14,46,72,67d4c61d1d0b4878f2fe5d9b66186db9,ecf3823d5a4d59543a2935b66fbdec06,1.0,2.0,2.0,3.0,3.0,3.0,0.0,0.0,0.0,0.0,0.0,0.0,3.0,0.0,0.0,0.0,0.0,0.0,0.0
3,8,0,1,0,0,3,9,-A +a +b +a +b +a +b +a +b +a ,1.1766796675107107,1.6937609839146215,18,52,76,f432d6b52c5184fc71c9b55f7e823cd0,a290c37ce461b1258f0edd054a8e8940,1.0,0.0,2.0,3.0,3.0,3.0,0.0,0.0,0.0,0.0,2.0,0.0,0.0,0.0,0.0,0.0,0.0,0.0,0.0
3,7,0,1,0,0,3,10,+a -a -B +b +a -a -B +b +a -a ,1.9967916319816368,2.231729149324152,21,59,76,a69d8d31196ad888a5bf41504c03de86,a07afa96e6b7bf1dccbfdaaab6b0f71d,0.0,0.0,2.0,3.0,3.0,3.0,0.0,1.0,2.0,2.0,0.0,0.0,2.0,0.0,0.0,0.0,0.0,0.0,0.0
3,5,1,1,0,0,3,7,+a +a +B +b +a +a +B +b +a +a ,1.4634582986483033,1.7317291493241518,21,57,76,39751a061542377f4e2a0beb0c8309ac,49ff3d68b03970787bff12732c915d7d,1.0,0.0,1.0,2.0,2.0,2.0,2.0,0.0,0.0,0.0,0.0,0.0,0.0,0.0,0.0,0.0,0.0,0.0,0.0
3,8,0,1,0,0,3,11,a- a- A+ B- a- a- A+ B- a- a- ,1.4634582986483033,2.1236176230665023,22,59,76,67d4c61d1d0b4878f2fe5d9b66186db9,409ada3bfac14717c01a3243ae9aa9cf,1.0,2.0,2.0,3.0,3.0,3.0,0.0,0.0,0.0,0.0,0.0,0.0,0.0,0.0,0.0,0.0,0.0,0.0,0.0
3,7,0,1,0,0,3,10,-a +a -b +a -b +a -b +a -b +a ,1.1766796675107107,1.9983958159908184,18,51,76,a69d8d31196ad888a5bf41504c03de86,ef501e87758de11bd53cdf5f7d75d57b,0.0,0.0,2.0,3.0,3.0,3.0,0.0,1.0,2.0,2.0,0.0,0.0,0.0,0.0,0.0,0.0,0.0,0.0,0.0
3,8,0,1,0,0,3,13,b- a- a+ A- b- a- a+ A- b- a- ,1.9967916319816368,2.1410863817377597,21,59,76,67d4c61d1d0b4878f2fe5d9b66186db9,58f52404578285e9516d6c501d12d7d7,1.0,0.0,2.0,3.0,3.0,3.0,0.0,0.0,0.0,0.0,2.0,0.0,0.0,0.0,0.0,0.0,0.0,0.0,0.0
3,4,1,1,0,0,3,6,-a -a -A -a -A -a -A -a -A -a ,0.9967916319816366,1.4983958159908184,16,52,72,b4f81c34f2a0b86b46478f06add8548b,74582db8c1108a8658deea285889133f,0.0,0.0,1.0,2.0,2.0,2.0,0.0,1.0,2.0,2.0,0.0,0.0,0.0,0.0,0.0,0.0,0.0,0.0,0.0
3,8,0,1,0,0,3,13,b- a+ a- b- b- a+ a- b- b- a+ ,1.4983958159908184,1.9183203709705836,21,56,76,f432d6b52c5184fc71c9b55f7e823cd0,13f2efed502683c45be6ed5e712775c8,1.0,0.0,2.0,3.0,3.0,3.0,0.0,0.0,0.0,0.0,0.0,0.0,0.0,2.0,0.0,0.0,0.0,0.0,0.0
3,8,0,1,0,0,3,10,a- a+ b+ A- a- a+ b+ A- a- a+ ,1.9967916319816368,2.231729149324152,22,58,80,67d4c61d1d0b4878f2fe5d9b66186db9,f09452872f697d712d7d224467288261,1.0,0.0,2.0,3.0,3.0,3.0,0.0,0.0,0.0,0.0,0.0,0.0,2.0,0.0,2.0,0.0,0.0,0.0,0.0
3,8,0,1,0,0,3,7,a+ a+ a+ a+ a+ a+ a+ a+ a+ a+ ,0.0,1.0,14,46,72,f432d6b52c5184fc71c9b55f7e823cd0,13f2efed502683c45be6ed5e712775c8,1.0,2.0,2.0,3.0,3.0,3.0,0.0,0.0,0.0,0.0,0.0,0.0,0.0,0.0,0.0,0.0,0.0,0.0,0.0
3,8,0,1,0,0,3,8,+A -a +a +B +A -a +a +B +A -a ,1.9967916319816368,2.167518278965993,21,57,80,f432d6b52c5184fc71c9b55f7e823cd0,a290c37ce461b1258f0edd054a8e8940,1.0,2.0,2.0,3.0,3.0,3.0,0.0,0.0,0.0,0.0,0.0,0.0,2.0,0.0,0.0,0.0,0.0,0.0,0.0
3,8,0,1,0,0,3,12,B- a- a- B- B- a- a- B- B- a- ,1.0,1.5,18,56,76,70e1d4e118d076514296ccf0f2db8f71,ef0aa4d7d32eef317e002853a776a147,1.0,0.0,2.0,3.0,3.0,3.0,0.0,0.0,0.0,0.0,0.0,0.0,0.0,2.0,0.0,0.0,0.0,0.0,0.0
3,8,0,1,0,0,3,10,a- a- b+ a+ b+ a+ b+ a+ b+ a+ ,1.2866926683547546,1.6750754835015291,21,57,76,70e1d4e118d076514296ccf0f2db8f71,ef0aa4d7d32eef317e002853a776a147,1.0,0.0,2.0,3.0,3.0,3.0,0.0,0.0,0.0,0.0,0.0,0.0,3.0,0.0,2.0,0.0,0.0,0.0,0.0
3,5,1,1,0,0,3,7,a+ a- A+ A- a+ a- A+ A- a+ a- ,1.9967916319816368,1.9983958159908184,23,59,80,39751a061542377f4e2a0beb0c8309ac,d760db760925304b569744a6cafdf2b7,1.0,0.0,1.0,2.0,2.0,2.0,0.0,0.0,0.0,0.0,0.0,0.0,0.0,2.0,0.0,0.0,0.0,0.0,0.0
3,8,0,1,0,0,3,13,+B -b +B -b +B -b +B -b +B -b ,1.0,2.0,17,51,76,67d4c61d1d0b4878f2fe5d9b66186db9,908ccf0f892726fb19d2fdbb5589e828,1.0,0.0,2.0,3.0,3.0,3.0,0.0,0.0,0.0,0.0,0.0,0.0,0.0,0.0,0.0,0.0,0.0,0.0,2.0
2,5,0,1,0,0,3,7,A a a b A a a b A a a b A a a ,1.4983958159908184,1.4983958159908184,17,53,72,f9a5951d926c0a7f9c63e13cfa2fc5a5,36c18a5eadbddf5f5730a1298f7bfea3,1.0,0.0,1.0,2.0,2.0,2.0,0.0,0.0,0.0,0.0,0.0,2.0,0.0,0.0,0.0,0.0,0.0,0.0,0.0
3,8,0,1,0,0,3,14,a- a- b- a- b- a- b- a- b- a- ,0.9967916319816366,1.4983958159908184,17,52,72,f432d6b52c5184fc71c9b55f7e823cd0,13f2efed502683c45be6ed5e712775c8,1.0,0.0,2.0,3.0,3.0,3.0,0.0,0.0,0.0,0.0,0.0,0.0,0.0,0.0,2.0,0.0,0.0,0.0,0.0
2,4,0,0,1,1,2,5,b B a b b B a b b B a b b B a ,1.4983958159908184,1.4983958159908184,18,49,76,121d08e8d3508f48216f1b69b3d23605,f7f25b2b45f737e4f217330e74c422ad,2.0,0.0,0.0,0.0,0.0,0.0,0.0,0.0,0.0,0.0,0.0,0.0,0.0,3.0,0.0,0.0,0.0,0.0,2.0
3,8,0,1,0,0,3,8,B- a+ a+ A+ B- a+ a+ A+ B- a+ ,1.4983958159908184,2.167518278965993,20,59,76,70e1d4e118d076514296ccf0f2db8f71,ef0aa4d7d32eef317e002853a776a147,1.0,0.0,2.0,3.0,3.0,3.0,0.0,0.0,0.0,0.0,2.0,0.0,3.0,0.0,0.0,0.0,0.0,0.0,0.0
2,4,0,0,1,1,2,2,b A A A A A A A A A A A A A A ,0.21084230031853213,0.21084230031853213,13,44,72,121d08e8d3508f48216f1b69b3d23605,edf057abe838e1a13c0db795ec9c0c41,2.0,3.0,0.0,0.0,0.0,0.0,0.0,0.0,0.0,0.0,2.0,0.0,0.0,0.0,0.0,0.0,0.0,0.0,0.0
3,7,0,1,0,0,3,10,-B +a -b +a -b +a -b +a -b +a ,1.1766796675107107,2.0883398337553554,18,52,76,29a869da133108175da4079ed0493bfb,b41a25f70a7cc5225b24f2ded9d132c1,0.0,0.0,2.0,3.0,3.0,3.0,0.0,1.0,2.0,2.0,0.0,0.0,3.0,0.0,0.0,0.0,0.0,0.0,0.0
3,8,0,1,0,0,3,9,B+ a- a- B- B+ a- a- B- B+ a- ,1.4983958159908184,1.9183203709705836,19,60,76,67d4c61d1d0b4878f2fe5d9b66186db9,4f3172f580a4b9d9873dda9a5ccccdb0,1.0,0.0,2.0,3.0,3.0,3.0,0.0,0.0,0.0,0.0,0.0,0.0,2.0,2.0,0.0,0.0,0.0,0.0,0.0
3,7,0,1,0,0,3,9,-a +a +B -a +B -a +B -a +B -a ,1.1766796675107107,1.9983958159908184,18,52,76,29a869da133108175da4079ed0493bfb,15d71bc25a214637752ef419151b1fd8,0.0,0.0,2.0,3.0,3.0,3.0,0.0,1.0,2.0,2.0,0.0,0.0,3.0,0.0,0.0,0.0,0.0,0.0,0.0
3,7,0,1,0,0,3,11,+B -a +a -b +B -a +a -b +B -a ,1.9967916319816368,2.249197907995409,23,61,80,29a869da133108175da4079ed0493bfb,b41a25f70a7cc5225b24f2ded9d132c1,0.0,0.0,2.0,3.0,3.0,3.0,0.0,1.0,2.0,2.0,0.0,0.0,0.0,0.0,0.0,0.0,0.0,0.0,0.0
3,7,0,1,0,0,3,10,A+ a- B- a- B- a- B- a- B- a- ,1.1766796675107107,1.6937609839146215,18,54,76,a69d8d31196ad888a5bf41504c03de86,8347048afff2ced5dbead71e332e12b1,0.0,0.0,2.0,3.0,3.0,3.0,0.0,1.0,2.0,2.0,0.0,0.0,0.0,0.0,0.0,0.0,0.0,0.0,0.0
3,5,1,1,0,0,3,5,+b +a +a -a +a -a +a -a +a -a ,1.1766796675107107,1.6038169661500845,17,53,76,39751a061542377f4e2a0beb0c8309ac,bab2e9859a241005b16bc2e150c7660c,1.0,0.0,1.0,2.0,2.0,2.0,0.0,0.0,0.0,0.0,0.0,2.0,2.0,0.0,0.0,0.0,0.0,0.0,0.0
3,7,0,1,0,0,3,7,-a +a -A -a -A -a -A -a -A -a ,1.1766796675107107,1.6038169661500845,20,53,76,5924bfe2c6b111489f74e1ac29154378,75366ee6e9b9066b0d9c0fb0bb6fb45f,2.0,0.0,1.0,2.0,2.0,2.0,0.0,0.0,0.0,0.0,0.0,0.0,0.0,0.0,0.0,0.0,2.0,3.0,0.0
3,7,0,1,0,0,3,7,B+ a+ a- b- B+ a+ a- b- B+ a+ ,1.9967916319816368,2.2475937239862276,21,59,76,8602be5804b85d2adab89d86f79bee51,a4b79b502211db650eccc15c7c46ad90,2.0,0.0,1.0,2.0,2.0,2.0,0.0,0.0,0.0,0.0,0.0,3.0,2.0,2.0,0.0,0.0,0.0,0.0,0.0
3,7,0,1,0,0,3,7,a+ a- b- A+ a+ a- b- A+ a+ a- ,1.9967916319816368,2.231729149324152,22,58,80,ee1baf1980e1a60b6b79de04d616f586,1ac4e3cbebaad2fc1f1e6c5273a1cae5,2.0,0.0,1.0,2.0,2.0,2.0,0.0,0.0,0.0,0.0,0.0,0.0,0.0,0.0,2.0,3.0,0.0,0.0,0.0
3,8,0,1,0,0,3,7,+A -a +a +a +a +a +a +a +a +a ,0.420026001688088,1.210842300318532,17,49,76,67d4c61d1d0b4878f2fe5d9b66186db9,908ccf0f892726fb19d2fdbb5589e828,1.0,2.0,2.0,3.0,3.0,3.0,0.0,0.0,0.0,0.0,0.0,0.0,3.0,0.0,0.0,0.0,0.0,0.0,0.0
3,8,0,1,0,0,3,12,a+ a+ B- b- a+ a+ B- b- a+ a+ ,1.4634582986483033,2.23012496531497,23,59,76,67d4c61d1d0b4878f2fe5d9b66186db9,f09452872f697d712d7d224467288261,1.0,0.0,2.0,3.0,3.0,3.0,2.0,0.0,0.0,0.0,0.0,0.0,3.0,0.0,0.0,0.0,0.0,0.0,0.0
3,8,0,1,0,0,3,9,+B -a +A -a +A -a +A -a +A -a ,1.1766796675107107,2.0883398337553554,18,52,76,67d4c61d1d0b4878f2fe5d9b66186db9,ecf3823d5a4d59543a2935b66fbdec06,1.0,2.0,2.0,3.0,3.0,3.0,0.0,0.0,0.0,0.0,0.0,0.0,0.0,0.0,0.0,0.0,0.0,0.0,0.0
3,7,0,1,0,0,3,11,-a +a -b +b -a +a -b +b -a +a ,1.9967916319816368,1.9983958159908184,23,57,80,a69d8d31196ad888a5bf41504c03de86,12a57c8bdaad7f967c06a4c5bea5a87f,0.0,0.0,2.0,3.0,3.0,3.0,0.0,1.0,2.0,2.0,0.0,0.0,2.0,0.0,0.0,0.0,0.0,0.0,0.0
2,4,0,0,1,1,2,3,B A b a A A b a A A b a A A b ,1.6433463341773775,1.6433463341773775,18,54,76,496b1d087247d9edf9bbdde67e7e4036,61d6630f8c1d2c2634f6585139102bf8,2.0,0.0,0.0,0.0,0.0,0.0,3.0,0.0,0.0,0.0,2.0,0.0,0.0,0.0,0.0,0.0,0.0,0.0,0.0
3,7,0,1,0,0,3,9,-b -a +A -a +A -a +A -a +A -a ,1.1766796675107107,2.0867356497461738,18,53,76,29a869da133108175da4079ed0493bfb,15d71bc25a214637752ef419151b1fd8,0.0,0.0,2.0,3.0,3.0,3.0,0.0,1.0,2.0,2.0,0.0,0.0,0.0,0.0,0.0,0.0,0.0,0.0,0.0
3,5,1,1,0,0,3,6,a- a- A+ a+ A+ a+ A+ a+ A+ a+ ,1.2866926683547546,1.6750754835015291,21,57,76,39751a061542377f4e2a0beb0c8309ac,d760db760925304b569744a6cafdf2b7,1.0,0.0,1.0,2.0,2.0,2.0,0.0,0.0,0.0,0.0,0.0,0.0,0.0,0.0,0.0,0.0,0.0,2.0,0.0
3,8,0,1,0,0,3,10,+B -a -a +b +B -a -a +b +B -a ,1.4983958159908184,2.249197907995409,20,60,76,67d4c61d1d0b4878f2fe5d9b66186db9,908ccf0f892726fb19d2fdbb5589e828,1.0,0.0,2.0,3.0,3.0,3.0,2.0,0.0,0.0,0.0,0.0,0.0,0.0,0.0,0.0,0.0,0.0,0.0,0.0
3,8,0,1,0,0,3,10,A- a- a+ b+ A- a- a+ b+ A- a- ,1.9967916319816368,2.2475937239862276,21,59,76,67d4c61d1d0b4878f2fe5d9b66186db9,4f3172f580a4b9d9873dda9a5ccccdb0,1.0,0.0,2.0,3.0,3.0,3.0,0.0,0.0,0.0,0.0,0.0,2.0,0.0,0.0,0.0,0.0,0.0,0.0,0.0
2,4,0,0,1,1,2,4,b a B B B B B B B B B B B B B ,0.420026001688088,0.420026001688088,15,46,72,496b1d087247d9edf9bbdde67e7e4036,01686c4e541ed1e7c4456d39132e65e0,2.0,3.0,0.0,0.0,0.0,0.0,0.0,0.0,0.0,0.0,0.0,0.0,0.0,0.0,0.0,2.0,0.0,0.0,0.0
3,8,0,1,0,0,3,9,+B -a -b -a -b -a -b -a -b -a ,1.1766796675107107,1.6937609839146215,18,52,76,67d4c61d1d0b4878f2fe5d9b66186db9,ecf3823d5a4d59543a2935b66fbdec06,1.0,0.0,2.0,3.0,3.0,3.0,0.0,0.0,0.0,0.0,0.0,0.0,0.0,0.0,0.0,0.0,0.0,0.0,2.0
3,8,0,1,0,0,3,8,b- a+ A- a+ A- a+ A- a+ A- a+ ,1.1766796675107107,2.0883398337553554,17,54,76,f432d6b52c5184fc71c9b55f7e823cd0,6973943555b3bb838d763876c93538fe,1.0,0.0,2.0,3.0,3.0,3.0,0.0,0.0,0.0,0.0,2.0,0.0,2.0,0.0,0.0,0.0,0.0,0.0,0.0
3,8,0,1,0,0,3,9,a+ a- b+ A- a+ a- b+ A- a+ a- ,1.9967916319816368,2.231729149324152,23,61,80,70e1d4e118d076514296ccf0f2db8f71,ef0aa4d7d32eef317e002853a776a147,1.0,0.0,2.0,3.0,3.0,3.0,0.0,0.0,0.0,0.0,0.0,0.0,0.0,0.0,2.0,0.0,0.0,0.0,0.0
2,4,0,0,1,1,2,3,b A A B A B A B A B A B A B A ,1.1766796675107107,1.1766796675107107,15,49,72,496b1d087247d9edf9bbdde67e7e4036,ade9418bd44b8471675bd2c5b9dbab89,2.0,3.0,0.0,0.0,0.0,0.0,0.0,0.0,0.0,0.0,0.0,0.0,0.0,2.0,0.0,0.0,0.0,0.0,0.0
3,7,0,1,0,0,3,10,-a -a +B -a +B -a +B -a +B -a ,0.9967916319816366,1.9967916319816368,18,52,76,5924bfe2c6b111489f74e1ac29154378,75366ee6e9b9066b0d9c0fb0bb6fb45f,2.0,0.0,1.0,2.0,2.0,2.0,0.0,0.0,0.0,0.0,0.0,0.0,2.0,0.0,0.0,0.0,0.0,3.0,0.0
3,7,0,1,0,0,3,9,+a -a +A -b +a -a +A -b +a -a ,1.9967916319816368,2.231729149324152,23,59,80,a69d8d31196ad888a5bf41504c03de86,12a57c8bdaad7f967c06a4c5bea5a87f,0.0,0.0,2.0,3.0,3.0,3.0,0.0,1.0,2.0,2.0,0.0,0.0,3.0,0.0,0.0,0.0,0.0,0.0,0.0
3,8,0,1,0,0,3,11,-a +a -b -A -a +a -b -A -a +a ,1.9967916319816368,2.1500495202947354,23,58,80,f432d6b52c5184fc71c9b55f7e823cd0,a290c37ce461b1258f0edd054a8e8940,1.0,0.0,2.0,3.0,3.0,3.0,0.0,0.0,0.0,0.0,0.0,0.0,0.0,0.0,0.0,0.0,2.0,0.0,0.0
3,8,0,1,0,0,3,10,-a -a -a -a -a -a -a -a -a -a ,0.0,1.0,14,46,72,67d4c61d1d0b4878f2fe5d9b66186db9,ecf3823d5a4d59543a2935b66fbdec06,1.0,0.0,2.0,3.0,3.0,3.0,0.0,0.0,0.0,0.0,0.0,0.0,0.0,0.0,0.0,2.0,0.0,0.0,0.0
3,8,0,1,0,0,3,9,+a +a -b +b +a +a -b +b +a +a ,1.4634582986483033,1.890284289733169,23,59,76,67d4c61d1d0b4878f2fe5d9b66186db9,908ccf0f892726fb19d2fdbb5589e828,1.0,0.0,2.0,3.0,3.0,3.0,0.0,0.0,0.0,0.0,0.0,0.0,3.0,0.0,2.0,0.0,0.0,0.0,0.0
3,8,0,1,0,0,3,7,+B -a +a +B +B -a +a +B +B -a ,1.4983958159908184,1.9183203709705836,21,59,80,70e1d4e118d076514296ccf0f2db8f71,2126aa829643dcfef46ff3db78f322a8,1.0,2.0,2.0,3.0,3.0,3.0,0.0,0.0,0.0,0.0,0.0,0.0,0.0,0.0,0.0,0.0,0.0,0.0,0.0
3,7,0,1,0,0,3,11,-A -a +a +b -A -a +a +b -A -a ,1.9967916319816368,2.2475937239862276,21,59,80,a69d8d31196ad888a5bf41504c03de86,a07afa96e6b7bf1dccbfdaaab6b0f71d,0.0,0.0,2.0,3.0,3.0,3.0,0.0,1.0,2.0,2.0,0.0,0.0,2.0,0.0,0.0,0.0,0.0,0.0,0.0
2,4,0,0,1,1,2,5,b B A a b B A a b B A a b B A ,1.9967916319816368,1.9967916319816368,19,55,76,121d08e8d3508f48216f1b69b3d23605,16d472255a36562c1444ec8867b922bf,2.0,0.0,0.0,0.0,0.0,0.0,0.0,0.0,0.0,0.0,0.0,0.0,0.0,3.0,0.0,0.0,0.0,0.0,2.0
2,4,0,0,1,1,2,3,A a a A B a a A B a a A B a a ,1.4983958159908184,1.4983958159908184,17,55,76,496b1d087247d9edf9bbdde67e7e4036,5ea80bfada2de4934702c834296b5368,2.0,0.0,0.0,0.0,0.0,0.0,3.0,0.0,0.0,0.0,0.0,0.0,0.0,0.0,2.0,0.0,0.0,0.0,0.0
3,8,0,1,0,0,3,10,-a +a -B -B -a +a -B -B -a +a ,1.53012496531497,1.916716186961402,19,56,76,67d4c61d1d0b4878f2fe5d9b66186db9,908ccf0f892726fb19d2fdbb5589e828,1.0,0.0,2.0,3.0,3.0,3.0,0.0,0.0,0.0,0.0,0.0,0.0,2.0,0.0,0.0,0.0,2.0,0.0,0.0
3,7,0,1,0,0,3,6,a+ a- b+ a+ b+ a+ b+ a+ b+ a+ ,1.1766796675107107,1.6038169661500845,19,54,76,354d427fb9d411b369ee627beb3fa648,7004cbf22a948d158f842b87b127e3be,2.0,0.0,1.0,2.0,2.0,2.0,0.0,0.0,0.0,0.0,0.0,0.0,0.0,0.0,2.0,3.0,0.0,0.0,0.0
3,8,0,1,0,0,3,9,+b +a +B +a +B +a +B +a +B +a ,1.1766796675107107,1.5883398337553554,18,52,76,67d4c61d1d0b4878f2fe5d9b66186db9,908ccf0f892726fb19d2fdbb5589e828,1.0,0.0,2.0,3.0,3.0,3.0,0.0,0.0,0.0,0.0,0.0,2.0,3.0,0.0,0.0,0.0,0.0,0.0,0.0
3,8,0,1,0,0,3,6,+A -a +B -a +B -a +B -a +B -a ,1.1766796675107107,2.0883398337553554,18,52,76,70e1d4e118d076514296ccf0f2db8f71,2126aa829643dcfef46ff3db78f322a8,1.0,2.0,2.0,3.0,3.0,3.0,0.0,0.0,0.0,0.0,0.0,0.0,0.0,0.0,0.0,0.0,0.0,0.0,0.0
3,8,0,1,0,0,3,11,-a -A -a -A -a -A -a -A -a -A ,1.0,1.5,17,50,76,67d4c61d1d0b4878f2fe5d9b66186db9,908ccf0f892726fb19d2fdbb5589e828,1.0,0.0,2.0,3.0,3.0,3.0,0.0,0.0,0.0,0.0,0.0,0.0,0.0,0.0,0.0,0.0,0.0,2.0,0.0
2,4,0,0,1,1,2,3,A a b A a A a A a A a A a A a ,1.1766796675107107,1.1766796675107107,18,49,76,121d08e8d3508f48216f1b69b3d23605,228b2f6b1d7606944b9d85412a6d8887,2.0,0.0,0.0,0.0,0.0,0.0,3.0,0.0,0.0,0.0,0.0,0.0,0.0,0.0,2.0,0.0,0.0,0.0,0.0
3,8,0,1,0,0,3,12,B- a+ a- a+ a- a+ a- a+ a- a+ ,1.1766796675107107,1.6054211501592661,17,53,76,67d4c61d1d0b4878f2fe5d9b66186db9,f09452872f697d712d7d224467288261,1.0,0.0,2.0,3.0,3.0,3.0,0.0,0.0,0.0,0.0,2.0,0.0,0.0,0.0,0.0,0.0,0.0,0.0,0.0
3,7,0,1,0,0,3,8,-B -a +a +A -B -a +a +A -B -a ,1.9967916319816368,2.2475937239862276,21,59,80,a69d8d31196ad888a5bf41504c03de86,a07afa96e6b7bf1dccbfdaaab6b0f71d,0.0,0.0,2.0,3.0,3.0,3.0,0.0,1.0,2.0,2.0,0.0,0.0,3.0,0.0,0.0,0.0,0.0,0.0,0.0
2,5,0,1,0,0,3,7,A a b a b a b a b a b a b a b ,1.1766796675107107,1.1766796675107107,15,49,72,f9a5951d926c0a7f9c63e13cfa2fc5a5,36c18a5eadbddf5f5730a1298f7bfea3,1.0,0.0,1.0,2.0,2.0,2.0,0.0,0.0,0.0,0.0,0.0,0.0,0.0,0.0,2.0,0.0,0.0,0.0,0.0
3,8,0,1,0,0,3,14,-b +a -a -b -b +a -a -b -b +a ,1.4983958159908184,1.9183203709705836,21,59,80,67d4c61d1d0b4878f2fe5d9b66186db9,ecf3823d5a4d59543a2935b66fbdec06,1.0,0.0,2.0,3.0,3.0,3.0,0.0,0.0,0.0,0.0,0.0,0.0,0.0,0.0,0.0,2.0,0.0,0.0,0.0
3,8,0,1,0,0,3,10,B+ a- a+ B- B+ a- a+ B- B+ a- ,1.9967916319816368,2.0,23,60,80,67d4c61d1d0b4878f2fe5d9b66186db9,f09452872f697d712d7d224467288261,1.0,0.0,2.0,3.0,3.0,3.0,0.0,0.0,0.0,0.0,0.0,0.0,3.0,2.0,0.0,0.0,0.0,0.0,0.0
2,4,0,0,1,1,2,3,b a B B A B A B A B A B A B A ,1.3499214199431195,1.3499214199431195,17,52,76,496b1d087247d9edf9bbdde67e7e4036,01686c4e541ed1e7c4456d39132e65e0,2.0,3.0,0.0,0.0,0.0,0.0,0.0,0.0,0.0,0.0,0.0,0.0,0.0,2.0,0.0,0.0,0.0,0.0,0.0
3,6,1,1,0,0,3,11,A- a- a- a+ a- a+ a- a+ a- a+ ,1.1766796675107107,1.6038169661500845,16,55,76,662932ff81e505eb185ad1d8c53dcffc,a2733b7ff5e30b109a840b92200c7f61,0.0,0.0,2.0,3.0,3.0,3.0,0.0,0.0,0.0,0.0,0.0,0.0,0.0,0.0,0.0,0.0,0.0,0.0,0.0
3,8,0,1,0,0,3,9,b- a- a+ A+ b- a- a+ A+ b- a- ,1.9967916319816368,2.2475937239862276,21,59,76,f432d6b52c5184fc71c9b55f7e823cd0,6973943555b3bb838d763876c93538fe,1.0,0.0,2.0,3.0,3.0,3.0,0.0,0.0,0.0,0.0,2.0,0.0,3.0,0.0,0.0,0.0,0.0,0.0,0.0
3,8,0,1,0,0,3,10,a+ a- B- a+ B- a+ B- a+ B- a+ ,1.1766796675107107,1.9983958159908184,21,53,80,67d4c61d1d0b4878f2fe5d9b66186db9,409ada3bfac14717c01a3243ae9aa9cf,1.0,0.0,2.0,3.0,3.0,3.0,0.0,0.0,0.0,0.0,0.0,0.0,2.0,0.0,2.0,0.0,0.0,0.0,0.0
3,8,0,1,0,0,3,8,b- a- A- a- A- a- A- a- A- a- ,1.1766796675107107,1.5883398337553554,17,50,76,67d4c61d1d0b4878f2fe5d9b66186db9,f09452872f697d712d7d224467288261,1.0,0.0,2.0,3.0,3.0,3.0,0.0,0.0,0.0,0.0,2.0,0.0,0.0,0.0,0.0,0.0,0.0,0.0,0.0
3,7,0,1,0,0,3,4,-B +a +A +a +A +a +A +a +A +a ,1.1766796675107107,1.6937609839146215,18,52,76,8602be5804b85d2adab89d86f79bee51,55828e75de19396428a7c1edde34bc7d,2.0,0.0,1.0,2.0,2.0,2.0,0.0,0.0,0.0,0.0,2.0,3.0,0.0,0.0,0.0,0.0,0.0,0.0,0.0
2,5,0,1,0,0,3,5,A b A b A b A b A b A b A b A ,1.0,1.0,15,46,72,f9a5951d926c0a7f9c63e13cfa2fc5a5,36c18a5eadbddf5f5730a1298f7bfea3,1.0,0.0,1.0,2.0,2.0,2.0,2.0,0.0,0.0,0.0,0.0,0.0,0.0,0.0,0.0,0.0,0.0,0.0,0.0
3,8,0,1,0,0,3,8,A- a+ B- a+ B- a+ B- a+ B- a+ ,1.1766796675107107,2.0883398337553554,17,54,76,67d4c61d1d0b4878f2fe5d9b66186db9,4f3172f580a4b9d9873dda9a5ccccdb0,1.0,0.0,2.0,3.0,3.0,3.0,0.0,0.0,0.0,0.0,0.0,0.0,0.0,0.0,2.0,0.0,0.0,0.0,0.0
3,8,0,1,0,0,3,10,b+ a- a- A+ b+ a- a- A+ b+ a- ,1.4983958159908184,2.249197907995409,20,57,76,67d4c61d1d0b4878f2fe5d9b66186db9,409ada3bfac14717c01a3243ae9aa9cf,1.0,0.0,2.0,3.0,3.0,3.0,0.0,0.0,0.0,0.0,2.0,0.0,3.0,0.0,0.0,0.0,0.0,0.0,0.0
3,8,0,1,0,0,3,9,a+ a- B- A+ a+ a- B- A+ a+ a- ,1.9967916319816368,2.231729149324152,22,58,80,67d4c61d1d0b4878f2fe5d9b66186db9,f09452872f697d712d7d224467288261,1.0,0.0,2.0,3.0,3.0,3.0,0.0,0.0,0.0,0.0,0.0,0.0,0.0,0.0,2.0,0.0,0.0,0.0,0.0
3,5,1,1,0,0,3,9,a- a- A+ A- a- a- A+ A- a- a- ,1.4634582986483033,1.890284289733169,22,58,76,199c16029d251ae74d64156116c679e0,fe24452c126a839004b104e45de88eae,1.0,0.0,1.0,2.0,2.0,2.0,0.0,0.0,0.0,0.0,0.0,0.0,0.0,2.0,0.0,0.0,0.0,0.0,0.0
3,8,0,1,0,0,3,8,+a -a +B +A +a -a +B +A +a -a ,1.9967916319816368,2.1500495202947354,23,58,80,67d4c61d1d0b4878f2fe5d9b66186db9,ecf3823d5a4d59543a2935b66fbdec06,1.0,0.0,2.0,3.0,3.0,3.0,0.0,0.0,0.0,0.0,0.0,2.0,2.0,0.0,0.0,0.0,0.0,0.0,0.0
3,8,0,1,0,0,3,7,+a +a +B -B +a +a +B -B +a +a ,1.4634582986483033,1.890284289733169,21,57,76,f432d6b52c5184fc71c9b55f7e823cd0,a290c37ce461b1258f0edd054a8e8940,1.0,2.0,2.0,3.0,3.0,3.0,0.0,0.0,0.0,0.0,0.0,0.0,0.0,0.0,0.0,0.0,0.0,0.0,0.0
3,8,0,1,0,0,3,11,a+ a+ B+ a+ B+ a+ B+ a+ B+ a+ ,0.9967916319816366,1.4983958159908184,17,52,72,f432d6b52c5184fc71c9b55f7e823cd0,13f2efed502683c45be6ed5e712775c8,1.0,0.0,2.0,3.0,3.0,3.0,0.0,0.0,0.0,0.0,0.0,0.0,0.0,0.0,2.0,0.0,0.0,0.0,0.0
2,3,0,0,1,1,2,3,a B B a a B B a a B B a a B B ,1.0,1.0,17,49,72,675edf7721ded81876429272f3a5a11a,9b49185c13f15934c4d74f3568b7a765,1.0,0.0,0.0,0.0,0.0,0.0,2.0,1.0,2.0,2.0,0.0,0.0,0.0,0.0,0.0,0.0,0.0,0.0,0.0
3,5,1,1,0,0,3,6,A+ a+ a+ A- A+ a+ a+ A- A+ a+ ,1.4983958159908184,1.8918884737423507,19,58,76,39751a061542377f4e2a0beb0c8309ac,174977a4894a10749e1ea65add5ed8b2,1.0,0.0,1.0,2.0,2.0,2.0,0.0,0.0,0.0,0.0,0.0,2.0,0.0,0.0,0.0,0.0,0.0,0.0,0.0
2,4,0,0,1,1,2,6,B a b B a b B a b B a b B a b ,1.584962500721156,1.584962500721156,17,51,76,496b1d087247d9edf9bbdde67e7e4036,aac6b17c8dae64a144f8c3ece1f7195d,2.0,0.0,0.0,0.0,0.0,0.0,0.0,0.0,0.0,0.0,0.0,0.0,0.0,0.0,0.0,3.0,0.0,0.0,2.0
3,5,0,1,0,0,3,7,-B -B -B -B -B -B -B -B -B -B ,0.0,1.0,14,46,72,4832515c83b505f7a727de644f7640b6,57142825c863e7e0969f53d8a08439d2,0.0,0.0,1.0,2.0,2.0,2.0,0.0,2.0,3.0,3.0,0.0,0.0,0.0,0.0,0.0,0.0,0.0,0.0,0.0
3,4,1,1,0,0,3,4,b+ a+ b- a+ b- a+ b- a+ b- a+ ,1.1766796675107107,1.9983958159908184,18,51,76,ec73a2da699dcbb5763647223300f024,5e20a4af3cdbe9c54bf460cfcafc9d33,0.0,0.0,1.0,2.0,2.0,2.0,0.0,1.0,2.0,2.0,0.0,0.0,0.0,0.0,0.0,0.0,0.0,0.0,0.0
3,6,0,1,0,0,3,8,-B -A -B -A -B -A -B -A -B -A ,1.0,1.5,17,50,76,3982e287b49ad5f44525c7867b50c1c0,7a3a47823dfd0e2f5c7103a398293ed4,1.0,0.0,1.0,2.0,2.0,2.0,0.0,1.0,2.0,2.0,0.0,0.0,2.0,0.0,0.0,2.0,0.0,0.0,0.0
3,8,0,1,0,0,3,9,+a +a -B +B +a +a -B +B +a +a ,1.4634582986483033,1.890284289733169,23,59,76,70e1d4e118d076514296ccf0f2db8f71,2126aa829643dcfef46ff3db78f322a8,1.0,0.0,2.0,3.0,3.0,3.0,0.0,0.0,0.0,0.0,0.0,0.0,0.0,0.0,2.0,0.0,0.0,0.0,0.0
3,8,0,1,0,0,3,11,a- a+ A+ B- a- a+ A+ B- a- a+ ,1.9967916319816368,2.231729149324152,22,58,80,67d4c61d1d0b4878f2fe5d9b66186db9,f09452872f697d712d7d224467288261,1.0,2.0,2.0,3.0,3.0,3.0,0.0,0.0,0.0,0.0,0.0,0.0,0.0,0.0,0.0,0.0,0.0,0.0,0.0
3,8,0,1,0,0,3,9,+a +a -B -B +a +a -B -B +a +a ,0.9967916319816366,1.9967916319816368,20,57,76,70e1d4e118d076514296ccf0f2db8f71,2126aa829643dcfef46ff3db78f322a8,1.0,0.0,2.0,3.0,3.0,3.0,2.0,0.0,0.0,0.0,0.0,0.0,3.0,0.0,0.0,0.0,0.0,0.0,0.0
2,5,0,1,0,0,3,9,B a a b B a a b B a a b B a a ,1.4983958159908184,1.4983958159908184,17,53,72,f9a5951d926c0a7f9c63e13cfa2fc5a5,36c18a5eadbddf5f5730a1298f7bfea3,1.0,0.0,1.0,2.0,2.0,2.0,0.0,0.0,0.0,0.0,0.0,0.0,0.0,2.0,0.0,0.0,0.0,0.0,0.0
3,6,0,1,0,0,3,6,-b -a +a +a +a +a +a +a +a +a ,0.420026001688088,1.2821008176699766,17,48,76,1bcf21a2780883d3b02c977c36ca3333,6c66231ad8d3b9707b607a63624389fd,1.0,0.0,1.0,2.0,2.0,2.0,0.0,1.0,2.0,2.0,0.0,0.0,0.0,0.0,0.0,0.0,0.0,0.0,2.0
3,8,0,1,0,0,3,11,+b -a -a +B +b -a -a +B +b -a ,1.4983958159908184,2.249197907995409,20,60,76,67d4c61d1d0b4878f2fe5d9b66186db9,908ccf0f892726fb19d2fdbb5589e828,1.0,0.0,2.0,3.0,3.0,3.0,2.0,0.0,0.0,0.0,0.0,0.0,3.0,0.0,0.0,0.0,0.0,0.0,0.0
2,4,0,0,1,1,2,5,B B b b B B b b B B b b B B b ,0.9967916319816366,0.9967916319816366,17,51,72,121d08e8d3508f48216f1b69b3d23605,7e45e470c59753f30911254558ac473a,2.0,0.0,0.0,0.0,0.0,0.0,3.0,0.0,0.0,0.0,0.0,0.0,0.0,0.0,0.0,0.0,0.0,2.0,0.0
3,8,0,1,0,0,3,9,+B +a -a +b +B +a -a +b +B +a ,1.9967916319816368,2.1410863817377597,23,58,80,70e1d4e118d076514296ccf0f2db8f71,2126aa829643dcfef46ff3db78f322a8,1.0,0.0,2.0,3.0,3.0,3.0,0.0,0.0,0.0,0.0,0.0,0.0,0.0,0.0,2.0,0.0,0.0,0.0,0.0
3,7,0,1,0,0,3,10,-b +a -a +b -b +a -a +b -b +a ,1.9967916319816368,2.0,23,59,80,a69d8d31196ad888a5bf41504c03de86,12a57c8bdaad7f967c06a4c5bea5a87f,0.0,0.0,2.0,3.0,3.0,3.0,0.0,1.0,2.0,2.0,0.0,0.0,2.0,0.0,0.0,0.0,0.0,0.0,0.0
3,6,0,1,0,0,3,6,A+ a+ b+ a+ b+ a+ b+ a+ b+ a+ ,1.1766796675107107,1.5883398337553554,17,50,76,36c77601d8a81bb1597a703bfb6eee79,e327733ebf9d829c8c27361150252397,1.0,0.0,1.0,2.0,2.0,2.0,0.0,1.0,2.0,2.0,0.0,0.0,0.0,0.0,0.0,0.0,0.0,0.0,2.0
2,5,0,1,0,0,3,7,b a a B b a a B b a a B b a a ,1.4983958159908184,1.4983958159908184,17,53,72,f9a5951d926c0a7f9c63e13cfa2fc5a5,36c18a5eadbddf5f5730a1298f7bfea3,1.0,0.0,1.0,2.0,2.0,2.0,0.0,0.0,0.0,0.0,0.0,0.0,0.0,2.0,0.0,0.0,0.0,0.0,0.0
3,7,0,1,0,0,3,8,+B +B +B +B +B +B +B +B +B +B ,0.0,1.0,14,46,72,a69d8d31196ad888a5bf41504c03de86,cd6687c4e6d0f5aec1a771b61f17342f,0.0,0.0,2.0,3.0,3.0,3.0,0.0,1.0,2.0,2.0,0.0,0.0,0.0,0.0,0.0,0.0,0.0,0.0,0.0
3,6,1,1,0,0,3,10,A+ a- a+ A- A+ a- a+ A- A+ a- ,1.9967916319816368,2.0,23,60,80,662932ff81e505eb185ad1d8c53dcffc,a29e28ae67e69a881a82f338272535b6,0.0,0.0,2.0,3.0,3.0,3.0,0.0,0.0,0.0,0.0,0.0,0.0,0.0,0.0,0.0,0.0,0.0,0.0,0.0
3,6,1,1,0,0,3,6,A+ a+ a+ a- a+ a- a+ a- a+ a- ,1.1766796675107107,1.6038169661500845,16,55,76,662932ff81e505eb185ad1d8c53dcffc,a2733b7ff5e30b109a840b92200c7f61,0.0,0.0,2.0,3.0,3.0,3.0,0.0,0.0,0.0,0.0,0.0,0.0,0.0,0.0,0.0,0.0,0.0,0.0,0.0
3,8,0,1,0,0,3,6,a+ a+ A+ B+ a+ a+ A+ B+ a+ a+ ,1.4634582986483033,1.7317291493241518,22,58,76,f432d6b52c5184fc71c9b55f7e823cd0,13f2efed502683c45be6ed5e712775c8,1.0,2.0,2.0,3.0,3.0,3.0,0.0,0.0,0.0,0.0,0.0,0.0,2.0,0.0,0.0,0.0,0.0,0.0,0.0
3,8,0,1,0,0,3,9,a+ a+ B+ b- a+ a+ B+ b- a+ a+ ,1.4634582986483033,2.1236176230665023,23,61,76,67d4c61d1d0b4878f2fe5d9b66186db9,409ada3bfac14717c01a3243ae9aa9cf,1.0,0.0,2.0,3.0,3.0,3.0,2.0,0.0,0.0,0.0,0.0,0.0,2.0,0.0,0.0,0.0,0.0,0.0,0.0
3,8,0,1,0,0,3,12,+a -a -b -B +a -a -b -B +a -a ,1.9967916319816368,2.1500495202947354,21,62,76,67d4c61d1d0b4878f2fe5d9b66186db9,ecf3823d5a4d59543a2935b66fbdec06,1.0,0.0,2.0,3.0,3.0,3.0,0.0,0.0,0.0,0.0,0.0,0.0,0.0,0.0,0.0,0.0,0.0,0.0,2.0
3,7,0,1,0,0,3,9,-a -a -b +A -a -a -b +A -a -a ,1.4634582986483033,2.1236176230665023,21,58,76,354d427fb9d411b369ee627beb3fa648,c1e08672324e417ad95912fa7e65c497,2.0,0.0,1.0,2.0,2.0,2.0,0.0,0.0,0.0,0.0,0.0,0.0,0.0,0.0,0.0,2.0,3.0,0.0,0.0
3,7,0,1,0,0,3,7,+a -a -a -a -a -a -a -a -a -a ,0.21084230031853213,1.1054211501592661,14,46,72,354d427fb9d411b369ee627beb3fa648,c1e08672324e417ad95912fa7e65c497,2.0,0.0,1.0,2.0,2.0,2.0,0.0,0.0,0.0,0.0,0.0,0.0,0.0,0.0,0.0,0.0,3.0,0.0,2.0
3,8,0,1,0,0,3,9,+A +a -a +a -a +a -a +a -a +a ,1.1766796675107107,1.6038169661500845,18,52,76,70e1d4e118d076514296ccf0f2db8f71,2126aa829643dcfef46ff3db78f322a8,1.0,0.0,2.0,3.0,3.0,3.0,0.0,0.0,0.0,0.0,0.0,0.0,0.0,0.0,2.0,0.0,0.0,0.0,0.0
3,8,0,1,0,0,3,10,-a -a +B +b -a -a +B +b -a -a ,1.4634582986483033,2.23012496531497,23,57,76,f432d6b52c5184fc71c9b55f7e823cd0,a290c37ce461b1258f0edd054a8e8940,1.0,0.0,2.0,3.0,3.0,3.0,0.0,0.0,0.0,0.0,0.0,0.0,0.0,2.0,0.0,0.0,0.0,0.0,0.0
3,6,0,1,0,0,3,5,-a +a -B +A -a +a -B +A -a +a ,1.9967916319816368,2.231729149324152,23,59,80,5d71e9185e80ce2301d96d174fb7199d,971ef60fc8b3430f68b52417cdaffd10,1.0,0.0,1.0,2.0,2.0,2.0,0.0,1.0,2.0,2.0,2.0,0.0,0.0,0.0,0.0,0.0,0.0,0.0,0.0
3,8,0,1,0,0,3,8,+A -a -a +A +A -a -a +A +A -a ,1.0,2.0,20,56,76,f432d6b52c5184fc71c9b55f7e823cd0,a290c37ce461b1258f0edd054a8e8940,1.0,0.0,2.0,3.0,3.0,3.0,2.0,0.0,0.0,0.0,0.0,0.0,3.0,0.0,0.0,0.0,0.0,0.0,0.0
3,8,0,1,0,0,3,7,A+ A+ A+ A+ A+ A+ A+ A+ A+ A+ ,0.0,1.0,14,46,72,f432d6b52c5184fc71c9b55f7e823cd0,13f2efed502683c45be6ed5e712775c8,1.0,0.0,2.0,3.0,3.0,3.0,0.0,0.0,0.0,0.0,0.0,0.0,0.0,0.0,2.0,0.0,0.0,0.0,0.0
2,4,0,0,1,1,2,4,A B b B b B b B b B b B b B b ,1.1766796675107107,1.1766796675107107,15,49,72,38a9a6ebc90a332c0dfe97945349a3da,57f8a68d4361fb8f3b29ad1bad590e75,2.0,0.0,0.0,0.0,0.0,0.0,0.0,0.0,0.0,0.0,0.0,0.0,0.0,0.0,3.0,0.0,0.0,0.0,2.0
3,8,0,1,0,0,3,12,a+ a+ b- B- a+ a+ b- B- a+ a+ ,1.4634582986483033,2.23012496531497,23,59,76,67d4c61d1d0b4878f2fe5d9b66186db9,f09452872f697d712d7d224467288261,1.0,0.0,2.0,3.0,3.0,3.0,2.0,0.0,0.0,0.0,0.0,0.0,2.0,0.0,0.0,0.0,0.0,0.0,0.0
3,6,1,1,0,0,3,8,A+ a+ a+ a+ a+ a+ a+ a+ a+ a+ ,0.21084230031853213,1.1054211501592661,14,46,72,662932ff81e505eb185ad1d8c53dcffc,a2733b7ff5e30b109a840b92200c7f61,0.0,0.0,2.0,3.0,3.0,3.0,0.0,0.0,0.0,0.0,0.0,0.0,0.0,0.0,0.0,0.0,0.0,0.0,0.0
3,7,0,1,0,0,3,8,B- a+ a- A+ B- a+ a- A+ B- a+ ,1.9967916319816368,2.249197907995409,23,59,80,354d427fb9d411b369ee627beb3fa648,335b01dd2ede32da1d3f2f23a245545b,2.0,0.0,1.0,2.0,2.0,2.0,3.0,0.0,0.0,0.0,2.0,0.0,0.0,0.0,0.0,0.0,0.0,0.0,0.0
3,8,0,1,0,0,3,12,a- a- B- A- a- a- B- A- a- a- ,1.4634582986483033,1.7317291493241518,22,58,76,70e1d4e118d076514296ccf0f2db8f71,ef0aa4d7d32eef317e002853a776a147,1.0,0.0,2.0,3.0,3.0,3.0,0.0,0.0,0.0,0.0,0.0,0.0,0.0,0.0,2.0,0.0,0.0,0.0,0.0
3,5,1,1,0,0,3,4,-b +a +a +a +a +a +a +a +a +a ,0.21084230031853213,1.2108423003185322,15,48,72,39751a061542377f4e2a0beb0c8309ac,bab2e9859a241005b16bc2e150c7660c,1.0,0.0,1.0,2.0,2.0,2.0,0.0,0.0,0.0,0.0,2.0,0.0,0.0,0.0,0.0,0.0,0.0,0.0,0.0
3,8,0,1,0,0,3,7,A+ a+ A+ a+ A+ a+ A+ a+ A+ a+ ,1.0,1.5,17,52,72,70e1d4e118d076514296ccf0f2db8f71,ef0aa4d7d32eef317e002853a776a147,1.0,0.0,2.0,3.0,3.0,3.0,0.0,0.0,0.0,0.0,0.0,2.0,3.0,0.0,0.0,0.0,0.0,0.0,0.0
3,8,0,1,0,0,3,12,+a -a +b +B +a -a +b +B +a -a ,1.9967916319816368,2.1500495202947354,23,58,80,67d4c61d1d0b4878f2fe5d9b66186db9,ecf3823d5a4d59543a2935b66fbdec06,1.0,0.0,2.0,3.0,3.0,3.0,0.0,0.0,0.0,0.0,0.0,2.0,0.0,0.0,0.0,0.0,0.0,0.0,0.0
3,8,0,1,0,0,3,11,-a -a +A -B -a -a +A -B -a -a ,1.4634582986483033,2.1236176230665023,23,59,76,70e1d4e118d076514296ccf0f2db8f71,2126aa829643dcfef46ff3db78f322a8,1.0,0.0,2.0,3.0,3.0,3.0,0.0,0.0,0.0,0.0,0.0,0.0,0.0,0.0,0.0,0.0,0.0,2.0,0.0
2,4,0,0,1,1,2,3,a B A a a B A a a B A a a B A ,1.4983958159908184,1.4983958159908184,18,49,76,496b1d087247d9edf9bbdde67e7e4036,61d6630f8c1d2c2634f6585139102bf8,2.0,0.0,0.0,0.0,0.0,0.0,0.0,0.0,0.0,0.0,0.0,2.0,0.0,3.0,0.0,0.0,0.0,0.0,0.0
3,8,0,1,0,0,3,11,b- a+ a- a- a- a- a- a- a- a- ,0.420026001688088,1.210842300318532,18,49,76,67d4c61d1d0b4878f2fe5d9b66186db9,58f52404578285e9516d6c501d12d7d7,1.0,0.0,2.0,3.0,3.0,3.0,0.0,0.0,0.0,0.0,2.0,0.0,0.0,0.0,0.0,0.0,0.0,0.0,0.0
3,8,0,1,0,0,3,10,a- a+ a+ a+ a+ a+ a+ a+ a+ a+ ,0.21084230031853213,1.1054211501592661,15,47,72,67d4c61d1d0b4878f2fe5d9b66186db9,409ada3bfac14717c01a3243ae9aa9cf,1.0,2.0,2.0,3.0,3.0,3.0,0.0,0.0,0.0,0.0,0.0,0.0,0.0,0.0,0.0,0.0,0.0,0.0,0.0
3,7,0,1,0,0,3,9,+B +a -a -b +B +a -a -b +B +a ,1.9967916319816368,2.2475937239862276,21,59,80,a69d8d31196ad888a5bf41504c03de86,cd6687c4e6d0f5aec1a771b61f17342f,0.0,0.0,2.0,3.0,3.0,3.0,0.0,1.0,2.0,2.0,0.0,0.0,0.0,0.0,0.0,0.0,0.0,0.0,0.0
3,8,0,1,0,0,3,10,a+ a- A+ b- a+ a- A+ b- a+ a- ,1.9967916319816368,2.231729149324152,23,61,80,f432d6b52c5184fc71c9b55f7e823cd0,6973943555b3bb838d763876c93538fe,1.0,2.0,2.0,3.0,3.0,3.0,0.0,0.0,0.0,0.0,0.0,0.0,2.0,0.0,0.0,0.0,0.0,0.0,0.0
3,8,0,1,0,0,3,8,+b +a +a -B +b +a +a -B +b +a ,1.4983958159908184,2.1410863817377597,20,57,76,67d4c61d1d0b4878f2fe5d9b66186db9,ecf3823d5a4d59543a2935b66fbdec06,1.0,0.0,2.0,3.0,3.0,3.0,0.0,0.0,0.0,0.0,0.0,2.0,2.0,0.0,0.0,0.0,0.0,0.0,0.0
3,7,0,1,0,0,3,9,-b -a +a +b -b -a +a +b -b -a ,1.9967916319816368,1.9983958159908184,20,59,80,0d71482cbe8c7fa4acf7b7bef52c580f,2de8f2eb13bdb957421b83ca32962397,0.0,0.0,2.0,3.0,3.0,3.0,0.0,1.0,2.0,2.0,0.0,0.0,3.0,0.0,0.0,0.0,0.0,0.0,0.0
3,8,0,1,0,0,3,10,-a +a +b +b -a +a +b +b -a +a ,1.53012496531497,1.916716186961402,19,60,76,67d4c61d1d0b4878f2fe5d9b66186db9,ecf3823d5a4d59543a2935b66fbdec06,1.0,0.0,2.0,3.0,3.0,3.0,0.0,0.0,0.0,0.0,2.0,0.0,2.0,0.0,0.0,0.0,0.0,0.0,0.0
3,8,0,1,0,0,3,10,b+ a- a+ A- b+ a- a+ A- b+ a- ,1.9967916319816368,2.249197907995409,23,59,80,67d4c61d1d0b4878f2fe5d9b66186db9,409ada3bfac14717c01a3243ae9aa9cf,1.0,0.0,2.0,3.0,3.0,3.0,0.0,0.0,0.0,0.0,2.0,0.0,0.0,0.0,0.0,0.0,0.0,0.0,0.0
3,5,1,1,0,0,3,8,a- a- A- a+ A- a+ A- a+ A- a+ ,1.2866926683547546,1.9967916319816368,19,54,76,39751a061542377f4e2a0beb0c8309ac,174977a4894a10749e1ea65add5ed8b2,1.0,0.0,1.0,2.0,2.0,2.0,0.0,0.0,0.0,0.0,0.0,0.0,0.0,0.0,0.0,2.0,0.0,0.0,0.0
3,7,0,1,0,0,3,7,-A +a +a -B -A +a +a -B -A +a ,1.4983958159908184,2.249197907995409,20,60,76,356fe86934723106ce0243a3ec08b603,7826985ad105ac56ff44c410992d0912,2.0,0.0,1.0,2.0,2.0,2.0,0.0,0.0,0.0,0.0,3.0,0.0,2.0,2.0,0.0,0.0,0.0,0.0,0.0
2,4,0,0,1,1,2,5,B B a a b a b a b a b a b a b ,1.2832547532764527,1.2832547532764527,17,51,76,121d08e8d3508f48216f1b69b3d23605,c6759bd27af42393f12bd5da489f3f43,2.0,0.0,0.0,0.0,0.0,0.0,0.0,0.0,0.0,0.0,0.0,0.0,0.0,2.0,0.0,3.0,0.0,0.0,0.0
2,4,0,0,1,1,2,3,a a B B A B A B A B A B A B A ,1.2832547532764527,1.2832547532764527,17,51,76,121d08e8d3508f48216f1b69b3d23605,228b2f6b1d7606944b9d85412a6d8887,2.0,0.0,0.0,0.0,0.0,0.0,2.0,0.0,0.0,0.0,0.0,3.0,0.0,0.0,0.0,0.0,0.0,0.0,0.0
3,8,0,1,0,0,3,10,+A +A +A +A +A +A +A +A +A +A ,0.0,1.0,14,46,72,70e1d4e118d076514296ccf0f2db8f71,2126aa829643dcfef46ff3db78f322a8,1.0,0.0,2.0,3.0,3.0,3.0,0.0,0.0,0.0,0.0,0.0,2.0,3.0,0.0,0.0,0.0,0.0,0.0,0.0
3,8,0,1,0,0,3,9,-A +a +B +a +B +a +B +a +B +a ,1.1766796675107107,1.6937609839146215,18,52,76,70e1d4e118d076514296ccf0f2db8f71,2126aa829643dcfef46ff3db78f322a8,1.0,0.0,2.0,3.0,3.0,3.0,0.0,0.0,0.0,0.0,2.0,0.0,0.0,0.0,0.0,0.0,0.0,0.0,0.0
3,8,0,1,0,0,3,11,B- a- a- a+ a- a+ a- a+ a- a+ ,1.1766796675107107,1.6038169661500845,16,55,76,70e1d4e118d076514296ccf0f2db8f71,ef0aa4d7d32eef317e002853a776a147,1.0,0.0,2.0,3.0,3.0,3.0,0.0,0.0,0.0,0.0,2.0,0.0,2.0,0.0,0.0,0.0,0.0,0.0,0.0
3,5,1,1,0,0,3,8,-b -a -a -b -b -a -a -b -b -a ,1.0,1.5,19,54,76,39751a061542377f4e2a0beb0c8309ac,49ff3d68b03970787bff12732c915d7d,1.0,0.0,1.0,2.0,2.0,2.0,0.0,0.0,0.0,0.0,0.0,0.0,0.0,2.0,0.0,0.0,0.0,0.0,0.0
2,4,0,0,1,1,2,4,b B A a A a A a A a A a A a A ,1.353359335021421,1.353359335021421,17,51,76,121d08e8d3508f48216f1b69b3d23605,a44004f0135284f4198201df580aa598,2.0,0.0,0.0,0.0,0.0,0.0,2.0,0.0,0.0,0.0,0.0,0.0,0.0,3.0,0.0,0.0,0.0,0.0,0.0
3,7,0,1,0,0,3,8,+a +b +a +b +a +b +a +b +a +b ,1.0,1.5,17,50,76,354d427fb9d411b369ee627beb3fa648,82a0e9ed98e8c1abcb3e08716b422dfc,2.0,0.0,1.0,2.0,2.0,2.0,0.0,0.0,0.0,0.0,0.0,0.0,2.0,0.0,2.0,0.0,0.0,0.0,3.0
3,7,0,1,0,0,3,10,-a +a +b -a +b -a +b -a +b -a ,1.1766796675107107,1.9983958159908184,18,52,76,29a869da133108175da4079ed0493bfb,15d71bc25a214637752ef419151b1fd8,0.0,0.0,2.0,3.0,3.0,3.0,0.0,1.0,2.0,2.0,0.0,0.0,2.0,0.0,0.0,0.0,0.0,0.0,0.0
3,8,0,1,0,0,3,11,b+ a+ a+ a+ a+ a+ a+ a+ a+ a+ ,0.21084230031853213,1.1054211501592661,14,46,72,67d4c61d1d0b4878f2fe5d9b66186db9,58f52404578285e9516d6c501d12d7d7,1.0,0.0,2.0,3.0,3.0,3.0,0.0,0.0,0.0,0.0,2.0,0.0,0.0,0.0,0.0,0.0,0.0,0.0,0.0
2,4,0,0,1,1,2,4,b B a B a B a B a B a B a B a ,1.1766796675107107,1.1766796675107107,15,49,72,121d08e8d3508f48216f1b69b3d23605,0ef02ffe8f934f9a69638af833e5d8ea,2.0,2.0,0.0,0.0,0.0,0.0,0.0,0.0,0.0,0.0,0.0,0.0,0.0,0.0,0.0,3.0,0.0,0.0,0.0
3,8,0,1,0,0,3,11,+b -a -a -B +b -a -a -B +b -a ,1.4983958159908184,2.167518278965993,19,59,76,67d4c61d1d0b4878f2fe5d9b66186db9,908ccf0f892726fb19d2fdbb5589e828,1.0,0.0,2.0,3.0,3.0,3.0,0.0,0.0,0.0,0.0,0.0,0.0,3.0,0.0,0.0,0.0,0.0,0.0,2.0
3,7,0,1,0,0,3,9,-b -a +a +A -b -a +a +A -b -a ,1.9967916319816368,2.2475937239862276,21,59,80,a69d8d31196ad888a5bf41504c03de86,a07afa96e6b7bf1dccbfdaaab6b0f71d,0.0,0.0,2.0,3.0,3.0,3.0,0.0,1.0,2.0,2.0,0.0,0.0,3.0,0.0,0.0,0.0,0.0,0.0,0.0
3,7,0,1,0,0,3,7,B+ B+ B+ B+ B+ B+ B+ B+ B+ B+ ,0.0,1.0,14,46,72,a69d8d31196ad888a5bf41504c03de86,8347048afff2ced5dbead71e332e12b1,0.0,0.0,2.0,3.0,3.0,3.0,0.0,1.0,2.0,2.0,0.0,0.0,0.0,0.0,0.0,0.0,0.0,0.0,0.0
3,7,0,1,0,0,3,9,+A +a -B +a -B +a -B +a -B +a ,1.1766796675107107,2.0867356497461738,18,53,76,0d71482cbe8c7fa4acf7b7bef52c580f,2de8f2eb13bdb957421b83ca32962397,0.0,0.0,2.0,3.0,3.0,3.0,0.0,1.0,2.0,2.0,0.0,0.0,0.0,0.0,0.0,0.0,0.0,0.0,0.0
3,6,0,1,0,0,3,8,+A +a -b +a -b +a -b +a -b +a ,1.1766796675107107,2.0867356497461738,18,53,76,6d82214e62e87c209e03ddbe34181279,1ba7284948f5ce4507046ee32c1f30bf,1.0,0.0,1.0,2.0,2.0,2.0,0.0,1.0,2.0,2.0,2.0,0.0,0.0,0.0,0.0,0.0,0.0,0.0,0.0
3,8,0,1,0,0,3,8,A+ a+ b- a+ b- a+ b- a+ b- a+ ,1.1766796675107107,2.0867356497461738,18,54,76,67d4c61d1d0b4878f2fe5d9b66186db9,409ada3bfac14717c01a3243ae9aa9cf,1.0,0.0,2.0,3.0,3.0,3.0,0.0,0.0,0.0,0.0,0.0,0.0,2.0,0.0,2.0,0.0,0.0,0.0,0.0
3,6,1,1,0,0,3,13,a- a- A- a- A- a- A- a- A- a- ,0.9967916319816366,1.4983958159908184,17,52,72,662932ff81e505eb185ad1d8c53dcffc,a2733b7ff5e30b109a840b92200c7f61,0.0,0.0,2.0,3.0,3.0,3.0,0.0,0.0,0.0,0.0,0.0,0.0,0.0,0.0,0.0,0.0,0.0,0.0,0.0
3,5,1,1,0,0,3,4,A+ a+ a- A+ A+ a+ a- A+ A+ a+ ,1.4983958159908184,1.8918884737423507,21,58,76,39751a061542377f4e2a0beb0c8309ac,d760db760925304b569744a6cafdf2b7,1.0,0.0,1.0,2.0,2.0,2.0,2.0,0.0,0.0,0.0,0.0,0.0,0.0,0.0,0.0,0.0,0.0,0.0,0.0
3,8,0,1,0,0,3,8,b+ a+ a- B- b+ a+ a- B- b+ a+ ,1.9967916319816368,2.2475937239862276,21,59,76,67d4c61d1d0b4878f2fe5d9b66186db9,58f52404578285e9516d6c501d12d7d7,1.0,0.0,2.0,3.0,3.0,3.0,0.0,0.0,0.0,0.0,0.0,0.0,0.0,2.0,0.0,0.0,0.0,0.0,0.0
3,7,0,1,0,0,3,10,+B -a -a -A +B -a -a -A +B -a ,1.4983958159908184,2.167518278965993,19,59,76,8602be5804b85d2adab89d86f79bee51,0ce9793da574c982908632606a7ee321,2.0,0.0,1.0,2.0,2.0,2.0,0.0,0.0,0.0,0.0,0.0,3.0,0.0,0.0,0.0,0.0,0.0,0.0,2.0
3,5,1,1,0,0,3,8,-a -a -b -a -b -a -b -a -b -a ,0.9967916319816366,1.4983958159908184,16,52,72,199c16029d251ae74d64156116c679e0,22ccaa7f573f8f74bcf022f7d4963140,1.0,0.0,1.0,2.0,2.0,2.0,0.0,0.0,0.0,0.0,0.0,0.0,0.0,0.0,2.0,0.0,0.0,0.0,0.0
3,8,0,1,0,0,3,10,a- a+ A- b- a- a+ A- b- a- a+ ,1.9967916319816368,2.1500495202947354,22,58,80,67d4c61d1d0b4878f2fe5d9b66186db9,409ada3bfac14717c01a3243ae9aa9cf,1.0,2.0,2.0,3.0,3.0,3.0,0.0,0.0,0.0,0.0,0.0,0.0,3.0,0.0,0.0,0.0,0.0,0.0,0.0
3,7,0,1,0,0,3,11,-b +a -a +a -a +a -a +a -a +a ,1.1766796675107107,1.6054211501592661,18,53,76,29a869da133108175da4079ed0493bfb,b41a25f70a7cc5225b24f2ded9d132c1,0.0,0.0,2.0,3.0,3.0,3.0,0.0,1.0,2.0,2.0,0.0,0.0,2.0,0.0,0.0,0.0,0.0,0.0,0.0
2,4,0,0,1,1,2,2,B A A A A A A A A A A A A A A ,0.21084230031853213,0.21084230031853213,13,44,72,496b1d087247d9edf9bbdde67e7e4036,61d075104dcc1ee1220a4b65f2483eba,2.0,2.0,0.0,0.0,0.0,0.0,0.0,0.0,0.0,0.0,0.0,3.0,0.0,0.0,0.0,0.0,0.0,0.0,0.0
3,8,0,1,0,0,3,11,+b +A +b +A +b +A +b +A +b +A ,1.0,1.5,17,50,76,70e1d4e118d076514296ccf0f2db8f71,2126aa829643dcfef46ff3db78f322a8,1.0,0.0,2.0,3.0,3.0,3.0,0.0,0.0,0.0,0.0,0.0,2.0,2.0,0.0,0.0,0.0,0.0,0.0,0.0
2,4,0,0,1,1,2,2,A B B B B B B B B B B B B B B ,0.21084230031853213,0.21084230031853213,13,44,72,496b1d087247d9edf9bbdde67e7e4036,73c8e7af141da8ba68749b93e011145d,2.0,0.0,0.0,0.0,0.0,0.0,0.0,0.0,0.0,0.0,2.0,3.0,0.0,0.0,0.0,0.0,0.0,0.0,0.0
3,8,0,1,0,0,3,13,b+ a- a+ b- b+ a- a+ b- b+ a- ,1.9967916319816368,2.0,23,60,80,67d4c61d1d0b4878f2fe5d9b66186db9,4f3172f580a4b9d9873dda9a5ccccdb0,1.0,0.0,2.0,3.0,3.0,3.0,0.0,0.0,0.0,0.0,0.0,0.0,3.0,2.0,0.0,0.0,0.0,0.0,0.0
3,8,0,1,0,0,3,9,+a +a -b -A +a +a -b -A +a +a ,1.4634582986483033,2.23012496531497,23,57,76,67d4c61d1d0b4878f2fe5d9b66186db9,908ccf0f892726fb19d2fdbb5589e828,1.0,0.0,2.0,3.0,3.0,3.0,2.0,0.0,0.0,0.0,0.0,0.0,3.0,0.0,0.0,0.0,0.0,0.0,0.0
3,7,0,1,0,0,3,10,-A -a +a -a +a -a +a -a +a -a ,1.1766796675107107,1.6038169661500845,18,52,76,354d427fb9d411b369ee627beb3fa648,cac3fb96898dcf70514d5839b1c3a89f,2.0,0.0,1.0,2.0,2.0,2.0,0.0,0.0,0.0,0.0,0.0,3.0,0.0,0.0,0.0,0.0,0.0,2.0,0.0
2,2,1,1,0,0,2,2,a a A A a a A A a a A A a a A ,0.9967916319816366,0.9967916319816366,17,51,72,505d50aed2f5cc5c34520bad515d5bb7,a5486ac4c956b104131502529e91bb1b,1.0,0.0,0.0,0.0,0.0,0.0,0.0,0.0,0.0,0.0,0.0,0.0,0.0,2.0,0.0,0.0,0.0,0.0,0.0
2,4,0,0,1,1,2,3,A B b a A B b a A B b a A B b ,1.9967916319816368,1.9967916319816368,19,55,76,496b1d087247d9edf9bbdde67e7e4036,566abbfa0bfd7ed82a80d2cf5c6ac2e0,2.0,0.0,0.0,0.0,0.0,0.0,3.0,0.0,0.0,0.0,2.0,0.0,0.0,0.0,0.0,0.0,0.0,0.0,0.0
3,8,0,1,0,0,3,10,a- a+ B- B+ a- a+ B- B+ a- a+ ,1.9967916319816368,1.9983958159908184,23,59,80,67d4c61d1d0b4878f2fe5d9b66186db9,409ada3bfac14717c01a3243ae9aa9cf,1.0,0.0,2.0,3.0,3.0,3.0,2.0,0.0,0.0,0.0,0.0,0.0,0.0,0.0,0.0,0.0,0.0,0.0,0.0
3,7,0,1,0,0,3,10,a- a- B- b+ a- a- B- b+ a- a- ,1.4634582986483033,2.1236176230665023,23,61,76,8602be5804b85d2adab89d86f79bee51,02527d1d3eea3de57d2f2ee30595cdd1,2.0,0.0,1.0,2.0,2.0,2.0,2.0,0.0,0.0,0.0,0.0,0.0,0.0,0.0,0.0,0.0,0.0,0.0,3.0
3,7,0,1,0,0,3,12,b+ a- b+ a- b+ a- b+ a- b+ a- ,1.0,2.0,17,51,76,a69d8d31196ad888a5bf41504c03de86,2db85d3d1e976a04c71c749bb7d00174,0.0,0.0,2.0,3.0,3.0,3.0,0.0,1.0,2.0,2.0,0.0,0.0,0.0,0.0,0.0,0.0,0.0,0.0,0.0
3,8,0,1,0,0,3,9,+a +a -A -b +a +a -A -b +a +a ,1.4634582986483033,2.23012496531497,23,57,76,67d4c61d1d0b4878f2fe5d9b66186db9,ecf3823d5a4d59543a2935b66fbdec06,1.0,0.0,2.0,3.0,3.0,3.0,2.0,0.0,0.0,0.0,0.0,0.0,3.0,0.0,0.0,0.0,0.0,0.0,0.0
3,8,0,1,0,0,3,11,-A +b -A +b -A +b -A +b -A +b ,1.0,2.0,17,51,76,70e1d4e118d076514296ccf0f2db8f71,2126aa829643dcfef46ff3db78f322a8,1.0,0.0,2.0,3.0,3.0,3.0,0.0,0.0,0.0,0.0,2.0,0.0,0.0,0.0,0.0,0.0,0.0,0.0,0.0
3,8,0,1,0,0,3,10,-b +a +a -B -b +a +a -B -b +a ,1.4983958159908184,2.249197907995409,20,60,76,67d4c61d1d0b4878f2fe5d9b66186db9,ecf3823d5a4d59543a2935b66fbdec06,1.0,0.0,2.0,3.0,3.0,3.0,0.0,0.0,0.0,0.0,0.0,0.0,0.0,2.0,0.0,0.0,0.0,0.0,0.0
3,8,0,1,0,0,3,10,B+ a+ a- B+ B+ a+ a- B+ B+ a+ ,1.4983958159908184,1.8918884737423507,21,58,76,f432d6b52c5184fc71c9b55f7e823cd0,6973943555b3bb838d763876c93538fe,1.0,0.0,2.0,3.0,3.0,3.0,0.0,0.0,0.0,0.0,0.0,0.0,3.0,2.0,0.0,0.0,0.0,0.0,0.0
3,7,0,1,0,0,3,12,-a +a +b -b -a +a +b -b -a +a ,1.9967916319816368,1.9983958159908184,20,59,76,0d71482cbe8c7fa4acf7b7bef52c580f,2de8f2eb13bdb957421b83ca32962397,0.0,0.0,2.0,3.0,3.0,3.0,0.0,1.0,2.0,2.0,0.0,0.0,0.0,0.0,0.0,0.0,0.0,0.0,0.0
3,7,0,1,0,0,3,8,b- a- a- a- a- a- a- a- a- a- ,0.21084230031853213,1.1054211501592661,14,46,72,356fe86934723106ce0243a3ec08b603,fc9bae68236e3eee4e6ca9b7ab577e3a,2.0,0.0,1.0,2.0,2.0,2.0,0.0,0.0,0.0,0.0,2.0,0.0,2.0,0.0,0.0,0.0,0.0,0.0,3.0
3,6,0,1,0,0,3,4,-a +a +A -A -a +a +A -A -a +a ,1.9967916319816368,1.9983958159908184,20,59,76,36c77601d8a81bb1597a703bfb6eee79,2ccb145307b45b06de1850192ff37cef,1.0,0.0,1.0,2.0,2.0,2.0,0.0,1.0,2.0,2.0,0.0,2.0,0.0,0.0,0.0,0.0,0.0,0.0,0.0
3,8,0,1,0,0,3,7,B- a+ A- a+ A- a+ A- a+ A- a+ ,1.1766796675107107,2.0883398337553554,17,54,76,f432d6b52c5184fc71c9b55f7e823cd0,6973943555b3bb838d763876c93538fe,1.0,0.0,2.0,3.0,3.0,3.0,0.0,0.0,0.0,0.0,2.0,0.0,0.0,0.0,0.0,0.0,0.0,0.0,0.0
3,8,0,1,0,0,3,8,-a +a +A +B -a +a +A +B -a +a ,1.9967916319816368,2.1500495202947354,21,62,76,70e1d4e118d076514296ccf0f2db8f71,2126aa829643dcfef46ff3db78f322a8,1.0,0.0,2.0,3.0,3.0,3.0,0.0,0.0,0.0,0.0,2.0,0.0,0.0,0.0,0.0,0.0,0.0,0.0,0.0
3,8,0,1,0,0,3,10,+a +a -B +b +a +a -B +b +a +a ,1.4634582986483033,2.1236176230665023,23,59,76,70e1d4e118d076514296ccf0f2db8f71,2126aa829643dcfef46ff3db78f322a8,1.0,0.0,2.0,3.0,3.0,3.0,0.0,0.0,0.0,0.0,0.0,0.0,2.0,0.0,2.0,0.0,0.0,0.0,0.0
2,4,0,0,1,1,2,5,a B B b a B B b a B B b a B B ,1.4983958159908184,1.4983958159908184,17,53,72,38a9a6ebc90a332c0dfe97945349a3da,57f8a68d4361fb8f3b29ad1bad590e75,2.0,0.0,0.0,0.0,0.0,0.0,0.0,0.0,0.0,0.0,0.0,0.0,0.0,3.0,0.0,0.0,0.0,0.0,2.0
2,4,0,0,1,1,2,3,a A A a b A A a b A A a b A A ,1.4983958159908184,1.4983958159908184,17,55,76,496b1d087247d9edf9bbdde67e7e4036,61d6630f8c1d2c2634f6585139102bf8,2.0,0.0,0.0,0.0,0.0,0.0,0.0,0.0,0.0,0.0,0.0,0.0,0.0,3.0,2.0,0.0,0.0,0.0,0.0
3,8,0,1,0,0,3,9,A+ a- a- b+ A+ a- a- b+ A+ a- ,1.4983958159908184,2.249197907995409,20,57,76,67d4c61d1d0b4878f2fe5d9b66186db9,409ada3bfac14717c01a3243ae9aa9cf,1.0,0.0,2.0,3.0,3.0,3.0,0.0,0.0,0.0,0.0,0.0,2.0,0.0,0.0,0.0,0.0,0.0,0.0,0.0
3,8,0,1,0,0,3,11,+B -a -a -a -a -a -a -a -a -a ,0.21084230031853213,1.2108423003185322,15,48,72,67d4c61d1d0b4878f2fe5d9b66186db9,908ccf0f892726fb19d2fdbb5589e828,1.0,0.0,2.0,3.0,3.0,3.0,0.0,0.0,0.0,0.0,0.0,0.0,3.0,0.0,0.0,0.0,0.0,0.0,2.0
3,8,0,1,0,0,3,11,-a -a -B +b -a -a -B +b -a -a ,1.4634582986483033,2.1236176230665023,21,58,76,70e1d4e118d076514296ccf0f2db8f71,2126aa829643dcfef46ff3db78f322a8,1.0,0.0,2.0,3.0,3.0,3.0,0.0,0.0,0.0,0.0,0.0,0.0,3.0,0.0,0.0,2.0,0.0,0.0,0.0
3,5,1,1,0,0,3,7,a- a- A+ A+ a- a- A+ A+ a- a- ,0.9967916319816366,1.9967916319816368,20,57,76,39751a061542377f4e2a0beb0c8309ac,174977a4894a10749e1ea65add5ed8b2,1.0,0.0,1.0,2.0,2.0,2.0,0.0,0.0,0.0,0.0,0.0,0.0,0.0,2.0,0.0,0.0,0.0,0.0,0.0
3,8,0,1,0,0,3,12,-a -a +b -A -a -a +b -A -a -a ,1.4634582986483033,2.1236176230665023,23,59,76,f432d6b52c5184fc71c9b55f7e823cd0,a290c37ce461b1258f0edd054a8e8940,1.0,0.0,2.0,3.0,3.0,3.0,0.0,0.0,0.0,0.0,0.0,0.0,3.0,0.0,0.0,0.0,0.0,2.0,0.0
3,8,0,1,0,0,3,8,+A -a +a +b +A -a +a +b +A -a ,1.9967916319816368,2.167518278965993,21,57,80,f432d6b52c5184fc71c9b55f7e823cd0,a290c37ce461b1258f0edd054a8e8940,1.0,2.0,2.0,3.0,3.0,3.0,0.0,0.0,0.0,0.0,0.0,0.0,3.0,0.0,0.0,0.0,0.0,0.0,0.0
3,8,0,1,0,0,3,7,A+ a+ a+ b- A+ a+ a+ b- A+ a+ ,1.4983958159908184,2.1410863817377597,19,58,76,70e1d4e118d076514296ccf0f2db8f71,ef0aa4d7d32eef317e002853a776a147,1.0,0.0,2.0,3.0,3.0,3.0,0.0,0.0,0.0,0.0,0.0,2.0,0.0,0.0,0.0,0.0,0.0,0.0,0.0
3,8,0,1,0,0,3,8,-B +a +a -B -B +a +a -B -B +a ,1.0,2.0,20,56,76,70e1d4e118d076514296ccf0f2db8f71,2126aa829643dcfef46ff3db78f322a8,1.0,0.0,2.0,3.0,3.0,3.0,0.0,0.0,0.0,0.0,0.0,0.0,0.0,2.0,0.0,0.0,0.0,0.0,0.0
3,7,0,1,0,0,3,7,B+ a- a+ B+ B+ a- a+ B+ B+ a- ,1.4983958159908184,1.9183203709705836,21,56,76,8602be5804b85d2adab89d86f79bee51,a4b79b502211db650eccc15c7c46ad90,2.0,3.0,1.0,2.0,2.0,2.0,0.0,0.0,0.0,0.0,0.0,0.0,2.0,2.0,0.0,0.0,0.0,0.0,0.0
2,4,0,0,1,1,2,5,b A B a b A B a b A B a b A B ,1.9967916319816368,1.9967916319816368,19,55,76,496b1d087247d9edf9bbdde67e7e4036,bcc2cf9ac7938733f730e8e36bb5fe37,2.0,0.0,0.0,0.0,0.0,0.0,0.0,0.0,0.0,0.0,0.0,0.0,0.0,3.0,0.0,2.0,0.0,0.0,0.0
3,5,1,1,0,0,3,8,a- a- A- A+ a- a- A- A+ a- a- ,1.4634582986483033,1.890284289733169,21,58,76,199c16029d251ae74d64156116c679e0,fe24452c126a839004b104e45de88eae,1.0,0.0,1.0,2.0,2.0,2.0,0.0,0.0,0.0,0.0,0.0,0.0,0.0,2.0,0.0,0.0,0.0,0.0,0.0
3,8,0,1,0,0,3,11,B+ a- a- b+ B+ a- a- b+ B+ a- ,1.4983958159908184,2.249197907995409,20,57,76,67d4c61d1d0b4878f2fe5d9b66186db9,409ada3bfac14717c01a3243ae9aa9cf,1.0,0.0,2.0,3.0,3.0,3.0,0.0,0.0,0.0,0.0,0.0,0.0,2.0,2.0,0.0,0.0,0.0,0.0,0.0
3,8,0,1,0,0,3,8,-a -a +a -a +a -a +a -a +a -a ,0.9967916319816366,1.4983958159908184,17,52,72,67d4c61d1d0b4878f2fe5d9b66186db9,ecf3823d5a4d59543a2935b66fbdec06,1.0,0.0,2.0,3.0,3.0,3.0,0.0,0.0,0.0,0.0,0.0,0.0,0.0,2.0,0.0,0.0,0.0,0.0,0.0
3,8,0,1,0,0,3,10,B- a+ a- B- B- a+ a- B- B- a+ ,1.4983958159908184,1.9183203709705836,21,56,76,67d4c61d1d0b4878f2fe5d9b66186db9,409ada3bfac14717c01a3243ae9aa9cf,1.0,0.0,2.0,3.0,3.0,3.0,0.0,0.0,0.0,0.0,0.0,0.0,3.0,2.0,0.0,0.0,0.0,0.0,0.0
3,8,0,1,0,0,3,10,+B -a -a +a -a +a -a +a -a +a ,1.1766796675107107,1.6054211501592661,17,56,76,70e1d4e118d076514296ccf0f2db8f71,2126aa829643dcfef46ff3db78f322a8,1.0,0.0,2.0,3.0,3.0,3.0,2.0,0.0,0.0,0.0,0.0,0.0,0.0,0.0,0.0,0.0,0.0,0.0,0.0
3,8,0,1,0,0,3,16,+b -b +b -b +b -b +b -b +b -b ,1.0,1.5,17,52,72,67d4c61d1d0b4878f2fe5d9b66186db9,908ccf0f892726fb19d2fdbb5589e828,1.0,0.0,2.0,3.0,3.0,3.0,0.0,0.0,0.0,0.0,0.0,0.0,0.0,0.0,0.0,0.0,0.0,0.0,2.0
3,8,0,1,0,0,3,12,-a +a -B -a -B -a -B -a -B -a ,1.1766796675107107,1.6038169661500845,20,53,76,f432d6b52c5184fc71c9b55f7e823cd0,a290c37ce461b1258f0edd054a8e8940,1.0,0.0,2.0,3.0,3.0,3.0,0.0,0.0,0.0,0.0,0.0,0.0,0.0,0.0,0.0,0.0,2.0,0.0,0.0
3,8,0,1,0,0,3,12,-B -a +a -b -B -a +a -b -B -a ,1.9967916319816368,2.1410863817377597,23,58,80,70e1d4e118d076514296ccf0f2db8f71,2126aa829643dcfef46ff3db78f322a8,1.0,0.0,2.0,3.0,3.0,3.0,0.0,0.0,0.0,0.0,0.0,0.0,0.0,0.0,0.0,0.0,0.0,2.0,0.0
3,7,0,1,0,0,3,12,+b -a +a -b +b -a +a -b +b -a ,1.9967916319816368,2.0,23,59,80,29a869da133108175da4079ed0493bfb,b41a25f70a7cc5225b24f2ded9d132c1,0.0,0.0,2.0,3.0,3.0,3.0,0.0,1.0,2.0,2.0,0.0,0.0,2.0,0.0,0.0,0.0,0.0,0.0,0.0
3,8,0,1,0,0,3,9,a+ a+ b+ B- a+ a+ b+ B- a+ a+ ,1.4634582986483033,2.1236176230665023,23,61,76,67d4c61d1d0b4878f2fe5d9b66186db9,58f52404578285e9516d6c501d12d7d7,1.0,0.0,2.0,3.0,3.0,3.0,2.0,0.0,0.0,0.0,0.0,0.0,3.0,0.0,0.0,0.0,0.0,0.0,0.0
2,5,0,1,0,0,3,5,b a a A b a a A b a a A b a a ,1.4983958159908184,1.4983958159908184,17,53,72,f9a5951d926c0a7f9c63e13cfa2fc5a5,36c18a5eadbddf5f5730a1298f7bfea3,1.0,0.0,1.0,2.0,2.0,2.0,0.0,0.0,0.0,0.0,2.0,0.0,2.0,0.0,0.0,0.0,0.0,0.0,0.0
3,7,0,1,0,0,3,8,a+ a+ b+ A+ a+ a+ b+ A+ a+ a+ ,1.4634582986483033,1.7317291493241518,22,58,76,73f66af22f74a9f46ba51c3f68ffb910,157faf34a61751d8dd2697a48487e501,2.0,0.0,1.0,2.0,2.0,2.0,0.0,0.0,0.0,0.0,0.0,0.0,0.0,0.0,3.0,0.0,0.0,0.0,0.0
2,4,0,0,1,1,2,4,b A a A a A a A a A a A a A a ,1.1766796675107107,1.1766796675107107,15,49,72,496b1d087247d9edf9bbdde67e7e4036,7cff647862f427c1177c87d5b1b8fd7a,2.0,0.0,0.0,0.0,0.0,0.0,0.0,0.0,0.0,0.0,0.0,0.0,0.0,3.0,0.0,0.0,0.0,0.0,0.0
3,8,0,1,0,0,3,12,-a -a -b +b -a -a -b +b -a -a ,1.4634582986483033,1.890284289733169,21,57,76,70e1d4e118d076514296ccf0f2db8f71,2126aa829643dcfef46ff3db78f322a8,1.0,0.0,2.0,3.0,3.0,3.0,0.0,0.0,0.0,0.0,0.0,0.0,0.0,0.0,0.0,2.0,0.0,0.0,0.0
2,4,0,0,1,1,2,3,A B a a A B a a A B a a A B a ,1.53012496531497,1.53012496531497,17,52,76,496b1d087247d9edf9bbdde67e7e4036,61d6630f8c1d2c2634f6585139102bf8,2.0,2.0,0.0,0.0,0.0,0.0,3.0,0.0,0.0,0.0,0.0,0.0,0.0,0.0,0.0,0.0,0.0,0.0,0.0
3,8,0,1,0,0,3,12,a+ a- b+ b- a+ a- b+ b- a+ a- ,1.9967916319816368,1.9983958159908184,23,59,80,f432d6b52c5184fc71c9b55f7e823cd0,6973943555b3bb838d763876c93538fe,1.0,0.0,2.0,3.0,3.0,3.0,2.0,0.0,0.0,0.0,0.0,0.0,0.0,0.0,0.0,0.0,0.0,0.0,0.0
3,8,0,1,0,0,3,12,a- a+ b- b- a- a+ b- b- a- a+ ,1.53012496531497,1.916716186961402,20,59,76,f432d6b52c5184fc71c9b55f7e823cd0,13f2efed502683c45be6ed5e712775c8,1.0,0.0,2.0,3.0,3.0,3.0,2.0,0.0,0.0,0.0,0.0,0.0,0.0,0.0,0.0,0.0,0.0,0.0,0.0
3,8,0,1,0,0,3,9,b+ a+ a+ b+ b+ a+ a+ b+ b+ a+ ,1.0,1.5,18,56,76,67d4c61d1d0b4878f2fe5d9b66186db9,4f3172f580a4b9d9873dda9a5ccccdb0,1.0,0.0,2.0,3.0,3.0,3.0,0.0,0.0,0.0,0.0,0.0,0.0,2.0,2.0,0.0,0.0,0.0,0.0,0.0
3,8,0,1,0,0,3,12,A- a+ a- b- A- a+ a- b- A- a+ ,1.9967916319816368,2.167518278965993,23,59,80,f432d6b52c5184fc71c9b55f7e823cd0,13f2efed502683c45be6ed5e712775c8,1.0,0.0,2.0,3.0,3.0,3.0,0.0,0.0,0.0,0.0,0.0,2.0,0.0,0.0,0.0,0.0,0.0,0.0,0.0
3,8,0,1,0,0,3,12,-a -a -A +A -a -a -A +A -a -a ,1.4634582986483033,1.890284289733169,21,57,76,70e1d4e118d076514296ccf0f2db8f71,2126aa829643dcfef46ff3db78f322a8,1.0,0.0,2.0,3.0,3.0,3.0,0.0,0.0,0.0,0.0,0.0,0.0,2.0,0.0,0.0,2.0,0.0,0.0,0.0
3,8,0,1,0,0,3,8,a+ a- B+ A+ a+ a- B+ A+ a+ a- ,1.9967916319816368,2.1500495202947354,22,58,80,67d4c61d1d0b4878f2fe5d9b66186db9,f09452872f697d712d7d224467288261,1.0,0.0,2.0,3.0,3.0,3.0,0.0,0.0,0.0,0.0,0.0,0.0,2.0,0.0,2.0,0.0,0.0,0.0,0.0
3,5,1,1,0,0,3,7,a+ a+ A+ a- A+ a- A+ a- A+ a- ,1.2866926683547546,1.9967916319816368,19,54,76,39751a061542377f4e2a0beb0c8309ac,d760db760925304b569744a6cafdf2b7,1.0,0.0,1.0,2.0,2.0,2.0,0.0,0.0,0.0,0.0,0.0,0.0,2.0,0.0,0.0,0.0,0.0,2.0,0.0
3,8,0,1,0,0,3,8,b+ a- A- a- A- a- A- a- A- a- ,1.1766796675107107,1.6937609839146215,18,54,76,67d4c61d1d0b4878f2fe5d9b66186db9,4f3172f580a4b9d9873dda9a5ccccdb0,1.0,0.0,2.0,3.0,3.0,3.0,0.0,0.0,0.0,0.0,2.0,0.0,2.0,0.0,0.0,0.0,0.0,0.0,0.0
3,8,0,1,0,0,3,10,+A -a -a +a -a +a -a +a -a +a ,1.1766796675107107,1.6054211501592661,17,56,76,f432d6b52c5184fc71c9b55f7e823cd0,a290c37ce461b1258f0edd054a8e8940,1.0,0.0,2.0,3.0,3.0,3.0,2.0,0.0,0.0,0.0,0.0,0.0,0.0,0.0,0.0,0.0,0.0,0.0,0.0
2,5,0,1,0,0,3,8,B a b a b a b a b a b a b a b ,1.1766796675107107,1.1766796675107107,15,49,72,f9a5951d926c0a7f9c63e13cfa2fc5a5,36c18a5eadbddf5f5730a1298f7bfea3,1.0,0.0,1.0,2.0,2.0,2.0,0.0,0.0,0.0,0.0,0.0,0.0,0.0,0.0,0.0,2.0,0.0,0.0,0.0
2,4,0,0,1,1,2,3,B A a a A A a a A A a a A A a ,1.1766796675107107,1.1766796675107107,17,51,76,496b1d087247d9edf9bbdde67e7e4036,566abbfa0bfd7ed82a80d2cf5c6ac2e0,2.0,2.0,0.0,0.0,0.0,0.0,3.0,0.0,0.0,0.0,0.0,0.0,0.0,0.0,0.0,0.0,0.0,0.0,0.0
3,2,2,1,0,0,2,2,+b +a +a +b +b +a +a +b +b +a ,1.0,1.5,19,54,76,94d4df4aee36fe2e079d1da2859120a1,5d66b4611ebce7c3f75631b0c436f531,1.0,0.0,0.0,0.0,0.0,0.0,0.0,0.0,0.0,0.0,0.0,0.0,0.0,2.0,0.0,0.0,0.0,0.0,0.0
3,8,0,1,0,0,3,7,b+ a+ a+ A+ b+ a+ a+ A+ b+ a+ ,1.4983958159908184,1.7491979079954092,19,56,76,67d4c61d1d0b4878f2fe5d9b66186db9,409ada3bfac14717c01a3243ae9aa9cf,1.0,0.0,2.0,3.0,3.0,3.0,0.0,0.0,0.0,0.0,2.0,0.0,0.0,0.0,0.0,0.0,0.0,0.0,0.0
3,8,0,1,0,0,3,10,-b +a -a -A -b +a -a -A -b +a ,1.9967916319816368,2.167518278965993,21,57,80,70e1d4e118d076514296ccf0f2db8f71,2126aa829643dcfef46ff3db78f322a8,1.0,0.0,2.0,3.0,3.0,3.0,0.0,0.0,0.0,0.0,0.0,0.0,0.0,0.0,0.0,2.0,0.0,0.0,0.0
3,5,1,1,0,0,3,6,+b +a +a +A +b +a +a +A +b +a ,1.4983958159908184,1.7491979079954092,19,56,76,39751a061542377f4e2a0beb0c8309ac,49ff3d68b03970787bff12732c915d7d,1.0,0.0,1.0,2.0,2.0,2.0,0.0,0.0,0.0,0.0,2.0,0.0,0.0,0.0,0.0,0.0,0.0,0.0,0.0
3,8,0,1,0,0,3,13,A+ a- a- B- A+ a- a- B- A+ a- ,1.4983958159908184,2.167518278965993,20,59,76,67d4c61d1d0b4878f2fe5d9b66186db9,58f52404578285e9516d6c501d12d7d7,1.0,0.0,2.0,3.0,3.0,3.0,0.0,0.0,0.0,0.0,0.0,2.0,0.0,0.0,0.0,0.0,0.0,0.0,0.0
3,7,0,1,0,0,3,9,+b +a -a -b +b +a -a -b +b +a ,1.9967916319816368,1.9983958159908184,20,59,80,a69d8d31196ad888a5bf41504c03de86,cd6687c4e6d0f5aec1a771b61f17342f,0.0,0.0,2.0,3.0,3.0,3.0,0.0,1.0,2.0,2.0,0.0,0.0,0.0,0.0,0.0,0.0,0.0,0.0,0.0
3,7,0,1,0,0,3,10,-b +b -b +b -b +b -b +b -b +b ,1.0,1.5,17,52,72,354d427fb9d411b369ee627beb3fa648,cac3fb96898dcf70514d5839b1c3a89f,2.0,0.0,1.0,2.0,2.0,2.0,0.0,0.0,0.0,0.0,0.0,0.0,0.0,2.0,0.0,0.0,0.0,3.0,0.0
3,8,0,1,0,0,3,10,a+ a+ A+ B- a+ a+ A+ B- a+ a+ ,1.4634582986483033,2.1236176230665023,23,61,76,f432d6b52c5184fc71c9b55f7e823cd0,13f2efed502683c45be6ed5e712775c8,1.0,2.0,2.0,3.0,3.0,3.0,0.0,0.0,0.0,0.0,0.0,0.0,3.0,0.0,0.0,0.0,0.0,0.0,0.0
3,8,0,1,0,0,3,13,+a -b +a -b +a -b +a -b +a -b ,1.0,2.0,17,51,76,70e1d4e118d076514296ccf0f2db8f71,2126aa829643dcfef46ff3db78f322a8,1.0,0.0,2.0,3.0,3.0,3.0,0.0,0.0,0.0,0.0,0.0,0.0,0.0,0.0,0.0,0.0,0.0,0.0,2.0
3,7,0,1,0,0,3,11,-A +a -a +b -A +a -a +b -A +a ,1.9967916319816368,2.249197907995409,23,61,80,0d71482cbe8c7fa4acf7b7bef52c580f,efd2af8616991c24ba53970fd8e64fce,0.0,0.0,2.0,3.0,3.0,3.0,0.0,1.0,2.0,2.0,0.0,0.0,2.0,0.0,0.0,0.0,0.0,0.0,0.0
3,8,0,1,0,0,3,9,B+ a- A- a- A- a- A- a- A- a- ,1.1766796675107107,1.6937609839146215,18,54,76,67d4c61d1d0b4878f2fe5d9b66186db9,f09452872f697d712d7d224467288261,1.0,0.0,2.0,3.0,3.0,3.0,0.0,0.0,0.0,0.0,0.0,0.0,0.0,2.0,0.0,0.0,0.0,0.0,0.0
3,8,0,1,0,0,3,15,a- a- B- b- a- a- B- b- a- a- ,1.4634582986483033,1.7317291493241518,22,58,76,f432d6b52c5184fc71c9b55f7e823cd0,6973943555b3bb838d763876c93538fe,1.0,0.0,2.0,3.0,3.0,3.0,2.0,0.0,0.0,0.0,0.0,0.0,0.0,0.0,0.0,0.0,0.0,0.0,0.0
3,8,0,1,0,0,3,9,b+ a- a+ A+ b+ a- a+ A+ b+ a- ,1.9967916319816368,2.167518278965993,23,59,80,67d4c61d1d0b4878f2fe5d9b66186db9,409ada3bfac14717c01a3243ae9aa9cf,1.0,0.0,2.0,3.0,3.0,3.0,0.0,0.0,0.0,0.0,2.0,0.0,3.0,0.0,0.0,0.0,0.0,0.0,0.0
3,6,1,1,0,0,3,9,B- B- B- B- B- B- B- B- B- B- ,0.0,1.0,14,46,72,662932ff81e505eb185ad1d8c53dcffc,a29e28ae67e69a881a82f338272535b6,0.0,0.0,2.0,3.0,3.0,3.0,0.0,0.0,0.0,0.0,0.0,0.0,3.0,0.0,0.0,0.0,0.0,0.0,0.0
3,8,0,1,0,0,3,7,a+ a+ B+ A- a+ a+ B+ A- a+ a+ ,1.4634582986483033,2.1236176230665023,23,61,76,70e1d4e118d076514296ccf0f2db8f71,ef0aa4d7d32eef317e002853a776a147,1.0,0.0,2.0,3.0,3.0,3.0,0.0,0.0,0.0,0.0,0.0,0.0,0.0,0.0,2.0,0.0,0.0,0.0,0.0
3,8,0,1,0,0,3,10,B+ a+ B+ a+ B+ a+ B+ a+ B+ a+ ,1.0,1.5,17,52,72,67d4c61d1d0b4878f2fe5d9b66186db9,58f52404578285e9516d6c501d12d7d7,1.0,0.0,2.0,3.0,3.0,3.0,0.0,0.0,0.0,0.0,0.0,0.0,2.0,0.0,0.0,2.0,0.0,0.0,0.0
2,5,0,1,0,0,3,6,A a a B A a a B A a a B A a a ,1.4983958159908184,1.4983958159908184,17,53,72,f9a5951d926c0a7f9c63e13cfa2fc5a5,36c18a5eadbddf5f5730a1298f7bfea3,1.0,0.0,1.0,2.0,2.0,2.0,0.0,0.0,0.0,0.0,0.0,2.0,0.0,0.0,0.0,0.0,0.0,0.0,0.0
2,4,0,0,1,1,2,3,a a A A b A b A b A b A b A b ,1.2832547532764527,1.2832547532764527,17,51,76,496b1d087247d9edf9bbdde67e7e4036,5ea80bfada2de4934702c834296b5368,2.0,0.0,0.0,0.0,0.0,0.0,0.0,0.0,0.0,0.0,0.0,0.0,0.0,3.0,2.0,0.0,0.0,0.0,0.0
3,8,0,1,0,0,3,12,b- a- a+ B- b- a- a+ B- b- a- ,1.9967916319816368,2.1410863817377597,21,59,76,67d4c61d1d0b4878f2fe5d9b66186db9,4f3172f580a4b9d9873dda9a5ccccdb0,1.0,0.0,2.0,3.0,3.0,3.0,0.0,0.0,0.0,0.0,0.0,0.0,0.0,2.0,0.0,0.0,0.0,0.0,0.0
3,7,0,1,0,0,3,6,b- a+ a+ A+ b- a+ a+ A+ b- a+ ,1.4983958159908184,2.167518278965993,20,59,76,73f66af22f74a9f46ba51c3f68ffb910,157faf34a61751d8dd2697a48487e501,2.0,3.0,1.0,2.0,2.0,2.0,0.0,0.0,0.0,0.0,2.0,0.0,2.0,0.0,0.0,0.0,0.0,0.0,0.0
3,8,0,1,0,0,3,7,a- a+ B+ A- a- a+ B+ A- a- a+ ,1.9967916319816368,2.231729149324152,22,58,80,f432d6b52c5184fc71c9b55f7e823cd0,13f2efed502683c45be6ed5e712775c8,1.0,0.0,2.0,3.0,3.0,3.0,0.0,0.0,0.0,0.0,0.0,0.0,3.0,0.0,2.0,0.0,0.0,0.0,0.0
3,8,0,1,0,0,3,9,a- a+ b+ B+ a- a+ b+ B+ a- a+ ,1.9967916319816368,2.1500495202947354,23,59,80,67d4c61d1d0b4878f2fe5d9b66186db9,4f3172f580a4b9d9873dda9a5ccccdb0,1.0,0.0,2.0,3.0,3.0,3.0,2.0,0.0,0.0,0.0,0.0,0.0,2.0,0.0,0.0,0.0,0.0,0.0,0.0
3,8,0,1,0,0,3,13,a- a- b+ A- a- a- b+ A- a- a- ,1.4634582986483033,2.1236176230665023,22,59,76,f432d6b52c5184fc71c9b55f7e823cd0,13f2efed502683c45be6ed5e712775c8,1.0,0.0,2.0,3.0,3.0,3.0,0.0,0.0,0.0,0.0,0.0,0.0,0.0,0.0,2.0,0.0,0.0,0.0,0.0
3,8,0,1,0,0,3,12,a- a- b+ B- a- a- b+ B- a- a- ,1.4634582986483033,2.1236176230665023,22,59,76,f432d6b52c5184fc71c9b55f7e823cd0,13f2efed502683c45be6ed5e712775c8,1.0,0.0,2.0,3.0,3.0,3.0,2.0,0.0,0.0,0.0,0.0,0.0,0.0,0.0,0.0,0.0,0.0,0.0,0.0
3,8,0,1,0,0,3,12,+A +a +a -b +A +a +a -b +A +a ,1.4983958159908184,2.1410863817377597,20,57,76,f432d6b52c5184fc71c9b55f7e823cd0,a290c37ce461b1258f0edd054a8e8940,1.0,0.0,2.0,3.0,3.0,3.0,0.0,0.0,0.0,0.0,0.0,2.0,0.0,0.0,0.0,0.0,0.0,0.0,0.0
2,4,0,0,1,1,2,4,b B B B B B B B B B B B B B B ,0.21084230031853213,0.21084230031853213,13,44,72,496b1d087247d9edf9bbdde67e7e4036,6906b2feefe6839967dd0bc418840bcd,2.0,0.0,0.0,0.0,0.0,0.0,0.0,0.0,0.0,0.0,3.0,0.0,0.0,0.0,0.0,0.0,0.0,2.0,0.0
3,8,0,1,0,0,3,11,B- a+ a+ b- B- a+ a+ b- B- a+ ,1.4983958159908184,2.249197907995409,20,57,76,70e1d4e118d076514296ccf0f2db8f71,ef0aa4d7d32eef317e002853a776a147,1.0,0.0,2.0,3.0,3.0,3.0,0.0,0.0,0.0,0.0,0.0,0.0,2.0,2.0,0.0,0.0,0.0,0.0,0.0
3,8,0,1,0,0,3,14,+b -a -a +b +b -a -a +b +b -a ,1.0,2.0,20,56,76,67d4c61d1d0b4878f2fe5d9b66186db9,ecf3823d5a4d59543a2935b66fbdec06,1.0,0.0,2.0,3.0,3.0,3.0,2.0,0.0,0.0,0.0,0.0,0.0,0.0,0.0,0.0,0.0,0.0,0.0,0.0
3,7,0,1,0,0,3,10,-b -a +b -a +b -a +b -a +b -a ,1.1766796675107107,1.9983958159908184,17,52,76,a69d8d31196ad888a5bf41504c03de86,cd6687c4e6d0f5aec1a771b61f17342f,0.0,0.0,2.0,3.0,3.0,3.0,0.0,1.0,2.0,2.0,0.0,0.0,2.0,0.0,0.0,0.0,0.0,0.0,0.0
3,8,0,1,0,0,3,10,+a +a +b -a +b -a +b -a +b -a ,1.2866926683547546,1.9967916319816368,18,53,76,70e1d4e118d076514296ccf0f2db8f71,2126aa829643dcfef46ff3db78f322a8,1.0,2.0,2.0,3.0,3.0,3.0,0.0,0.0,0.0,0.0,0.0,0.0,2.0,0.0,0.0,0.0,0.0,0.0,0.0
3,5,1,1,0,0,3,7,A- a+ a+ A- A- a+ a+ A- A- a+ ,1.0,2.0,20,56,76,39751a061542377f4e2a0beb0c8309ac,d760db760925304b569744a6cafdf2b7,1.0,0.0,1.0,2.0,2.0,2.0,2.0,0.0,0.0,0.0,0.0,0.0,0.0,0.0,0.0,0.0,0.0,0.0,0.0
3,7,0,1,0,0,3,8,-a +a +b +a +b +a +b +a +b +a ,1.1766796675107107,1.6038169661500845,16,55,76,ee1baf1980e1a60b6b79de04d616f586,3fe847d1f0250ffb6c2419e16ad1391b,2.0,0.0,1.0,2.0,2.0,2.0,0.0,0.0,0.0,0.0,2.0,0.0,0.0,0.0,3.0,0.0,0.0,0.0,0.0
2,4,0,0,1,1,2,3,b B a a A A a a A A a a A A a ,1.353359335021421,1.353359335021421,19,53,76,496b1d087247d9edf9bbdde67e7e4036,c0957465ce2066b062166418849e1cda,2.0,2.0,0.0,0.0,0.0,0.0,0.0,0.0,0.0,0.0,0.0,0.0,0.0,3.0,0.0,0.0,0.0,0.0,0.0
3,8,0,1,0,0,3,13,b+ B+ b+ B+ b+ B+ b+ B+ b+ B+ ,1.0,1.5,17,52,72,f432d6b52c5184fc71c9b55f7e823cd0,13f2efed502683c45be6ed5e712775c8,1.0,0.0,2.0,3.0,3.0,3.0,0.0,0.0,0.0,0.0,0.0,0.0,2.0,0.0,0.0,0.0,2.0,0.0,0.0
3,7,0,1,0,0,3,9,-b -a +a -A -b -a +a -A -b -a ,1.9967916319816368,2.1410863817377597,23,58,80,8602be5804b85d2adab89d86f79bee51,ee1f877ff4c434be9f2021960598e572,2.0,0.0,1.0,2.0,2.0,2.0,0.0,0.0,0.0,0.0,3.0,0.0,0.0,0.0,0.0,0.0,0.0,2.0,0.0
3,8,0,1,0,0,3,13,B- a- a- B+ B- a- a- B+ B- a- ,1.4983958159908184,1.8918884737423507,19,58,76,67d4c61d1d0b4878f2fe5d9b66186db9,4f3172f580a4b9d9873dda9a5ccccdb0,1.0,0.0,2.0,3.0,3.0,3.0,0.0,0.0,0.0,0.0,0.0,0.0,0.0,2.0,0.0,0.0,0.0,0.0,0.0
3,5,1,1,0,0,3,7,+B +a +a +b +B +a +a +b +B +a ,1.4983958159908184,1.7491979079954092,19,56,76,39751a061542377f4e2a0beb0c8309ac,49ff3d68b03970787bff12732c915d7d,1.0,0.0,1.0,2.0,2.0,2.0,0.0,0.0,0.0,0.0,0.0,0.0,0.0,2.0,0.0,0.0,0.0,0.0,0.0
3,8,0,1,0,0,3,11,b+ a+ a- b+ b+ a+ a- b+ b+ a+ ,1.4983958159908184,1.8918884737423507,21,58,76,70e1d4e118d076514296ccf0f2db8f71,ef0aa4d7d32eef317e002853a776a147,1.0,0.0,2.0,3.0,3.0,3.0,0.0,0.0,0.0,0.0,0.0,0.0,3.0,2.0,0.0,0.0,0.0,0.0,0.0
3,5,1,1,0,0,3,5,-B -a -a -a -a -a -a -a -a -a ,0.21084230031853213,1.1054211501592661,15,47,72,39751a061542377f4e2a0beb0c8309ac,49ff3d68b03970787bff12732c915d7d,1.0,0.0,1.0,2.0,2.0,2.0,0.0,0.0,0.0,0.0,2.0,0.0,2.0,0.0,0.0,0.0,0.0,0.0,0.0
3,7,0,1,0,0,3,7,+b -a +A -a +A -a +A -a +A -a ,1.1766796675107107,2.0883398337553554,18,52,76,356fe86934723106ce0243a3ec08b603,7826985ad105ac56ff44c410992d0912,2.0,2.0,1.0,2.0,2.0,2.0,0.0,0.0,0.0,0.0,0.0,0.0,2.0,3.0,0.0,0.0,0.0,0.0,0.0
3,8,0,1,0,0,3,11,a+ a- B+ a+ B+ a+ B+ a+ B+ a+ ,1.1766796675107107,1.6038169661500845,19,54,76,67d4c61d1d0b4878f2fe5d9b66186db9,58f52404578285e9516d6c501d12d7d7,1.0,0.0,2.0,3.0,3.0,3.0,0.0,0.0,0.0,0.0,0.0,0.0,0.0,0.0,2.0,0.0,0.0,0.0,0.0
3,5,1,1,0,0,3,6,a+ a+ A- a- A- a- A- a- A- a- ,1.2866926683547546,1.6750754835015291,21,57,76,39751a061542377f4e2a0beb0c8309ac,d760db760925304b569744a6cafdf2b7,1.0,0.0,1.0,2.0,2.0,2.0,0.0,0.0,0.0,0.0,0.0,0.0,0.0,0.0,0.0,0.0,0.0,2.0,0.0
3,8,0,1,0,0,3,13,b- a- a+ B+ b- a- a+ B+ b- a- ,1.9967916319816368,2.2475937239862276,21,59,76,f432d6b52c5184fc71c9b55f7e823cd0,6973943555b3bb838d763876c93538fe,1.0,0.0,2.0,3.0,3.0,3.0,0.0,0.0,0.0,0.0,0.0,0.0,2.0,2.0,0.0,0.0,0.0,0.0,0.0
3,8,0,1,0,0,3,10,a- a+ b- a+ b- a+ b- a+ b- a+ ,1.1766796675107107,1.9983958159908184,17,52,76,67d4c61d1d0b4878f2fe5d9b66186db9,58f52404578285e9516d6c501d12d7d7,1.0,0.0,2.0,3.0,3.0,3.0,0.0,0.0,0.0,0.0,0.0,0.0,2.0,0.0,2.0,0.0,0.0,0.0,0.0
3,8,0,1,0,0,3,8,B- a+ a- A- B- a+ a- A- B- a+ ,1.9967916319816368,2.167518278965993,23,59,80,67d4c61d1d0b4878f2fe5d9b66186db9,f09452872f697d712d7d224467288261,1.0,0.0,2.0,3.0,3.0,3.0,0.0,0.0,0.0,0.0,2.0,0.0,2.0,0.0,0.0,0.0,0.0,0.0,0.0
3,4,1,1,0,0,3,5,+a +a +A +a +A +a +A +a +A +a ,0.9967916319816366,1.4983958159908184,16,52,72,b4f81c34f2a0b86b46478f06add8548b,74582db8c1108a8658deea285889133f,0.0,0.0,1.0,2.0,2.0,2.0,0.0,1.0,2.0,2.0,0.0,0.0,2.0,0.0,0.0,0.0,0.0,0.0,0.0
2,4,0,0,1,1,2,5,b B B a b B B a b B B a b B B ,1.4983958159908184,1.4983958159908184,17,53,72,38a9a6ebc90a332c0dfe97945349a3da,57f8a68d4361fb8f3b29ad1bad590e75,2.0,0.0,0.0,0.0,0.0,0.0,0.0,0.0,0.0,0.0,0.0,0.0,0.0,3.0,0.0,0.0,2.0,0.0,0.0
3,7,0,1,0,0,3,12,B- B+ B- B+ B- B+ B- B+ B- B+ ,1.0,1.5,17,50,76,a69d8d31196ad888a5bf41504c03de86,8347048afff2ced5dbead71e332e12b1,0.0,0.0,2.0,3.0,3.0,3.0,0.0,1.0,2.0,2.0,0.0,0.0,0.0,0.0,0.0,0.0,0.0,0.0,0.0
3,8,0,1,0,0,3,14,+B -a -a -b +B -a -a -b +B -a ,1.4983958159908184,2.167518278965993,19,59,76,67d4c61d1d0b4878f2fe5d9b66186db9,908ccf0f892726fb19d2fdbb5589e828,1.0,0.0,2.0,3.0,3.0,3.0,0.0,0.0,0.0,0.0,0.0,0.0,2.0,0.0,0.0,0.0,0.0,0.0,2.0
3,8,0,1,0,0,3,8,-b +B -b +B -b +B -b +B -b +B ,1.0,2.0,17,51,76,67d4c61d1d0b4878f2fe5d9b66186db9,908ccf0f892726fb19d2fdbb5589e828,1.0,0.0,2.0,3.0,3.0,3.0,0.0,0.0,0.0,0.0,0.0,0.0,0.0,0.0,0.0,2.0,0.0,0.0,0.0
3,8,0,1,0,0,3,12,B- a- a+ b- B- a- a+ b- B- a- ,1.9967916319816368,2.1410863817377597,21,59,76,67d4c61d1d0b4878f2fe5d9b66186db9,4f3172f580a4b9d9873dda9a5ccccdb0,1.0,0.0,2.0,3.0,3.0,3.0,0.0,0.0,0.0,0.0,0.0,0.0,0.0,2.0,0.0,0.0,0.0,0.0,0.0
3,7,0,1,0,0,3,9,b- a+ a+ A- b- a+ a+ A- b- a+ ,1.4983958159908184,2.249197907995409,20,57,76,5924bfe2c6b111489f74e1ac29154378,921b6b6820fde8b0963fd3308acfbd3b,2.0,0.0,1.0,2.0,2.0,2.0,0.0,0.0,0.0,0.0,2.0,0.0,0.0,3.0,0.0,0.0,0.0,0.0,0.0
3,7,0,1,0,0,3,11,-A -a -b -a -b -a -b -a -b -a ,1.1766796675107107,1.5883398337553554,18,52,76,356fe86934723106ce0243a3ec08b603,7826985ad105ac56ff44c410992d0912,2.0,0.0,1.0,2.0,2.0,2.0,0.0,0.0,0.0,0.0,3.0,0.0,0.0,0.0,0.0,0.0,2.0,0.0,0.0
2,5,0,1,0,0,3,7,a a b a b a b a b a b a b a b ,0.9967916319816366,0.9967916319816366,15,47,72,f9a5951d926c0a7f9c63e13cfa2fc5a5,36c18a5eadbddf5f5730a1298f7bfea3,1.0,0.0,1.0,2.0,2.0,2.0,0.0,0.0,0.0,0.0,0.0,0.0,0.0,0.0,2.0,0.0,0.0,0.0,0.0
3,8,0,1,0,0,3,9,A- a+ A- a+ A- a+ A- a+ A- a+ ,1.0,2.0,17,51,76,70e1d4e118d076514296ccf0f2db8f71,ef0aa4d7d32eef317e002853a776a147,1.0,0.0,2.0,3.0,3.0,3.0,0.0,0.0,0.0,0.0,0.0,2.0,3.0,0.0,0.0,0.0,0.0,0.0,0.0
3,8,0,1,0,0,3,7,b+ a+ A+ a+ A+ a+ A+ a+ A+ a+ ,1.1766796675107107,1.5883398337553554,17,50,76,70e1d4e118d076514296ccf0f2db8f71,ef0aa4d7d32eef317e002853a776a147,1.0,0.0,2.0,3.0,3.0,3.0,0.0,0.0,0.0,0.0,2.0,0.0,0.0,0.0,0.0,0.0,0.0,0.0,0.0
3,5,1,1,0,0,3,6,A+ a+ a- A- A+ a+ a- A- A+ a+ ,1.9967916319816368,1.9983958159908184,20,59,76,39751a061542377f4e2a0beb0c8309ac,d760db760925304b569744a6cafdf2b7,1.0,0.0,1.0,2.0,2.0,2.0,2.0,0.0,0.0,0.0,0.0,0.0,2.0,0.0,0.0,0.0,0.0,0.0,0.0
3,8,0,1,0,0,3,9,a- a+ b- A+ a- a+ b- A+ a- a+ ,1.9967916319816368,2.231729149324152,23,61,80,f432d6b52c5184fc71c9b55f7e823cd0,13f2efed502683c45be6ed5e712775c8,1.0,0.0,2.0,3.0,3.0,3.0,0.0,0.0,0.0,0.0,0.0,0.0,3.0,0.0,2.0,0.0,0.0,0.0,0.0
3,7,0,1,0,0,3,7,-a +a +b +A -a +a +b +A -a +a ,1.9967916319816368,2.1500495202947354,21,62,76,354d427fb9d411b369ee627beb3fa648,82a0e9ed98e8c1abcb3e08716b422dfc,2.0,0.0,1.0,2.0,2.0,2.0,3.0,0.0,0.0,0.0,2.0,0.0,2.0,0.0,0.0,0.0,0.0,0.0,0.0
3,7,0,1,0,0,3,10,-a +a -B +B -a +a -B +B -a +a ,1.9967916319816368,1.9983958159908184,23,57,80,29a869da133108175da4079ed0493bfb,b41a25f70a7cc5225b24f2ded9d132c1,0.0,0.0,2.0,3.0,3.0,3.0,0.0,1.0,2.0,2.0,0.0,0.0,2.0,0.0,0.0,0.0,0.0,0.0,0.0
3,2,2,1,0,0,2,1,+b +a +a +a +a +a +a +a +a +a ,0.21084230031853213,1.1054211501592661,15,47,72,94d4df4aee36fe2e079d1da2859120a1,5d66b4611ebce7c3f75631b0c436f531,1.0,0.0,0.0,0.0,0.0,0.0,0.0,0.0,0.0,0.0,2.0,0.0,0.0,0.0,0.0,0.0,0.0,0.0,0.0
3,8,0,1,0,0,3,10,+b -B +b -B +b -B +b -B +b -B ,1.0,2.0,17,51,76,67d4c61d1d0b4878f2fe5d9b66186db9,ecf3823d5a4d59543a2935b66fbdec06,1.0,0.0,2.0,3.0,3.0,3.0,0.0,0.0,0.0,0.0,0.0,0.0,2.0,0.0,0.0,0.0,0.0,0.0,2.0
3,8,0,1,0,0,3,9,a+ a+ B- A+ a+ a+ B- A+ a+ a+ ,1.4634582986483033,2.1236176230665023,22,59,76,67d4c61d1d0b4878f2fe5d9b66186db9,409ada3bfac14717c01a3243ae9aa9cf,1.0,0.0,2.0,3.0,3.0,3.0,0.0,0.0,0.0,0.0,0.0,0.0,3.0,0.0,2.0,0.0,0.0,0.0,0.0
3,8,0,1,0,0,3,8,+A -a -a -B +A -a -a -B +A -a ,1.4983958159908184,2.167518278965993,19,59,76,f432d6b52c5184fc71c9b55f7e823cd0,a290c37ce461b1258f0edd054a8e8940,1.0,0.0,2.0,3.0,3.0,3.0,0.0,0.0,0.0,0.0,0.0,0.0,0.0,0.0,0.0,0.0,0.0,0.0,2.0
2,4,0,1,0,0,2,4,b A b A b A b A b A b A b A b ,1.0,1.0,15,46,72,496b1d087247d9edf9bbdde67e7e4036,c155a16e6127ec8c66e05a9dff8362be,2.0,0.0,0.0,0.0,0.0,0.0,0.0,0.0,0.0,0.0,2.0,0.0,0.0,0.0,0.0,0.0,3.0,0.0,0.0
3,5,1,1,0,0,3,7,A- a+ a- A- A- a+ a- A- A- a+ ,1.4983958159908184,1.9183203709705836,21,56,76,39751a061542377f4e2a0beb0c8309ac,d760db760925304b569744a6cafdf2b7,1.0,0.0,1.0,2.0,2.0,2.0,2.0,0.0,0.0,0.0,0.0,0.0,0.0,0.0,0.0,0.0,0.0,0.0,0.0
3,7,0,1,0,0,3,9,-a +a +A -b -a +a +A -b -a +a ,1.9967916319816368,2.231729149324152,21,59,76,29a869da133108175da4079ed0493bfb,15d71bc25a214637752ef419151b1fd8,0.0,0.0,2.0,3.0,3.0,3.0,0.0,1.0,2.0,2.0,0.0,0.0,3.0,0.0,0.0,0.0,0.0,0.0,0.0
3,6,0,1,0,0,3,7,+A -a +a -A +A -a +a -A +A -a ,1.9967916319816368,2.0,23,59,80,36c77601d8a81bb1597a703bfb6eee79,eb7a9e3c9177e31799c480ff124b9331,1.0,0.0,1.0,2.0,2.0,2.0,0.0,1.0,2.0,2.0,0.0,2.0,0.0,0.0,0.0,0.0,0.0,0.0,0.0
3,6,0,1,0,0,3,9,B- a+ b- a+ b- a+ b- a+ b- a+ ,1.1766796675107107,2.0883398337553554,17,54,76,5d71e9185e80ce2301d96d174fb7199d,fa8e203c2085ef115109a7063cd50956,1.0,0.0,1.0,2.0,2.0,2.0,0.0,1.0,2.0,2.0,0.0,0.0,0.0,0.0,0.0,2.0,0.0,0.0,0.0
3,7,0,1,0,0,3,9,-A -a +a +B -A -a +a +B -A -a ,1.9967916319816368,2.2475937239862276,21,59,80,29a869da133108175da4079ed0493bfb,15d71bc25a214637752ef419151b1fd8,0.0,0.0,2.0,3.0,3.0,3.0,0.0,1.0,2.0,2.0,0.0,0.0,0.0,0.0,0.0,0.0,0.0,0.0,0.0
3,7,0,1,0,0,3,7,-b +a +a -b -b +a +a -b -b +a ,1.0,2.0,20,56,76,73f66af22f74a9f46ba51c3f68ffb910,187b89b05c5aeab32a2d0a29d6454d05,2.0,0.0,1.0,2.0,2.0,2.0,3.0,0.0,0.0,0.0,0.0,0.0,0.0,2.0,0.0,0.0,0.0,0.0,0.0
3,5,1,1,0,0,3,7,-b -a -a -A -b -a -a -A -b -a ,1.4983958159908184,1.7491979079954092,19,56,76,39751a061542377f4e2a0beb0c8309ac,c4e1b0e09a552071e27b216fc94d13b7,1.0,0.0,1.0,2.0,2.0,2.0,0.0,0.0,0.0,0.0,2.0,0.0,0.0,0.0,0.0,0.0,0.0,0.0,0.0
3,7,0,1,0,0,3,9,b+ a+ B- a+ B- a+ B- a+ B- a+ ,1.1766796675107107,2.0867356497461738,18,54,76,a69d8d31196ad888a5bf41504c03de86,2db85d3d1e976a04c71c749bb7d00174,0.0,0.0,2.0,3.0,3.0,3.0,0.0,1.0,2.0,2.0,0.0,0.0,0.0,0.0,0.0,0.0,0.0,0.0,0.0
3,7,0,1,0,0,3,5,-a +a +B +A -a +a +B +A -a +a ,1.9967916319816368,2.1500495202947354,21,62,76,5924bfe2c6b111489f74e1ac29154378,d9a9361d6c97a18312f0418d9d07130c,2.0,0.0,1.0,2.0,2.0,2.0,0.0,0.0,0.0,0.0,2.0,0.0,0.0,0.0,3.0,0.0,0.0,0.0,0.0
2,4,0,0,1,1,2,3,B A b a B A b a B A b a B A b ,1.9967916319816368,1.9967916319816368,19,55,76,496b1d087247d9edf9bbdde67e7e4036,bcc2cf9ac7938733f730e8e36bb5fe37,2.0,0.0,0.0,0.0,0.0,0.0,3.0,0.0,0.0,0.0,2.0,0.0,0.0,0.0,0.0,0.0,0.0,0.0,0.0
3,4,1,1,0,0,3,4,+a +a +A +A +a +a +A +A +a +a ,0.9967916319816366,1.4983958159908184,18,58,76,b4f81c34f2a0b86b46478f06add8548b,74582db8c1108a8658deea285889133f,0.0,0.0,1.0,2.0,2.0,2.0,0.0,1.0,2.0,2.0,0.0,0.0,0.0,0.0,0.0,0.0,0.0,0.0,0.0
3,8,0,1,0,0,3,11,-B -a +a -A -B -a +a -A -B -a ,1.9967916319816368,2.1410863817377597,23,58,80,67d4c61d1d0b4878f2fe5d9b66186db9,908ccf0f892726fb19d2fdbb5589e828,1.0,0.0,2.0,3.0,3.0,3.0,0.0,0.0,0.0,0.0,0.0,0.0,0.0,0.0,0.0,0.0,0.0,2.0,0.0
3,5,0,1,0,0,2,3,B+ a- a- a- a- a- a- a- a- a- ,0.21084230031853213,1.2108423003185322,15,48,72,2a26acc44dd17773d0ce8299126b0778,17333f8098bb42e32bd33135486d4a2d,2.0,0.0,0.0,0.0,0.0,0.0,0.0,1.0,2.0,2.0,2.0,3.0,0.0,0.0,0.0,0.0,0.0,0.0,0.0
3,7,0,1,0,0,3,7,b+ a- a+ a+ a+ a+ a+ a+ a+ a+ ,0.420026001688088,1.210842300318532,18,49,76,73f66af22f74a9f46ba51c3f68ffb910,6ef6f0f793cf1dccd2ae1bf7be4d8c6a,2.0,0.0,1.0,2.0,2.0,2.0,0.0,0.0,0.0,0.0,2.0,0.0,0.0,0.0,0.0,3.0,0.0,0.0,0.0
3,8,0,1,0,0,3,10,B- a- a+ B- B- a- a+ B- B- a- ,1.4983958159908184,1.8918884737423507,21,58,76,f432d6b52c5184fc71c9b55f7e823cd0,13f2efed502683c45be6ed5e712775c8,1.0,0.0,2.0,3.0,3.0,3.0,0.0,0.0,0.0,0.0,0.0,0.0,0.0,2.0,0.0,0.0,0.0,0.0,0.0
3,8,0,1,0,0,3,10,a- a- B+ A- a- a- B+ A- a- a- ,1.4634582986483033,2.1236176230665023,22,59,76,70e1d4e118d076514296ccf0f2db8f71,ef0aa4d7d32eef317e002853a776a147,1.0,0.0,2.0,3.0,3.0,3.0,0.0,0.0,0.0,0.0,0.0,0.0,3.0,0.0,2.0,0.0,0.0,0.0,0.0
3,8,0,1,0,0,3,9,a+ a- B- b+ a+ a- B- b+ a+ a- ,1.9967916319816368,2.231729149324152,22,58,80,67d4c61d1d0b4878f2fe5d9b66186db9,f09452872f697d712d7d224467288261,1.0,0.0,2.0,3.0,3.0,3.0,2.0,0.0,0.0,0.0,0.0,0.0,0.0,0.0,0.0,0.0,0.0,0.0,0.0
3,8,0,1,0,0,3,10,b- a+ a+ a- a+ a- a+ a- a+ a- ,1.1766796675107107,1.6054211501592661,17,55,76,f432d6b52c5184fc71c9b55f7e823cd0,13f2efed502683c45be6ed5e712775c8,1.0,0.0,2.0,3.0,3.0,3.0,0.0,0.0,0.0,0.0,2.0,0.0,0.0,0.0,0.0,0.0,0.0,0.0,0.0
3,8,0,1,0,0,3,10,+a +a -A +B +a +a -A +B +a +a ,1.4634582986483033,2.1236176230665023,23,59,76,67d4c61d1d0b4878f2fe5d9b66186db9,908ccf0f892726fb19d2fdbb5589e828,1.0,0.0,2.0,3.0,3.0,3.0,0.0,0.0,0.0,0.0,0.0,0.0,0.0,0.0,2.0,0.0,0.0,0.0,0.0
3,7,0,1,0,0,3,10,-a +a +B -A -a +a +B -A -a +a ,1.9967916319816368,2.231729149324152,21,59,76,0d71482cbe8c7fa4acf7b7bef52c580f,2de8f2eb13bdb957421b83ca32962397,0.0,0.0,2.0,3.0,3.0,3.0,0.0,1.0,2.0,2.0,0.0,0.0,2.0,0.0,0.0,0.0,0.0,0.0,0.0
2,2,1,1,0,0,2,2,A a a A A a a A A a a A A a a ,1.0,1.0,17,49,72,505d50aed2f5cc5c34520bad515d5bb7,a5486ac4c956b104131502529e91bb1b,1.0,0.0,0.0,0.0,0.0,0.0,2.0,0.0,0.0,0.0,0.0,0.0,0.0,0.0,0.0,0.0,0.0,0.0,0.0
3,7,0,1,0,0,3,9,-a +a +b -B -a +a +b -B -a +a ,1.9967916319816368,2.231729149324152,21,59,76,0d71482cbe8c7fa4acf7b7bef52c580f,2de8f2eb13bdb957421b83ca32962397,0.0,0.0,2.0,3.0,3.0,3.0,0.0,1.0,2.0,2.0,0.0,0.0,3.0,0.0,0.0,0.0,0.0,0.0,0.0
3,7,0,1,0,0,3,8,B+ b+ B+ b+ B+ b+ B+ b+ B+ b+ ,1.0,1.5,17,52,72,ee1baf1980e1a60b6b79de04d616f586,1ac4e3cbebaad2fc1f1e6c5273a1cae5,2.0,3.0,1.0,2.0,2.0,2.0,0.0,0.0,0.0,0.0,0.0,0.0,2.0,0.0,0.0,0.0,2.0,0.0,0.0
2,4,0,0,1,1,2,5,b a B b b a B b b a B b b a B ,1.4983958159908184,1.4983958159908184,18,49,76,121d08e8d3508f48216f1b69b3d23605,cda84cbb85b18d18fa6369dd53e455a7,2.0,0.0,0.0,0.0,0.0,0.0,3.0,0.0,0.0,0.0,0.0,0.0,0.0,0.0,0.0,2.0,0.0,0.0,0.0
3,6,0,1,0,0,3,8,+b -a +a -a +a -a +a -a +a -a ,1.1766796675107107,1.6054211501592661,18,53,76,5d71e9185e80ce2301d96d174fb7199d,971ef60fc8b3430f68b52417cdaffd10,1.0,0.0,1.0,2.0,2.0,2.0,0.0,1.0,2.0,2.0,0.0,2.0,0.0,0.0,0.0,0.0,0.0,0.0,0.0
3,5,1,1,0,0,3,7,a+ a- A+ A+ a+ a- A+ A+ a+ a- ,1.53012496531497,1.916716186961402,20,59,76,39751a061542377f4e2a0beb0c8309ac,174977a4894a10749e1ea65add5ed8b2,1.0,0.0,1.0,2.0,2.0,2.0,0.0,0.0,0.0,0.0,0.0,2.0,0.0,0.0,0.0,0.0,0.0,0.0,0.0
2,4,0,0,1,1,2,2,A A B A B A B A B A B A B A B ,0.9967916319816366,0.9967916319816366,15,47,72,121d08e8d3508f48216f1b69b3d23605,6d81d45e6cd9aa5efac502167dcaebdd,2.0,0.0,0.0,0.0,0.0,0.0,0.0,0.0,0.0,0.0,3.0,0.0,0.0,0.0,2.0,0.0,0.0,0.0,0.0
3,8,0,1,0,0,3,10,-B +B -B +B -B +B -B +B -B +B ,1.0,1.5,17,52,72,67d4c61d1d0b4878f2fe5d9b66186db9,ecf3823d5a4d59543a2935b66fbdec06,1.0,0.0,2.0,3.0,3.0,3.0,0.0,0.0,0.0,0.0,2.0,0.0,3.0,0.0,0.0,0.0,0.0,0.0,0.0
3,7,0,1,0,0,3,8,a- a- B- a+ B- a+ B- a+ B- a+ ,1.2866926683547546,1.9967916319816368,19,54,76,5924bfe2c6b111489f74e1ac29154378,921b6b6820fde8b0963fd3308acfbd3b,2.0,0.0,1.0,2.0,2.0,2.0,0.0,0.0,0.0,0.0,0.0,0.0,2.0,0.0,2.0,3.0,0.0,0.0,0.0
3,8,0,1,0,0,3,12,b- a+ a- B+ b- a+ a- B+ b- a+ ,1.9967916319816368,2.249197907995409,23,59,80,67d4c61d1d0b4878f2fe5d9b66186db9,f09452872f697d712d7d224467288261,1.0,0.0,2.0,3.0,3.0,3.0,0.0,0.0,0.0,0.0,0.0,0.0,2.0,2.0,0.0,0.0,0.0,0.0,0.0
3,7,0,1,0,0,3,7,A- a+ a+ b+ A- a+ a+ b+ A- a+ ,1.4983958159908184,2.167518278965993,20,59,76,354d427fb9d411b369ee627beb3fa648,335b01dd2ede32da1d3f2f23a245545b,2.0,3.0,1.0,2.0,2.0,2.0,0.0,0.0,0.0,0.0,0.0,2.0,0.0,0.0,0.0,0.0,0.0,0.0,0.0
3,8,0,1,0,0,3,7,a+ a+ A- b- a+ a+ A- b- a+ a+ ,1.4634582986483033,2.23012496531497,23,59,76,67d4c61d1d0b4878f2fe5d9b66186db9,4f3172f580a4b9d9873dda9a5ccccdb0,1.0,2.0,2.0,3.0,3.0,3.0,0.0,0.0,0.0,0.0,0.0,0.0,0.0,0.0,0.0,0.0,0.0,0.0,0.0
3,6,1,1,0,0,3,9,A+ a- a+ a- a+ a- a+ a- a+ a- ,1.1766796675107107,1.6054211501592661,17,53,76,662932ff81e505eb185ad1d8c53dcffc,a2733b7ff5e30b109a840b92200c7f61,0.0,0.0,2.0,3.0,3.0,3.0,0.0,0.0,0.0,0.0,0.0,0.0,3.0,0.0,0.0,0.0,0.0,0.0,0.0
3,8,0,1,0,0,3,7,-A +a +a +a +a +a +a +a +a +a ,0.21084230031853213,1.2108423003185322,15,48,72,67d4c61d1d0b4878f2fe5d9b66186db9,908ccf0f892726fb19d2fdbb5589e828,1.0,0.0,2.0,3.0,3.0,3.0,0.0,0.0,0.0,0.0,2.0,0.0,0.0,0.0,0.0,0.0,0.0,0.0,0.0
3,7,0,1,0,0,3,9,+b -a +b -a +b -a +b -a +b -a ,1.0,2.0,17,51,76,a69d8d31196ad888a5bf41504c03de86,12a57c8bdaad7f967c06a4c5bea5a87f,0.0,0.0,2.0,3.0,3.0,3.0,0.0,1.0,2.0,2.0,0.0,0.0,0.0,0.0,0.0,0.0,0.0,0.0,0.0
3,8,0,1,0,0,3,8,-a -a +B +B -a -a +B +B -a -a ,0.9967916319816366,1.9967916319816368,20,57,76,70e1d4e118d076514296ccf0f2db8f71,2126aa829643dcfef46ff3db78f322a8,1.0,0.0,2.0,3.0,3.0,3.0,0.0,0.0,0.0,0.0,0.0,0.0,2.0,2.0,0.0,0.0,0.0,0.0,0.0
3,7,0,1,0,0,3,5,a+ A+ a+ A+ a+ A+ a+ A+ a+ A+ ,1.0,1.5,17,52,72,8602be5804b85d2adab89d86f79bee51,02527d1d3eea3de57d2f2ee30595cdd1,2.0,2.0,1.0,2.0,2.0,2.0,0.0,0.0,0.0,0.0,0.0,0.0,0.0,0.0,3.0,0.0,0.0,0.0,0.0
3,8,0,1,0,0,3,11,b- a+ a+ B+ b- a+ a+ B+ b- a+ ,1.4983958159908184,2.167518278965993,20,59,76,f432d6b52c5184fc71c9b55f7e823cd0,6973943555b3bb838d763876c93538fe,1.0,0.0,2.0,3.0,3.0,3.0,0.0,0.0,0.0,0.0,0.0,0.0,3.0,2.0,0.0,0.0,0.0,0.0,0.0
3,7,0,1,0,0,3,6,a+ a- B- a- B- a- B- a- B- a- ,1.1766796675107107,1.6038169661500845,18,52,76,8602be5804b85d2adab89d86f79bee51,54a54ceaed7b4e13a20da513f31013ff,2.0,0.0,1.0,2.0,2.0,2.0,0.0,0.0,0.0,0.0,0.0,0.0,0.0,3.0,2.0,0.0,0.0,0.0,0.0
3,7,0,1,0,0,3,10,a- B+ a- B+ a- B+ a- B+ a- B+ ,1.0,2.0,17,51,76,356fe86934723106ce0243a3ec08b603,894378cd389157708ed1c607acab1de4,2.0,0.0,1.0,2.0,2.0,2.0,0.0,0.0,0.0,0.0,0.0,0.0,2.0,0.0,0.0,3.0,0.0,0.0,2.0
3,8,0,1,0,0,3,12,-b -a -b -a -b -a -b -a -b -a ,1.0,1.5,17,50,76,67d4c61d1d0b4878f2fe5d9b66186db9,ecf3823d5a4d59543a2935b66fbdec06,1.0,0.0,2.0,3.0,3.0,3.0,0.0,0.0,0.0,0.0,0.0,0.0,2.0,0.0,0.0,0.0,2.0,0.0,0.0
3,8,0,1,0,0,3,11,+b +a -b +a -b +a -b +a -b +a ,1.1766796675107107,1.9983958159908184,17,52,76,67d4c61d1d0b4878f2fe5d9b66186db9,908ccf0f892726fb19d2fdbb5589e828,1.0,0.0,2.0,3.0,3.0,3.0,0.0,0.0,0.0,0.0,0.0,0.0,0.0,0.0,2.0,0.0,0.0,0.0,0.0
3,8,0,1,0,0,3,10,-a +a -b -B -a +a -b -B -a +a ,1.9967916319816368,2.1500495202947354,23,58,80,70e1d4e118d076514296ccf0f2db8f71,2126aa829643dcfef46ff3db78f322a8,1.0,0.0,2.0,3.0,3.0,3.0,0.0,0.0,0.0,0.0,0.0,0.0,3.0,0.0,0.0,0.0,2.0,0.0,0.0
3,8,0,1,0,0,3,8,a- a- B+ B+ a- a- B+ B+ a- a- ,0.9967916319816366,1.9967916319816368,20,57,76,67d4c61d1d0b4878f2fe5d9b66186db9,58f52404578285e9516d6c501d12d7d7,1.0,0.0,2.0,3.0,3.0,3.0,2.0,0.0,0.0,0.0,0.0,0.0,0.0,0.0,0.0,0.0,0.0,0.0,0.0
3,8,0,1,0,0,3,10,-B +a +a -b -B +a +a -b -B +a ,1.4983958159908184,2.249197907995409,20,60,76,67d4c61d1d0b4878f2fe5d9b66186db9,ecf3823d5a4d59543a2935b66fbdec06,1.0,0.0,2.0,3.0,3.0,3.0,0.0,0.0,0.0,0.0,0.0,0.0,0.0,2.0,0.0,0.0,0.0,0.0,0.0
2,3,0,0,1,1,2,2,b A B A B A B A B A B A B A B ,1.1766796675107107,1.1766796675107107,15,49,72,50858bd71f190f49aea7adf1908a451c,61159e751da460dea3f427aba08457e9,1.0,0.0,0.0,0.0,0.0,0.0,0.0,1.0,2.0,2.0,2.0,0.0,0.0,0.0,0.0,0.0,0.0,0.0,0.0
3,8,0,1,0,0,3,9,a+ a+ b+ B+ a+ a+ b+ B+ a+ a+ ,1.4634582986483033,1.7317291493241518,22,58,76,67d4c61d1d0b4878f2fe5d9b66186db9,4f3172f580a4b9d9873dda9a5ccccdb0,1.0,0.0,2.0,3.0,3.0,3.0,2.0,0.0,0.0,0.0,0.0,0.0,3.0,0.0,0.0,0.0,0.0,0.0,0.0
3,8,0,1,0,0,3,12,-b +a +a +B -b +a +a +B -b +a ,1.4983958159908184,2.167518278965993,19,59,76,67d4c61d1d0b4878f2fe5d9b66186db9,ecf3823d5a4d59543a2935b66fbdec06,1.0,0.0,2.0,3.0,3.0,3.0,0.0,0.0,0.0,0.0,2.0,0.0,0.0,0.0,0.0,0.0,0.0,0.0,0.0
2,4,0,0,1,1,2,3,a B b A b A b A b A b A b A b ,1.353359335021421,1.353359335021421,17,51,76,121d08e8d3508f48216f1b69b3d23605,9baadf3a4c838fd5f6d447e694fbed68,2.0,0.0,0.0,0.0,0.0,0.0,0.0,0.0,0.0,0.0,3.0,0.0,0.0,2.0,0.0,0.0,0.0,0.0,0.0
3,8,0,1,0,0,3,8,B+ a+ a- A+ B+ a+ a- A+ B+ a+ ,1.9967916319816368,2.1410863817377597,21,59,76,70e1d4e118d076514296ccf0f2db8f71,ef0aa4d7d32eef317e002853a776a147,1.0,0.0,2.0,3.0,3.0,3.0,0.0,0.0,0.0,0.0,2.0,0.0,3.0,0.0,0.0,0.0,0.0,0.0,0.0
3,8,0,1,0,0,3,9,B+ a+ a+ a+ a+ a+ a+ a+ a+ a+ ,0.21084230031853213,1.1054211501592661,14,46,72,67d4c61d1d0b4878f2fe5d9b66186db9,4f3172f580a4b9d9873dda9a5ccccdb0,1.0,0.0,2.0,3.0,3.0,3.0,0.0,0.0,0.0,0.0,2.0,0.0,0.0,0.0,0.0,0.0,0.0,0.0,0.0
3,8,0,1,0,0,3,13,-a -b -a -b -a -b -a -b -a -b ,1.0,1.5,17,50,76,67d4c61d1d0b4878f2fe5d9b66186db9,908ccf0f892726fb19d2fdbb5589e828,1.0,0.0,2.0,3.0,3.0,3.0,0.0,0.0,0.0,0.0,0.0,0.0,0.0,0.0,0.0,2.0,0.0,0.0,0.0
3,8,0,1,0,0,3,14,b- a- a- b+ b- a- a- b+ b- a- ,1.4983958159908184,1.8918884737423507,19,58,76,67d4c61d1d0b4878f2fe5d9b66186db9,4f3172f580a4b9d9873dda9a5ccccdb0,1.0,0.0,2.0,3.0,3.0,3.0,0.0,0.0,0.0,0.0,0.0,0.0,0.0,2.0,0.0,0.0,0.0,0.0,0.0
3,8,0,1,0,0,3,9,-A +a +a -a +a -a +a -a +a -a ,1.1766796675107107,1.6054211501592661,17,56,76,f432d6b52c5184fc71c9b55f7e823cd0,a290c37ce461b1258f0edd054a8e8940,1.0,0.0,2.0,3.0,3.0,3.0,0.0,0.0,0.0,0.0,0.0,0.0,0.0,2.0,0.0,0.0,0.0,0.0,0.0
3,5,1,1,0,0,3,6,A+ a- a+ a+ a+ a+ a+ a+ a+ a+ ,0.420026001688088,1.210842300318532,18,49,76,39751a061542377f4e2a0beb0c8309ac,7b0836bfafb0c11633574e581dc16839,1.0,2.0,1.0,2.0,2.0,2.0,0.0,0.0,0.0,0.0,0.0,0.0,0.0,0.0,0.0,0.0,0.0,0.0,0.0
3,8,0,1,0,0,3,10,-a +A -a +A -a +A -a +A -a +A ,1.0,2.0,17,51,76,f432d6b52c5184fc71c9b55f7e823cd0,a290c37ce461b1258f0edd054a8e8940,1.0,0.0,2.0,3.0,3.0,3.0,0.0,0.0,0.0,0.0,0.0,0.0,2.0,0.0,0.0,0.0,2.0,0.0,0.0
3,8,0,1,0,0,3,9,-a +a -B -A -a +a -B -A -a +a ,1.9967916319816368,2.1500495202947354,23,58,80,70e1d4e118d076514296ccf0f2db8f71,2126aa829643dcfef46ff3db78f322a8,1.0,0.0,2.0,3.0,3.0,3.0,0.0,0.0,0.0,0.0,0.0,0.0,0.0,0.0,0.0,0.0,2.0,0.0,0.0
3,7,0,1,0,0,3,6,A- a- a+ B- A- a- a+ B- A- a- ,1.9967916319816368,2.1410863817377597,21,59,76,8602be5804b85d2adab89d86f79bee51,6eb48c58965262c19d39cbec03fb0c3e,2.0,0.0,1.0,2.0,2.0,2.0,0.0,0.0,0.0,0.0,0.0,2.0,0.0,0.0,0.0,0.0,0.0,0.0,3.0
2,3,0,1,0,0,2,2,A A A A A A A A A A A A A A A ,0.0,0.0,13,43,68,50858bd71f190f49aea7adf1908a451c,df9464802aaf891f4b13fbf2746412bd,1.0,2.0,0.0,0.0,0.0,0.0,0.0,1.0,2.0,2.0,0.0,0.0,0.0,0.0,0.0,0.0,0.0,0.0,0.0
3,8,0,1,0,0,3,9,B- a- a+ a+ a+ a+ a+ a+ a+ a+ ,0.420026001688088,1.2821008176699766,16,49,72,67d4c61d1d0b4878f2fe5d9b66186db9,58f52404578285e9516d6c501d12d7d7,1.0,0.0,2.0,3.0,3.0,3.0,0.0,0.0,0.0,0.0,2.0,0.0,3.0,0.0,0.0,0.0,0.0,0.0,0.0
3,8,0,1,0,0,3,13,a- a+ A- B- a- a+ A- B- a- a+ ,1.9967916319816368,2.1500495202947354,22,58,80,f432d6b52c5184fc71c9b55f7e823cd0,13f2efed502683c45be6ed5e712775c8,1.0,2.0,2.0,3.0,3.0,3.0,0.0,0.0,0.0,0.0,0.0,0.0,0.0,0.0,0.0,0.0,0.0,0.0,0.0
3,8,0,1,0,0,3,9,+B -a +B -a +B -a +B -a +B -a ,1.0,2.0,17,51,76,67d4c61d1d0b4878f2fe5d9b66186db9,ecf3823d5a4d59543a2935b66fbdec06,1.0,2.0,2.0,3.0,3.0,3.0,0.0,0.0,0.0,0.0,0.0,0.0,3.0,0.0,0.0,0.0,0.0,0.0,0.0
3,8,0,1,0,0,3,14,a- a- b- A- a- a- b- A- a- a- ,1.4634582986483033,1.7317291493241518,22,58,76,67d4c61d1d0b4878f2fe5d9b66186db9,4f3172f580a4b9d9873dda9a5ccccdb0,1.0,0.0,2.0,3.0,3.0,3.0,0.0,0.0,0.0,0.0,0.0,0.0,0.0,0.0,2.0,0.0,0.0,0.0,0.0
2,4,0,0,1,1,2,2,a A B A B A B A B A B A B A B ,1.1766796675107107,1.1766796675107107,15,49,72,38a9a6ebc90a332c0dfe97945349a3da,57f8a68d4361fb8f3b29ad1bad590e75,2.0,0.0,0.0,0.0,0.0,0.0,0.0,0.0,0.0,0.0,3.0,0.0,0.0,0.0,2.0,0.0,0.0,0.0,0.0
3,8,0,1,0,0,3,11,B- a+ A+ a+ A+ a+ A+ a+ A+ a+ ,1.1766796675107107,1.6937609839146215,18,54,76,70e1d4e118d076514296ccf0f2db8f71,ef0aa4d7d32eef317e002853a776a147,1.0,0.0,2.0,3.0,3.0,3.0,0.0,0.0,0.0,0.0,0.0,0.0,2.0,2.0,0.0,0.0,0.0,0.0,0.0
3,8,0,1,0,0,3,10,a- a- B+ a- B+ a- B+ a- B+ a- ,0.9967916319816366,1.9967916319816368,18,52,76,70e1d4e118d076514296ccf0f2db8f71,ef0aa4d7d32eef317e002853a776a147,1.0,0.0,2.0,3.0,3.0,3.0,0.0,0.0,0.0,0.0,0.0,0.0,2.0,0.0,2.0,0.0,0.0,0.0,0.0
3,7,0,1,0,0,3,10,+B +a -B +a -B +a -B +a -B +a ,1.1766796675107107,1.9983958159908184,17,52,76,0d71482cbe8c7fa4acf7b7bef52c580f,2de8f2eb13bdb957421b83ca32962397,0.0,0.0,2.0,3.0,3.0,3.0,0.0,1.0,2.0,2.0,0.0,0.0,0.0,0.0,0.0,0.0,0.0,0.0,0.0
3,8,0,1,0,0,3,9,-A -A -A -A -A -A -A -A -A -A ,0.0,1.0,14,46,72,67d4c61d1d0b4878f2fe5d9b66186db9,ecf3823d5a4d59543a2935b66fbdec06,1.0,0.0,2.0,3.0,3.0,3.0,0.0,0.0,0.0,0.0,0.0,0.0,0.0,0.0,0.0,0.0,2.0,0.0,0.0
3,5,1,1,0,0,3,5,+B +a +a +B +B +a +a +B +B +a ,1.0,1.5,19,54,76,39751a061542377f4e2a0beb0c8309ac,49ff3d68b03970787bff12732c915d7d,1.0,0.0,1.0,2.0,2.0,2.0,0.0,0.0,0.0,0.0,0.0,0.0,0.0,2.0,0.0,0.0,0.0,0.0,0.0
3,8,0,1,0,0,3,12,a- a- b- b- a- a- b- b- a- a- ,0.9967916319816366,1.4983958159908184,19,56,76,f432d6b52c5184fc71c9b55f7e823cd0,13f2efed502683c45be6ed5e712775c8,1.0,0.0,2.0,3.0,3.0,3.0,2.0,0.0,0.0,0.0,0.0,0.0,0.0,0.0,0.0,0.0,0.0,0.0,0.0
2,5,0,1,0,0,3,7,b a A a A a A a A a A a A a A ,1.1766796675107107,1.1766796675107107,15,49,72,f9a5951d926c0a7f9c63e13cfa2fc5a5,36c18a5eadbddf5f5730a1298f7bfea3,1.0,0.0,1.0,2.0,2.0,2.0,0.0,0.0,0.0,0.0,0.0,0.0,0.0,2.0,0.0,0.0,0.0,0.0,0.0
3,8,0,1,0,0,3,12,b- a- a+ b+ b- a- a+ b+ b- a- ,1.9967916319816368,1.9983958159908184,20,59,76,67d4c61d1d0b4878f2fe5d9b66186db9,f09452872f697d712d7d224467288261,1.0,0.0,2.0,3.0,3.0,3.0,0.0,0.0,0.0,0.0,0.0,0.0,2.0,2.0,0.0,0.0,0.0,0.0,0.0
3,8,0,1,0,0,3,9,-a -a -B +A -a -a -B +A -a -a ,1.4634582986483033,2.1236176230665023,21,58,76,f432d6b52c5184fc71c9b55f7e823cd0,a290c37ce461b1258f0edd054a8e8940,1.0,0.0,2.0,3.0,3.0,3.0,0.0,0.0,0.0,0.0,0.0,0.0,3.0,0.0,0.0,2.0,0.0,0.0,0.0
3,8,0,1,0,0,3,9,+a +a -b +A +a +a -b +A +a +a ,1.4634582986483033,2.1236176230665023,23,59,76,f432d6b52c5184fc71c9b55f7e823cd0,a290c37ce461b1258f0edd054a8e8940,1.0,0.0,2.0,3.0,3.0,3.0,0.0,0.0,0.0,0.0,0.0,0.0,0.0,0.0,2.0,0.0,0.0,0.0,0.0
3,6,1,1,0,0,3,10,a- a+ A- a+ A- a+ A- a+ A- a+ ,1.1766796675107107,1.9983958159908184,17,52,76,662932ff81e505eb185ad1d8c53dcffc,a2733b7ff5e30b109a840b92200c7f61,0.0,0.0,2.0,3.0,3.0,3.0,0.0,0.0,0.0,0.0,0.0,0.0,0.0,0.0,0.0,0.0,0.0,0.0,0.0
2,4,0,0,1,1,2,4,a a A B b A b A b A b A b A b ,1.4599344207871634,1.4599344207871634,20,53,76,121d08e8d3508f48216f1b69b3d23605,68aa611b8b5a6fc9e7fee62e5ddb2114,2.0,0.0,0.0,0.0,0.0,0.0,0.0,0.0,0.0,0.0,0.0,0.0,0.0,3.0,0.0,0.0,0.0,0.0,0.0
3,6,1,1,0,0,3,9,a- a+ A+ a+ A+ a+ A+ a+ A+ a+ ,1.1766796675107107,1.6038169661500845,18,52,76,662932ff81e505eb185ad1d8c53dcffc,a2733b7ff5e30b109a840b92200c7f61,0.0,0.0,2.0,3.0,3.0,3.0,0.0,0.0,0.0,0.0,0.0,0.0,0.0,0.0,0.0,0.0,0.0,0.0,0.0
3,7,0,1,0,0,3,7,+a -a -B +A +a -a -B +A +a -a ,1.9967916319816368,2.231729149324152,21,59,76,29a869da133108175da4079ed0493bfb,15d71bc25a214637752ef419151b1fd8,0.0,0.0,2.0,3.0,3.0,3.0,0.0,1.0,2.0,2.0,0.0,0.0,0.0,0.0,0.0,0.0,0.0,0.0,0.0
2,5,0,1,0,0,3,7,a a a a a a a a a a a a a a a ,0.0,0.0,13,43,68,f9a5951d926c0a7f9c63e13cfa2fc5a5,36c18a5eadbddf5f5730a1298f7bfea3,1.0,2.0,1.0,2.0,2.0,2.0,0.0,0.0,0.0,0.0,0.0,0.0,0.0,0.0,0.0,0.0,0.0,0.0,0.0
3,7,0,1,0,0,3,10,-B -a +a -B -B -a +a -B -B -a ,1.4983958159908184,1.8918884737423507,22,57,80,ee1baf1980e1a60b6b79de04d616f586,8b4a56953f99d59613cebc59a9e35b6a,2.0,0.0,1.0,2.0,2.0,2.0,0.0,0.0,0.0,0.0,0.0,0.0,0.0,3.0,0.0,0.0,0.0,2.0,0.0
3,7,0,1,0,0,3,11,b- a+ b+ a+ b+ a+ b+ a+ b+ a+ ,1.1766796675107107,1.6054211501592661,18,53,76,0d71482cbe8c7fa4acf7b7bef52c580f,e15581e4215db164303a02d45b3669c0,0.0,0.0,2.0,3.0,3.0,3.0,0.0,1.0,2.0,2.0,0.0,0.0,2.0,0.0,0.0,0.0,0.0,0.0,0.0
3,8,0,1,0,0,3,11,B- a- a+ B+ B- a- a+ B+ B- a- ,1.9967916319816368,1.9983958159908184,20,59,76,67d4c61d1d0b4878f2fe5d9b66186db9,58f52404578285e9516d6c501d12d7d7,1.0,0.0,2.0,3.0,3.0,3.0,0.0,0.0,0.0,0.0,0.0,0.0,3.0,2.0,0.0,0.0,0.0,0.0,0.0
3,8,0,1,0,0,3,13,+a -a -B -b +a -a -B -b +a -a ,1.9967916319816368,2.1500495202947354,21,62,76,67d4c61d1d0b4878f2fe5d9b66186db9,ecf3823d5a4d59543a2935b66fbdec06,1.0,0.0,2.0,3.0,3.0,3.0,0.0,0.0,0.0,0.0,0.0,0.0,2.0,0.0,0.0,0.0,0.0,0.0,2.0
3,7,0,1,0,0,3,8,-b +a -a +A -b +a -a +A -b +a ,1.9967916319816368,2.249197907995409,23,61,80,a69d8d31196ad888a5bf41504c03de86,12a57c8bdaad7f967c06a4c5bea5a87f,0.0,0.0,2.0,3.0,3.0,3.0,0.0,1.0,2.0,2.0,0.0,0.0,3.0,0.0,0.0,0.0,0.0,0.0,0.0
3,8,0,1,0,0,3,7,B- a- A+ a- A+ a- A+ a- A+ a- ,1.1766796675107107,2.0867356497461738,18,54,76,f432d6b52c5184fc71c9b55f7e823cd0,13f2efed502683c45be6ed5e712775c8,1.0,0.0,2.0,3.0,3.0,3.0,0.0,0.0,0.0,0.0,0.0,0.0,0.0,2.0,0.0,0.0,0.0,0.0,0.0
2,4,0,0,1,1,2,4,b A a a B B a a B B a a B B a ,1.353359335021421,1.353359335021421,19,53,76,496b1d087247d9edf9bbdde67e7e4036,5ea80bfada2de4934702c834296b5368,2.0,0.0,0.0,0.0,0.0,0.0,0.0,0.0,0.0,0.0,0.0,0.0,0.0,3.0,0.0,0.0,0.0,0.0,0.0
3,8,0,1,0,0,3,11,-b +a -A +a -A +a -A +a -A +a ,1.1766796675107107,2.0883398337553554,18,52,76,f432d6b52c5184fc71c9b55f7e823cd0,a290c37ce461b1258f0edd054a8e8940,1.0,0.0,2.0,3.0,3.0,3.0,0.0,0.0,0.0,0.0,0.0,0.0,3.0,0.0,0.0,2.0,0.0,0.0,0.0
3,7,0,1,0,0,3,7,B+ a- B+ a- B+ a- B+ a- B+ a- ,1.0,2.0,17,51,76,0d71482cbe8c7fa4acf7b7bef52c580f,e15581e4215db164303a02d45b3669c0,0.0,0.0,2.0,3.0,3.0,3.0,0.0,1.0,2.0,2.0,0.0,0.0,0.0,0.0,0.0,0.0,0.0,0.0,0.0
3,8,0,1,0,0,3,9,B+ a- a+ a+ a+ a+ a+ a+ a+ a+ ,0.420026001688088,1.210842300318532,18,49,76,f432d6b52c5184fc71c9b55f7e823cd0,6973943555b3bb838d763876c93538fe,1.0,0.0,2.0,3.0,3.0,3.0,0.0,0.0,0.0,0.0,2.0,0.0,0.0,0.0,0.0,0.0,0.0,0.0,0.0
3,8,0,1,0,0,3,11,-a -a +B -b -a -a +B -b -a -a ,1.4634582986483033,2.1236176230665023,23,59,76,67d4c61d1d0b4878f2fe5d9b66186db9,ecf3823d5a4d59543a2935b66fbdec06,1.0,0.0,2.0,3.0,3.0,3.0,0.0,0.0,0.0,0.0,0.0,0.0,0.0,0.0,0.0,0.0,0.0,2.0,0.0
3,6,1,1,0,0,3,13,A- a- a- a- a- a- a- a- a- a- ,0.21084230031853213,1.1054211501592661,14,46,72,662932ff81e505eb185ad1d8c53dcffc,0302a742314a08955f2db2c0e5025d3e,0.0,0.0,2.0,3.0,3.0,3.0,0.0,0.0,0.0,0.0,0.0,0.0,0.0,0.0,0.0,0.0,0.0,0.0,0.0
3,8,0,1,0,0,3,11,+A -a -b -a -b -a -b -a -b -a ,1.1766796675107107,1.6937609839146215,18,52,76,67d4c61d1d0b4878f2fe5d9b66186db9,ecf3823d5a4d59543a2935b66fbdec06,1.0,0.0,2.0,3.0,3.0,3.0,2.0,0.0,0.0,0.0,0.0,0.0,2.0,0.0,0.0,0.0,0.0,0.0,0.0
3,5,1,1,0,0,3,8,-b -a -a -B -b -a -a -B -b -a ,1.4983958159908184,1.7491979079954092,19,56,76,39751a061542377f4e2a0beb0c8309ac,c4e1b0e09a552071e27b216fc94d13b7,1.0,0.0,1.0,2.0,2.0,2.0,0.0,0.0,0.0,0.0,0.0,0.0,0.0,2.0,0.0,0.0,0.0,0.0,0.0
3,8,0,1,0,0,3,8,B+ a+ a+ a- a+ a- a+ a- a+ a- ,1.1766796675107107,1.6038169661500845,16,55,76,67d4c61d1d0b4878f2fe5d9b66186db9,58f52404578285e9516d6c501d12d7d7,1.0,0.0,2.0,3.0,3.0,3.0,0.0,0.0,0.0,0.0,2.0,0.0,3.0,0.0,0.0,0.0,0.0,0.0,0.0
3,5,1,1,0,0,3,7,a- a- a+ a- a+ a- a+ a- a+ a- ,0.9967916319816366,1.4983958159908184,16,52,72,39751a061542377f4e2a0beb0c8309ac,174977a4894a10749e1ea65add5ed8b2,1.0,0.0,1.0,2.0,2.0,2.0,0.0,0.0,0.0,0.0,0.0,0.0,0.0,2.0,0.0,0.0,0.0,0.0,0.0
3,7,0,1,0,0,3,11,+a -a +b -b +a -a +b -b +a -a ,1.9967916319816368,1.9983958159908184,23,57,80,a69d8d31196ad888a5bf41504c03de86,12a57c8bdaad7f967c06a4c5bea5a87f,0.0,0.0,2.0,3.0,3.0,3.0,0.0,1.0,2.0,2.0,0.0,0.0,2.0,0.0,0.0,0.0,0.0,0.0,0.0
3,5,1,1,0,0,3,6,-A -a -a -b -A -a -a -b -A -a ,1.4983958159908184,1.7491979079954092,19,56,76,39751a061542377f4e2a0beb0c8309ac,49ff3d68b03970787bff12732c915d7d,1.0,0.0,1.0,2.0,2.0,2.0,0.0,0.0,0.0,0.0,0.0,2.0,0.0,0.0,0.0,0.0,0.0,0.0,0.0
3,7,0,1,0,0,3,5,a+ a+ a- a+ a- a+ a- a+ a- a+ ,0.9967916319816366,1.4983958159908184,16,52,72,5924bfe2c6b111489f74e1ac29154378,921b6b6820fde8b0963fd3308acfbd3b,2.0,2.0,1.0,2.0,2.0,2.0,0.0,0.0,0.0,0.0,0.0,0.0,0.0,0.0,3.0,0.0,0.0,0.0,0.0
2,4,0,0,1,1,2,5,B a b B b B b B b B b B b B b ,1.1766796675107107,1.1766796675107107,17,48,76,496b1d087247d9edf9bbdde67e7e4036,01686c4e541ed1e7c4456d39132e65e0,2.0,0.0,0.0,0.0,0.0,0.0,0.0,0.0,0.0,0.0,0.0,0.0,0.0,3.0,0.0,0.0,2.0,0.0,0.0
3,7,0,1,0,0,3,8,b+ A- b+ A- b+ A- b+ A- b+ A- ,1.0,2.0,17,51,76,ee1baf1980e1a60b6b79de04d616f586,1ac4e3cbebaad2fc1f1e6c5273a1cae5,2.0,0.0,1.0,2.0,2.0,2.0,0.0,0.0,0.0,0.0,0.0,0.0,2.0,3.0,0.0,0.0,0.0,0.0,0.0
3,7,0,1,0,0,3,8,A+ a- b+ a- b+ a- b+ a- b+ a- ,1.1766796675107107,2.0883398337553554,17,54,76,a69d8d31196ad888a5bf41504c03de86,3824296f034e7ac6b0b6c3cf75dcb0f5,0.0,0.0,2.0,3.0,3.0,3.0,0.0,1.0,2.0,2.0,0.0,0.0,2.0,0.0,0.0,0.0,0.0,0.0,0.0
3,7,0,1,0,0,3,10,-a -a -b +B -a -a -b +B -a -a ,1.4634582986483033,2.1236176230665023,21,58,76,8602be5804b85d2adab89d86f79bee51,cce02a9b9e9c280de44289af3a7bcb89,2.0,0.0,1.0,2.0,2.0,2.0,0.0,0.0,0.0,0.0,0.0,0.0,2.0,0.0,0.0,3.0,0.0,0.0,0.0
3,4,1,1,0,0,2,5,a- a+ A- A- a- a+ A- A- a- a+ ,1.53012496531497,1.916716186961402,20,59,76,0a1e173fbdb7fac80f15c300188a85b0,6601ee7449224f42a9844c3cff7cb695,2.0,0.0,0.0,0.0,0.0,0.0,0.0,0.0,0.0,0.0,0.0,0.0,0.0,3.0,0.0,0.0,2.0,0.0,0.0
2,4,0,0,1,1,2,5,B A b B b B b B b B b B b B b ,1.1766796675107107,1.1766796675107107,17,48,76,496b1d087247d9edf9bbdde67e7e4036,ade9418bd44b8471675bd2c5b9dbab89,2.0,0.0,0.0,0.0,0.0,0.0,0.0,0.0,0.0,0.0,0.0,0.0,0.0,3.0,0.0,0.0,2.0,0.0,0.0
3,8,0,1,0,0,3,7,A+ a+ a+ B- A+ a+ a+ B- A+ a+ ,1.4983958159908184,2.1410863817377597,19,58,76,67d4c61d1d0b4878f2fe5d9b66186db9,4f3172f580a4b9d9873dda9a5ccccdb0,1.0,0.0,2.0,3.0,3.0,3.0,0.0,0.0,0.0,0.0,0.0,2.0,0.0,0.0,0.0,0.0,0.0,0.0,0.0
3,8,0,1,0,0,3,10,-A -a +a -b -A -a +a -b -A -a ,1.9967916319816368,2.1410863817377597,23,58,80,70e1d4e118d076514296ccf0f2db8f71,2126aa829643dcfef46ff3db78f322a8,1.0,0.0,2.0,3.0,3.0,3.0,0.0,0.0,0.0,0.0,0.0,0.0,0.0,0.0,0.0,0.0,0.0,2.0,0.0
3,8,0,1,0,0,3,11,b+ b- b+ b- b+ b- b+ b- b+ b- ,1.0,1.5,17,50,76,70e1d4e118d076514296ccf0f2db8f71,ef0aa4d7d32eef317e002853a776a147,1.0,0.0,2.0,3.0,3.0,3.0,0.0,0.0,0.0,0.0,0.0,0.0,0.0,0.0,0.0,0.0,2.0,0.0,0.0
3,8,0,1,0,0,3,10,-b -a -B -a -B -a -B -a -B -a ,1.1766796675107107,1.5883398337553554,18,52,76,f432d6b52c5184fc71c9b55f7e823cd0,a290c37ce461b1258f0edd054a8e8940,1.0,0.0,2.0,3.0,3.0,3.0,0.0,0.0,0.0,0.0,0.0,0.0,3.0,0.0,0.0,0.0,2.0,0.0,0.0
2,3,0,0,1,1,2,2,A A a A a A a A a A a A a A a ,0.9967916319816366,0.9967916319816366,15,47,72,675edf7721ded81876429272f3a5a11a,6d16908570906323be6f08193975e1f1,1.0,0.0,0.0,0.0,0.0,0.0,0.0,1.0,2.0,2.0,0.0,0.0,0.0,0.0,2.0,0.0,0.0,0.0,0.0
3,8,0,1,0,0,3,14,A- B+ A- B+ A- B+ A- B+ A- B+ ,1.0,2.0,17,51,76,70e1d4e118d076514296ccf0f2db8f71,ef0aa4d7d32eef317e002853a776a147,1.0,0.0,2.0,3.0,3.0,3.0,0.0,0.0,0.0,0.0,0.0,0.0,0.0,0.0,0.0,0.0,0.0,0.0,2.0
3,8,0,1,0,0,3,12,+a -a +b +a +b +a +b +a +b +a ,1.1766796675107107,1.6038169661500845,20,53,76,70e1d4e118d076514296ccf0f2db8f71,2126aa829643dcfef46ff3db78f322a8,1.0,0.0,2.0,3.0,3.0,3.0,0.0,0.0,0.0,0.0,0.0,2.0,0.0,0.0,0.0,0.0,0.0,0.0,0.0
3,8,0,1,0,0,3,8,+a -a +A +A +a -a +A +A +a -a ,1.53012496531497,1.916716186961402,19,56,76,f432d6b52c5184fc71c9b55f7e823cd0,a290c37ce461b1258f0edd054a8e8940,1.0,0.0,2.0,3.0,3.0,3.0,0.0,0.0,0.0,0.0,0.0,2.0,3.0,0.0,0.0,0.0,0.0,0.0,0.0
3,8,0,1,0,0,3,9,a- a- A+ b- a- a- A+ b- a- a- ,1.4634582986483033,2.1236176230665023,22,59,76,67d4c61d1d0b4878f2fe5d9b66186db9,58f52404578285e9516d6c501d12d7d7,1.0,2.0,2.0,3.0,3.0,3.0,0.0,0.0,0.0,0.0,0.0,0.0,0.0,0.0,0.0,0.0,0.0,0.0,0.0
3,8,0,1,0,0,3,11,a- a- b+ b+ a- a- b+ b+ a- a- ,0.9967916319816366,1.9967916319816368,20,57,76,f432d6b52c5184fc71c9b55f7e823cd0,6973943555b3bb838d763876c93538fe,1.0,0.0,2.0,3.0,3.0,3.0,2.0,0.0,0.0,0.0,0.0,0.0,0.0,0.0,0.0,0.0,0.0,0.0,0.0
2,5,0,1,0,0,3,5,B a A a A a A a A a A a A a A ,1.1766796675107107,1.1766796675107107,15,49,72,f9a5951d926c0a7f9c63e13cfa2fc5a5,36c18a5eadbddf5f5730a1298f7bfea3,1.0,0.0,1.0,2.0,2.0,2.0,0.0,0.0,0.0,0.0,0.0,0.0,0.0,2.0,0.0,0.0,0.0,0.0,0.0
3,8,0,1,0,0,3,8,-A +a +a -A -A +a +a -A -A +a ,1.0,2.0,20,56,76,70e1d4e118d076514296ccf0f2db8f71,2126aa829643dcfef46ff3db78f322a8,1.0,0.0,2.0,3.0,3.0,3.0,0.0,0.0,0.0,0.0,0.0,0.0,3.0,2.0,0.0,0.0,0.0,0.0,0.0
3,7,0,1,0,0,3,7,B+ a+ A+ a+ A+ a+ A+ a+ A+ a+ ,1.1766796675107107,1.5883398337553554,17,50,76,8602be5804b85d2adab89d86f79bee51,54a54ceaed7b4e13a20da513f31013ff,2.0,3.0,1.0,2.0,2.0,2.0,0.0,0.0,0.0,0.0,0.0,0.0,2.0,2.0,0.0,0.0,0.0,0.0,0.0
3,7,0,1,0,0,3,11,+b +a -a -A +b +a -a -A +b +a ,1.9967916319816368,2.2475937239862276,21,59,80,29a869da133108175da4079ed0493bfb,15d71bc25a214637752ef419151b1fd8,0.0,0.0,2.0,3.0,3.0,3.0,0.0,1.0,2.0,2.0,0.0,0.0,0.0,0.0,0.0,0.0,0.0,0.0,0.0
3,8,0,1,0,0,3,9,a- a+ B+ b+ a- a+ B+ b+ a- a+ ,1.9967916319816368,2.1500495202947354,23,59,80,67d4c61d1d0b4878f2fe5d9b66186db9,4f3172f580a4b9d9873dda9a5ccccdb0,1.0,0.0,2.0,3.0,3.0,3.0,2.0,0.0,0.0,0.0,0.0,0.0,2.0,0.0,0.0,0.0,0.0,0.0,0.0
3,5,1,1,0,0,3,8,-a -a -b -A -a -a -b -A -a -a ,1.4634582986483033,1.7317291493241518,21,57,76,39751a061542377f4e2a0beb0c8309ac,c4e1b0e09a552071e27b216fc94d13b7,1.0,0.0,1.0,2.0,2.0,2.0,0.0,0.0,0.0,0.0,0.0,0.0,0.0,0.0,2.0,0.0,0.0,0.0,0.0
3,8,0,1,0,0,3,8,a+ a- B+ B+ a+ a- B+ B+ a+ a- ,1.53012496531497,1.916716186961402,20,59,76,67d4c61d1d0b4878f2fe5d9b66186db9,f09452872f697d712d7d224467288261,1.0,0.0,2.0,3.0,3.0,3.0,2.0,0.0,0.0,0.0,0.0,0.0,0.0,0.0,0.0,0.0,0.0,0.0,0.0
2,3,0,1,0,0,2,4,b b b b b b b b b b b b b b b ,0.0,0.0,13,43,68,50858bd71f190f49aea7adf1908a451c,91cb79e7e51f154ea55684b50fb158ed,1.0,0.0,0.0,0.0,0.0,0.0,0.0,1.0,2.0,2.0,0.0,0.0,0.0,0.0,0.0,0.0,0.0,2.0,0.0
3,8,0,1,0,0,3,8,B+ A- B+ A- B+ A- B+ A- B+ A- ,1.0,2.0,17,51,76,f432d6b52c5184fc71c9b55f7e823cd0,13f2efed502683c45be6ed5e712775c8,1.0,0.0,2.0,3.0,3.0,3.0,0.0,0.0,0.0,0.0,0.0,0.0,0.0,2.0,0.0,0.0,0.0,0.0,0.0
3,8,0,1,0,0,3,14,a+ a- b- b- a+ a- b- b- a+ a- ,1.53012496531497,1.916716186961402,19,57,76,67d4c61d1d0b4878f2fe5d9b66186db9,f09452872f697d712d7d224467288261,1.0,0.0,2.0,3.0,3.0,3.0,2.0,0.0,0.0,0.0,0.0,0.0,0.0,0.0,0.0,0.0,0.0,0.0,0.0
2,4,0,0,1,1,2,3,a B B a A a A a A a A a A a A ,1.2832547532764527,1.2832547532764527,17,49,76,121d08e8d3508f48216f1b69b3d23605,c6759bd27af42393f12bd5da489f3f43,2.0,0.0,0.0,0.0,0.0,0.0,2.0,0.0,0.0,0.0,0.0,3.0,0.0,0.0,0.0,0.0,0.0,0.0,0.0
3,8,0,1,0,0,3,8,B+ a+ a+ A+ B+ a+ a+ A+ B+ a+ ,1.4983958159908184,1.7491979079954092,19,56,76,f432d6b52c5184fc71c9b55f7e823cd0,13f2efed502683c45be6ed5e712775c8,1.0,0.0,2.0,3.0,3.0,3.0,0.0,0.0,0.0,0.0,2.0,0.0,0.0,0.0,0.0,0.0,0.0,0.0,0.0
3,8,0,1,0,0,3,14,b+ a- b- a- b- a- b- a- b- a- ,1.1766796675107107,1.6054211501592661,18,53,76,f432d6b52c5184fc71c9b55f7e823cd0,6973943555b3bb838d763876c93538fe,1.0,0.0,2.0,3.0,3.0,3.0,0.0,0.0,0.0,0.0,0.0,0.0,0.0,0.0,0.0,2.0,0.0,0.0,0.0
3,8,0,1,0,0,3,13,-b -a +a -B -b -a +a -B -b -a ,1.9967916319816368,2.1410863817377597,23,58,80,f432d6b52c5184fc71c9b55f7e823cd0,a290c37ce461b1258f0edd054a8e8940,1.0,0.0,2.0,3.0,3.0,3.0,0.0,0.0,0.0,0.0,0.0,0.0,3.0,0.0,0.0,0.0,0.0,2.0,0.0
3,7,0,1,0,0,3,10,+a -B +a -B +a -B +a -B +a -B ,1.0,2.0,17,51,76,0d71482cbe8c7fa4acf7b7bef52c580f,efd2af8616991c24ba53970fd8e64fce,0.0,0.0,2.0,3.0,3.0,3.0,0.0,1.0,2.0,2.0,0.0,0.0,0.0,0.0,0.0,0.0,0.0,0.0,0.0
3,8,0,1,0,0,3,7,a- a+ A- B+ a- a+ A- B+ a- a+ ,1.9967916319816368,2.231729149324152,23,61,80,f432d6b52c5184fc71c9b55f7e823cd0,13f2efed502683c45be6ed5e712775c8,1.0,2.0,2.0,3.0,3.0,3.0,0.0,0.0,0.0,0.0,0.0,0.0,3.0,0.0,0.0,0.0,0.0,0.0,0.0
2,4,0,0,1,1,2,5,B B b a B B b a B B b a B B b ,1.4634582986483033,1.4634582986483033,18,51,76,38a9a6ebc90a332c0dfe97945349a3da,57f8a68d4361fb8f3b29ad1bad590e75,2.0,0.0,0.0,0.0,0.0,0.0,3.0,0.0,0.0,0.0,0.0,0.0,0.0,0.0,0.0,2.0,0.0,0.0,0.0
3,8,0,1,0,0,3,11,+b -a -a +a -a +a -a +a -a +a ,1.1766796675107107,1.6054211501592661,17,56,76,f432d6b52c5184fc71c9b55f7e823cd0,a290c37ce461b1258f0edd054a8e8940,1.0,0.0,2.0,3.0,3.0,3.0,2.0,0.0,0.0,0.0,0.0,0.0,0.0,0.0,0.0,0.0,0.0,0.0,0.0
3,8,0,1,0,0,3,13,b+ a- B- a- B- a- B- a- B- a- ,1.1766796675107107,1.6937609839146215,18,54,76,67d4c61d1d0b4878f2fe5d9b66186db9,4f3172f580a4b9d9873dda9a5ccccdb0,1.0,0.0,2.0,3.0,3.0,3.0,0.0,0.0,0.0,0.0,0.0,0.0,0.0,0.0,0.0,2.0,0.0,0.0,0.0
3,8,0,1,0,0,3,11,-a +a +B +b -a +a +B +b -a +a ,1.9967916319816368,2.1500495202947354,21,62,76,70e1d4e118d076514296ccf0f2db8f71,2126aa829643dcfef46ff3db78f322a8,1.0,0.0,2.0,3.0,3.0,3.0,0.0,0.0,0.0,0.0,2.0,0.0,0.0,0.0,0.0,0.0,0.0,0.0,0.0
2,4,0,0,1,1,2,3,B A b a a a a a a a a a a a a ,0.6274918436613968,0.6274918436613968,17,47,76,121d08e8d3508f48216f1b69b3d23605,228b2f6b1d7606944b9d85412a6d8887,2.0,0.0,0.0,0.0,0.0,0.0,0.0,0.0,0.0,0.0,2.0,0.0,0.0,3.0,0.0,0.0,0.0,0.0,0.0
3,8,0,1,0,0,3,12,b+ a- a- b- b+ a- a- b- b+ a- ,1.4983958159908184,1.9183203709705836,19,60,76,70e1d4e118d076514296ccf0f2db8f71,ef0aa4d7d32eef317e002853a776a147,1.0,0.0,2.0,3.0,3.0,3.0,0.0,0.0,0.0,0.0,0.0,0.0,2.0,2.0,0.0,0.0,0.0,0.0,0.0
3,8,0,1,0,0,3,10,+b -a -B -a -B -a -B -a -B -a ,1.1766796675107107,1.6937609839146215,18,52,76,67d4c61d1d0b4878f2fe5d9b66186db9,908ccf0f892726fb19d2fdbb5589e828,1.0,0.0,2.0,3.0,3.0,3.0,2.0,0.0,0.0,0.0,0.0,0.0,0.0,0.0,0.0,0.0,0.0,0.0,0.0
3,4,1,1,0,0,3,5,a+ a+ A+ A+ a+ a+ A+ A+ a+ a+ ,0.9967916319816366,1.4983958159908184,19,56,76,b4f81c34f2a0b86b46478f06add8548b,371fd319175c2f1ca191855c933d0149,0.0,0.0,1.0,2.0,2.0,2.0,0.0,1.0,2.0,2.0,0.0,0.0,2.0,0.0,0.0,0.0,0.0,0.0,0.0
3,8,0,1,0,0,3,11,a+ a+ b- a- b- a- b- a- b- a- ,1.2866926683547546,1.6750754835015291,21,57,76,f432d6b52c5184fc71c9b55f7e823cd0,13f2efed502683c45be6ed5e712775c8,1.0,0.0,2.0,3.0,3.0,3.0,0.0,0.0,0.0,0.0,0.0,0.0,3.0,0.0,2.0,0.0,0.0,0.0,0.0
3,8,0,1,0,0,3,10,a- a+ b- A- a- a+ b- A- a- a+ ,1.9967916319816368,2.1500495202947354,22,58,80,67d4c61d1d0b4878f2fe5d9b66186db9,f09452872f697d712d7d224467288261,1.0,0.0,2.0,3.0,3.0,3.0,0.0,0.0,0.0,0.0,0.0,0.0,0.0,0.0,2.0,0.0,0.0,0.0,0.0
3,8,0,1,0,0,3,12,+b -a +a +b +b -a +a +b +b -a ,1.4983958159908184,1.9183203709705836,21,59,80,67d4c61d1d0b4878f2fe5d9b66186db9,908ccf0f892726fb19d2fdbb5589e828,1.0,2.0,2.0,3.0,3.0,3.0,0.0,0.0,0.0,0.0,0.0,0.0,2.0,0.0,0.0,0.0,0.0,0.0,0.0
3,8,0,1,0,0,3,5,a+ a+ b+ a+ b+ a+ b+ a+ b+ a+ ,0.9967916319816366,1.4983958159908184,17,52,72,67d4c61d1d0b4878f2fe5d9b66186db9,58f52404578285e9516d6c501d12d7d7,1.0,0.0,2.0,3.0,3.0,3.0,0.0,0.0,0.0,0.0,0.0,0.0,0.0,0.0,2.0,0.0,0.0,0.0,0.0
3,8,0,1,0,0,3,10,B- a+ a+ a+ a+ a+ a+ a+ a+ a+ ,0.21084230031853213,1.2108423003185322,15,48,72,f432d6b52c5184fc71c9b55f7e823cd0,6973943555b3bb838d763876c93538fe,1.0,0.0,2.0,3.0,3.0,3.0,0.0,0.0,0.0,0.0,2.0,0.0,2.0,0.0,0.0,0.0,0.0,0.0,0.0
3,7,0,1,0,0,3,9,A+ b- A+ b- A+ b- A+ b- A+ b- ,1.0,2.0,17,51,76,29a869da133108175da4079ed0493bfb,710122b2d22ef8da6cec05c9e0ed8f49,0.0,0.0,2.0,3.0,3.0,3.0,0.0,1.0,2.0,2.0,0.0,0.0,0.0,0.0,0.0,0.0,0.0,0.0,0.0
2,4,0,0,1,1,2,4,a B B B B B B B B B B B B B B ,0.21084230031853213,0.21084230031853213,13,44,72,496b1d087247d9edf9bbdde67e7e4036,9d8f5409bf36fcf55cf2dce7f5bc0284,2.0,0.0,0.0,0.0,0.0,0.0,0.0,0.0,0.0,0.0,0.0,3.0,0.0,0.0,0.0,2.0,0.0,0.0,0.0
3,8,0,1,0,0,3,11,+B -a +b -a +b -a +b -a +b -a ,1.1766796675107107,2.0883398337553554,18,52,76,70e1d4e118d076514296ccf0f2db8f71,2126aa829643dcfef46ff3db78f322a8,1.0,2.0,2.0,3.0,3.0,3.0,0.0,0.0,0.0,0.0,0.0,0.0,2.0,0.0,0.0,0.0,0.0,0.0,0.0
2,5,0,1,0,0,3,7,a a B b a a B b a a B b a a B ,1.4634582986483033,1.4634582986483033,18,51,76,f9a5951d926c0a7f9c63e13cfa2fc5a5,36c18a5eadbddf5f5730a1298f7bfea3,1.0,0.0,1.0,2.0,2.0,2.0,2.0,0.0,0.0,0.0,0.0,0.0,0.0,0.0,0.0,0.0,0.0,0.0,0.0
3,8,0,1,0,0,3,10,+B -B +B -B +B -B +B -B +B -B ,1.0,1.5,17,52,72,70e1d4e118d076514296ccf0f2db8f71,2126aa829643dcfef46ff3db78f322a8,1.0,0.0,2.0,3.0,3.0,3.0,2.0,0.0,0.0,0.0,0.0,0.0,0.0,0.0,0.0,0.0,0.0,0.0,0.0
3,8,0,1,0,0,3,13,-b +A -b +A -b +A -b +A -b +A ,1.0,2.0,17,51,76,70e1d4e118d076514296ccf0f2db8f71,2126aa829643dcfef46ff3db78f322a8,1.0,0.0,2.0,3.0,3.0,3.0,0.0,0.0,0.0,0.0,0.0,0.0,3.0,0.0,0.0,2.0,0.0,0.0,0.0
3,8,0,1,0,0,3,5,a- A+ a- A+ a- A+ a- A+ a- A+ ,1.0,2.0,17,51,76,67d4c61d1d0b4878f2fe5d9b66186db9,f09452872f697d712d7d224467288261,1.0,2.0,2.0,3.0,3.0,3.0,0.0,0.0,0.0,0.0,0.0,0.0,0.0,0.0,0.0,0.0,0.0,0.0,0.0
3,6,0,1,0,0,3,7,+a +a -B -b +a +a -B -b +a +a ,1.4634582986483033,2.23012496531497,23,57,76,3982e287b49ad5f44525c7867b50c1c0,1da64449bb6ff9da15bb043a06de871a,1.0,0.0,1.0,2.0,2.0,2.0,2.0,1.0,2.0,2.0,0.0,0.0,2.0,0.0,0.0,0.0,0.0,0.0,0.0
2,4,0,0,1,1,2,4,B B A B A B A B A B A B A B A ,0.9967916319816366,0.9967916319816366,15,47,72,121d08e8d3508f48216f1b69b3d23605,6d81d45e6cd9aa5efac502167dcaebdd,2.0,0.0,0.0,0.0,0.0,0.0,0.0,0.0,0.0,0.0,0.0,0.0,0.0,3.0,0.0,0.0,0.0,0.0,0.0
3,8,0,1,0,0,3,12,-a -a +b +a +b +a +b +a +b +a ,1.2866926683547546,1.6750754835015291,20,55,76,67d4c61d1d0b4878f2fe5d9b66186db9,ecf3823d5a4d59543a2935b66fbdec06,1.0,0.0,2.0,3.0,3.0,3.0,0.0,0.0,0.0,0.0,0.0,0.0,0.0,2.0,0.0,0.0,0.0,0.0,0.0
2,4,0,0,1,1,2,4,b A B B B B B B B B B B B B B ,0.420026001688088,0.420026001688088,15,46,72,38a9a6ebc90a332c0dfe97945349a3da,57f8a68d4361fb8f3b29ad1bad590e75,2.0,0.0,0.0,0.0,0.0,0.0,0.0,0.0,0.0,0.0,3.0,0.0,0.0,0.0,0.0,2.0,0.0,0.0,0.0
3,8,0,1,0,0,3,12,-b -a -a +B -b -a -a +B -b -a ,1.4983958159908184,2.1410863817377597,20,57,76,70e1d4e118d076514296ccf0f2db8f71,2126aa829643dcfef46ff3db78f322a8,1.0,0.0,2.0,3.0,3.0,3.0,0.0,0.0,0.0,0.0,0.0,0.0,2.0,0.0,0.0,0.0,2.0,0.0,0.0
3,7,0,1,0,0,3,10,-b -B -b -B -b -B -b -B -b -B ,1.0,1.5,17,50,76,0d71482cbe8c7fa4acf7b7bef52c580f,2de8f2eb13bdb957421b83ca32962397,0.0,0.0,2.0,3.0,3.0,3.0,0.0,1.0,2.0,2.0,0.0,0.0,0.0,0.0,0.0,0.0,0.0,0.0,0.0
3,8,0,1,0,0,3,10,+b +a -a +A +b +a -a +A +b +a ,1.9967916319816368,2.1410863817377597,23,58,80,67d4c61d1d0b4878f2fe5d9b66186db9,908ccf0f892726fb19d2fdbb5589e828,1.0,0.0,2.0,3.0,3.0,3.0,0.0,0.0,0.0,0.0,0.0,0.0,0.0,0.0,2.0,0.0,0.0,0.0,0.0
3,7,0,1,0,0,3,9,+b +a -a -a -a -a -a -a -a -a ,0.420026001688088,1.2821008176699766,17,48,76,a69d8d31196ad888a5bf41504c03de86,cd6687c4e6d0f5aec1a771b61f17342f,0.0,0.0,2.0,3.0,3.0,3.0,0.0,1.0,2.0,2.0,0.0,0.0,3.0,0.0,0.0,0.0,0.0,0.0,0.0
3,6,0,1,0,0,3,7,a+ a+ B- A- a+ a+ B- A- a+ a+ ,1.4634582986483033,2.23012496531497,23,59,76,5d71e9185e80ce2301d96d174fb7199d,a8593388e44270d63f09dedb41c56497,1.0,0.0,1.0,2.0,2.0,2.0,0.0,1.0,2.0,2.0,0.0,0.0,0.0,0.0,2.0,0.0,0.0,0.0,0.0
2,4,0,0,1,1,2,6,a B b a b a b a b a b a b a b ,1.1766796675107107,1.1766796675107107,17,48,76,496b1d087247d9edf9bbdde67e7e4036,c0957465ce2066b062166418849e1cda,2.0,0.0,0.0,0.0,0.0,0.0,0.0,0.0,0.0,0.0,0.0,0.0,0.0,0.0,0.0,2.0,3.0,0.0,0.0
3,7,0,1,0,0,3,7,-a +a +a +a +a +a +a +a +a +a ,0.21084230031853213,1.1054211501592661,14,46,72,0d71482cbe8c7fa4acf7b7bef52c580f,2de8f2eb13bdb957421b83ca32962397,0.0,0.0,2.0,3.0,3.0,3.0,0.0,1.0,2.0,2.0,0.0,0.0,0.0,0.0,0.0,0.0,0.0,0.0,0.0
3,8,0,1,0,0,3,10,B+ a+ a+ b+ B+ a+ a+ b+ B+ a+ ,1.4983958159908184,1.7491979079954092,19,56,76,67d4c61d1d0b4878f2fe5d9b66186db9,58f52404578285e9516d6c501d12d7d7,1.0,0.0,2.0,3.0,3.0,3.0,0.0,0.0,0.0,0.0,0.0,0.0,0.0,2.0,0.0,0.0,0.0,0.0,0.0
3,5,1,1,0,0,3,4,A+ a- a+ A+ A+ a- a+ A+ A+ a- ,1.4983958159908184,1.9183203709705836,21,56,76,39751a061542377f4e2a0beb0c8309ac,174977a4894a10749e1ea65add5ed8b2,1.0,2.0,1.0,2.0,2.0,2.0,0.0,0.0,0.0,0.0,0.0,0.0,0.0,0.0,0.0,0.0,0.0,0.0,0.0
3,8,0,1,0,0,3,7,A+ B+ A+ B+ A+ B+ A+ B+ A+ B+ ,1.0,1.5,17,52,72,f432d6b52c5184fc71c9b55f7e823cd0,6973943555b3bb838d763876c93538fe,1.0,2.0,2.0,3.0,3.0,3.0,0.0,0.0,0.0,0.0,0.0,0.0,0.0,0.0,0.0,0.0,0.0,0.0,0.0
3,8,0,1,0,0,3,9,B+ a+ a+ B+ B+ a+ a+ B+ B+ a+ ,1.0,1.5,18,56,76,67d4c61d1d0b4878f2fe5d9b66186db9,58f52404578285e9516d6c501d12d7d7,1.0,0.0,2.0,3.0,3.0,3.0,0.0,0.0,0.0,0.0,0.0,0.0,3.0,2.0,0.0,0.0,0.0,0.0,0.0
3,7,0,1,0,0,3,9,+a -a -A -b +a -a -A -b +a -a ,1.9967916319816368,2.1500495202947354,21,62,76,354d427fb9d411b369ee627beb3fa648,c1e08672324e417ad95912fa7e65c497,2.0,0.0,1.0,2.0,2.0,2.0,3.0,0.0,0.0,0.0,0.0,0.0,2.0,0.0,0.0,0.0,0.0,0.0,2.0
3,8,0,1,0,0,3,9,b+ b+ b+ b+ b+ b+ b+ b+ b+ b+ ,0.0,1.0,14,46,72,67d4c61d1d0b4878f2fe5d9b66186db9,58f52404578285e9516d6c501d12d7d7,1.0,0.0,2.0,3.0,3.0,3.0,0.0,0.0,0.0,0.0,0.0,0.0,0.0,0.0,0.0,0.0,2.0,0.0,0.0
2,4,0,0,1,1,2,4,B a b b B a b b B a b b B a b ,1.53012496531497,1.53012496531497,17,52,76,121d08e8d3508f48216f1b69b3d23605,f7f25b2b45f737e4f217330e74c422ad,2.0,0.0,0.0,0.0,0.0,0.0,3.0,0.0,0.0,0.0,0.0,0.0,0.0,0.0,0.0,0.0,0.0,0.0,0.0
3,5,1,1,0,0,3,6,-a -a -B -a -B -a -B -a -B -a ,0.9967916319816366,1.4983958159908184,16,52,72,39751a061542377f4e2a0beb0c8309ac,49ff3d68b03970787bff12732c915d7d,1.0,0.0,1.0,2.0,2.0,2.0,0.0,0.0,0.0,0.0,0.0,0.0,0.0,0.0,2.0,0.0,0.0,0.0,0.0
2,4,0,0,1,1,2,3,B A b A b A b A b A b A b A b ,1.1766796675107107,1.1766796675107107,15,49,72,121d08e8d3508f48216f1b69b3d23605,228b2f6b1d7606944b9d85412a6d8887,2.0,0.0,0.0,0.0,0.0,0.0,0.0,0.0,0.0,0.0,3.0,0.0,0.0,2.0,0.0,0.0,0.0,0.0,0.0
2,3,0,0,1,1,2,4,a B b b a B b b a B b b a B b ,1.53012496531497,1.53012496531497,17,52,76,675edf7721ded81876429272f3a5a11a,0cb2a9894d25a0f03352015ebf1f72da,1.0,0.0,0.0,0.0,0.0,0.0,0.0,1.0,2.0,2.0,0.0,0.0,0.0,0.0,0.0,0.0,0.0,0.0,2.0
3,8,0,1,0,0,3,10,a+ a- b+ B- a+ a- b+ B- a+ a- ,1.9967916319816368,2.231729149324152,23,61,80,f432d6b52c5184fc71c9b55f7e823cd0,6973943555b3bb838d763876c93538fe,1.0,0.0,2.0,3.0,3.0,3.0,2.0,0.0,0.0,0.0,0.0,0.0,0.0,0.0,0.0,0.0,0.0,0.0,0.0
3,7,0,1,0,0,3,10,a- a- B+ B- a- a- B+ B- a- a- ,1.4634582986483033,1.890284289733169,22,58,76,8602be5804b85d2adab89d86f79bee51,a4b79b502211db650eccc15c7c46ad90,2.0,0.0,1.0,2.0,2.0,2.0,2.0,0.0,0.0,0.0,0.0,0.0,0.0,0.0,0.0,0.0,0.0,3.0,0.0
3,8,0,1,0,0,3,9,A- a- a+ b- A- a- a+ b- A- a- ,1.9967916319816368,2.1410863817377597,21,59,76,67d4c61d1d0b4878f2fe5d9b66186db9,4f3172f580a4b9d9873dda9a5ccccdb0,1.0,0.0,2.0,3.0,3.0,3.0,0.0,0.0,0.0,0.0,0.0,2.0,0.0,0.0,0.0,0.0,0.0,0.0,0.0
3,7,0,1,0,0,3,9,+b -a +a -B +b -a +a -B +b -a ,1.9967916319816368,2.249197907995409,23,61,80,0d71482cbe8c7fa4acf7b7bef52c580f,efd2af8616991c24ba53970fd8e64fce,0.0,0.0,2.0,3.0,3.0,3.0,0.0,1.0,2.0,2.0,0.0,0.0,0.0,0.0,0.0,0.0,0.0,0.0,0.0
2,4,0,1,0,0,3,4,B B B B B B B B B B B B B B B ,0.0,0.0,13,43,68,a0f04cb1fe05325427f0abde84b62772,a8026c503882ac14c09a2344feaff085,0.0,0.0,1.0,2.0,2.0,2.0,0.0,1.0,2.0,2.0,0.0,0.0,0.0,0.0,0.0,0.0,0.0,0.0,0.0
3,8,0,1,0,0,3,10,-A -a -a +b -A -a -a +b -A -a ,1.4983958159908184,2.1410863817377597,20,57,76,70e1d4e118d076514296ccf0f2db8f71,2126aa829643dcfef46ff3db78f322a8,1.0,0.0,2.0,3.0,3.0,3.0,0.0,0.0,0.0,0.0,0.0,0.0,3.0,0.0,0.0,0.0,2.0,0.0,0.0
3,8,0,1,0,0,3,10,-A -a -a +A -A -a -a +A -A -a ,1.4983958159908184,1.8918884737423507,19,56,76,f432d6b52c5184fc71c9b55f7e823cd0,a290c37ce461b1258f0edd054a8e8940,1.0,0.0,2.0,3.0,3.0,3.0,0.0,0.0,0.0,0.0,0.0,0.0,0.0,0.0,0.0,0.0,2.0,0.0,0.0
3,5,1,1,0,0,3,7,+a +a +B +A +a +a +B +A +a +a ,1.4634582986483033,1.7317291493241518,21,57,76,39751a061542377f4e2a0beb0c8309ac,49ff3d68b03970787bff12732c915d7d,1.0,0.0,1.0,2.0,2.0,2.0,0.0,0.0,0.0,0.0,0.0,0.0,0.0,0.0,2.0,0.0,0.0,0.0,0.0
3,8,0,1,0,0,3,14,+a +a -b -b +a +a -b -b +a +a ,0.9967916319816366,1.9967916319816368,20,57,76,f432d6b52c5184fc71c9b55f7e823cd0,a290c37ce461b1258f0edd054a8e8940,1.0,0.0,2.0,3.0,3.0,3.0,2.0,0.0,0.0,0.0,0.0,0.0,0.0,0.0,0.0,0.0,0.0,0.0,0.0
3,5,1,1,0,0,3,7,A- a- a+ a+ a+ a+ a+ a+ a+ a+ ,0.420026001688088,1.2821008176699766,16,49,72,39751a061542377f4e2a0beb0c8309ac,d760db760925304b569744a6cafdf2b7,1.0,0.0,1.0,2.0,2.0,2.0,0.0,0.0,0.0,0.0,0.0,0.0,2.0,0.0,0.0,0.0,0.0,0.0,2.0
3,7,0,1,0,0,3,8,-a +a +B -b -a +a +B -b -a +a ,1.9967916319816368,2.231729149324152,21,59,76,0d71482cbe8c7fa4acf7b7bef52c580f,2de8f2eb13bdb957421b83ca32962397,0.0,0.0,2.0,3.0,3.0,3.0,0.0,1.0,2.0,2.0,0.0,0.0,3.0,0.0,0.0,0.0,0.0,0.0,0.0
3,4,1,1,0,0,2,5,-a -a -b -B -a -a -b -B -a -a ,1.4634582986483033,1.7317291493241518,21,57,76,2d017b2b10f556bd914e34aec8e28a4b,e7d5e71e64e206f7cd41f87c45514bd7,2.0,0.0,0.0,0.0,0.0,0.0,2.0,0.0,0.0,0.0,0.0,0.0,0.0,0.0,0.0,3.0,0.0,0.0,0.0
3,8,0,1,0,0,3,7,B- a+ a+ B+ B- a+ a+ B+ B- a+ ,1.4983958159908184,1.9183203709705836,19,60,76,70e1d4e118d076514296ccf0f2db8f71,ef0aa4d7d32eef317e002853a776a147,1.0,0.0,2.0,3.0,3.0,3.0,0.0,0.0,0.0,0.0,0.0,0.0,0.0,2.0,0.0,0.0,0.0,0.0,0.0
2,3,1,1,0,0,3,5,a a A a A a A a A a A a A a A ,0.9967916319816366,0.9967916319816366,15,47,72,9fcb3d73ee1e16cda729e4f322944191,1dd3b54d5a6fe0db4b35988ae0c33d24,0.0,0.0,1.0,2.0,2.0,2.0,0.0,0.0,0.0,0.0,0.0,0.0,0.0,0.0,0.0,0.0,0.0,0.0,0.0
3,8,0,1,0,0,3,11,+a +a -A -B +a +a -A -B +a +a ,1.4634582986483033,2.23012496531497,23,57,76,70e1d4e118d076514296ccf0f2db8f71,2126aa829643dcfef46ff3db78f322a8,1.0,0.0,2.0,3.0,3.0,3.0,2.0,0.0,0.0,0.0,0.0,0.0,3.0,0.0,0.0,0.0,0.0,0.0,0.0
3,8,0,1,0,0,3,10,A- a+ a+ B- A- a+ a+ B- A- a+ ,1.4983958159908184,2.249197907995409,20,57,76,f432d6b52c5184fc71c9b55f7e823cd0,13f2efed502683c45be6ed5e712775c8,1.0,0.0,2.0,3.0,3.0,3.0,0.0,0.0,0.0,0.0,0.0,2.0,3.0,0.0,0.0,0.0,0.0,0.0,0.0
3,7,0,1,0,0,3,7,b+ B- b+ B- b+ B- b+ B- b+ B- ,1.0,2.0,17,51,76,0d71482cbe8c7fa4acf7b7bef52c580f,278c37c9554ae9a551740c14f209ded7,0.0,0.0,2.0,3.0,3.0,3.0,0.0,1.0,2.0,2.0,0.0,0.0,3.0,0.0,0.0,0.0,0.0,0.0,0.0
3,7,0,1,0,0,3,7,-a +a -A +B -a +a -A +B -a +a ,1.9967916319816368,2.231729149324152,23,59,80,a69d8d31196ad888a5bf41504c03de86,12a57c8bdaad7f967c06a4c5bea5a87f,0.0,0.0,2.0,3.0,3.0,3.0,0.0,1.0,2.0,2.0,0.0,0.0,0.0,0.0,0.0,0.0,0.0,0.0,0.0
3,8,0,1,0,0,3,9,-b +a +a +A -b +a +a +A -b +a ,1.4983958159908184,2.167518278965993,19,59,76,70e1d4e118d076514296ccf0f2db8f71,2126aa829643dcfef46ff3db78f322a8,1.0,0.0,2.0,3.0,3.0,3.0,0.0,0.0,0.0,0.0,2.0,0.0,3.0,0.0,0.0,0.0,0.0,0.0,0.0
3,8,0,1,0,0,3,12,b- a- a- B+ b- a- a- B+ b- a- ,1.4983958159908184,2.1410863817377597,19,58,76,f432d6b52c5184fc71c9b55f7e823cd0,13f2efed502683c45be6ed5e712775c8,1.0,0.0,2.0,3.0,3.0,3.0,0.0,0.0,0.0,0.0,0.0,0.0,0.0,2.0,0.0,0.0,0.0,0.0,0.0
3,8,0,1,0,0,3,12,a- a+ B- b- a- a+ B- b- a- a+ ,1.9967916319816368,2.1500495202947354,22,58,80,67d4c61d1d0b4878f2fe5d9b66186db9,58f52404578285e9516d6c501d12d7d7,1.0,0.0,2.0,3.0,3.0,3.0,2.0,0.0,0.0,0.0,0.0,0.0,0.0,0.0,0.0,0.0,0.0,0.0,0.0
3,5,1,1,0,0,3,8,a- a+ A- a- A- a- A- a- A- a- ,1.1766796675107107,1.6038169661500845,19,54,76,39751a061542377f4e2a0beb0c8309ac,7b0836bfafb0c11633574e581dc16839,1.0,0.0,1.0,2.0,2.0,2.0,0.0,0.0,0.0,0.0,0.0,0.0,0.0,0.0,0.0,0.0,2.0,0.0,0.0
3,7,0,1,0,0,3,4,B+ a- a+ A+ B+ a- a+ A+ B+ a- ,1.9967916319816368,2.167518278965993,23,59,80,5924bfe2c6b111489f74e1ac29154378,c8c79c549377e298d6226d63ed7fd772,2.0,0.0,1.0,2.0,2.0,2.0,3.0,0.0,0.0,0.0,2.0,0.0,0.0,0.0,0.0,0.0,0.0,0.0,0.0
3,5,1,1,0,0,3,7,+b +a +a +B +b +a +a +B +b +a ,1.4983958159908184,1.7491979079954092,19,56,76,39751a061542377f4e2a0beb0c8309ac,49ff3d68b03970787bff12732c915d7d,1.0,0.0,1.0,2.0,2.0,2.0,0.0,0.0,0.0,0.0,0.0,0.0,0.0,2.0,0.0,0.0,0.0,0.0,0.0
3,4,1,1,0,0,3,4,-a -a -A -A -a -a -A -A -a -a ,0.9967916319816366,1.4983958159908184,18,58,76,b4f81c34f2a0b86b46478f06add8548b,74582db8c1108a8658deea285889133f,0.0,0.0,1.0,2.0,2.0,2.0,0.0,1.0,2.0,2.0,0.0,0.0,0.0,0.0,0.0,0.0,0.0,0.0,0.0
3,8,0,1,0,0,3,12,-A -B -A -B -A -B -A -B -A -B ,1.0,1.5,17,50,76,67d4c61d1d0b4878f2fe5d9b66186db9,ecf3823d5a4d59543a2935b66fbdec06,1.0,0.0,2.0,3.0,3.0,3.0,0.0,0.0,0.0,0.0,0.0,0.0,2.0,0.0,0.0,0.0,0.0,2.0,0.0
2,4,0,0,1,1,2,3,a A A b a A A b a A A b a A A ,1.4983958159908184,1.4983958159908184,17,53,72,38a9a6ebc90a332c0dfe97945349a3da,57f8a68d4361fb8f3b29ad1bad590e75,2.0,0.0,0.0,0.0,0.0,0.0,0.0,0.0,0.0,0.0,0.0,2.0,0.0,3.0,0.0,0.0,0.0,0.0,0.0
3,8,0,1,0,0,3,10,b+ a- B+ a- B+ a- B+ a- B+ a- ,1.1766796675107107,2.0883398337553554,17,54,76,f432d6b52c5184fc71c9b55f7e823cd0,6973943555b3bb838d763876c93538fe,1.0,0.0,2.0,3.0,3.0,3.0,0.0,0.0,0.0,0.0,0.0,0.0,0.0,0.0,0.0,2.0,0.0,0.0,0.0
2,4,0,0,1,1,2,2,a A A A A A A A A A A A A A A ,0.21084230031853213,0.21084230031853213,13,44,72,496b1d087247d9edf9bbdde67e7e4036,aac6b17c8dae64a144f8c3ece1f7195d,2.0,3.0,0.0,0.0,0.0,0.0,0.0,0.0,0.0,0.0,0.0,2.0,0.0,0.0,0.0,0.0,0.0,0.0,0.0
3,8,0,1,0,0,3,10,A- a- a- B- A- a- a- B- A- a- ,1.4983958159908184,1.7491979079954092,19,56,76,f432d6b52c5184fc71c9b55f7e823cd0,6973943555b3bb838d763876c93538fe,1.0,0.0,2.0,3.0,3.0,3.0,0.0,0.0,0.0,0.0,0.0,2.0,0.0,0.0,0.0,0.0,0.0,0.0,0.0
3,8,0,1,0,0,3,11,b- a- b- a- b- a- b- a- b- a- ,1.0,1.5,17,52,72,f432d6b52c5184fc71c9b55f7e823cd0,13f2efed502683c45be6ed5e712775c8,1.0,0.0,2.0,3.0,3.0,3.0,0.0,0.0,0.0,0.0,0.0,0.0,3.0,0.0,0.0,2.0,0.0,0.0,0.0
2,4,0,0,1,1,2,4,B B a B a B a B a B a B a B a ,0.9967916319816366,0.9967916319816366,15,47,72,121d08e8d3508f48216f1b69b3d23605,a4805272f844e12f6b471823d3353993,2.0,0.0,0.0,0.0,0.0,0.0,0.0,0.0,0.0,0.0,3.0,0.0,0.0,0.0,0.0,0.0,0.0,2.0,0.0
3,8,0,1,0,0,3,12,a- a- B+ b- a- a- B+ b- a- a- ,1.4634582986483033,2.1236176230665023,22,59,76,67d4c61d1d0b4878f2fe5d9b66186db9,409ada3bfac14717c01a3243ae9aa9cf,1.0,0.0,2.0,3.0,3.0,3.0,2.0,0.0,0.0,0.0,0.0,0.0,2.0,0.0,0.0,0.0,0.0,0.0,0.0
3,8,0,1,0,0,3,8,B+ a+ a- a+ a- a+ a- a+ a- a+ ,1.1766796675107107,1.6038169661500845,16,55,76,67d4c61d1d0b4878f2fe5d9b66186db9,f09452872f697d712d7d224467288261,1.0,0.0,2.0,3.0,3.0,3.0,0.0,0.0,0.0,0.0,2.0,0.0,0.0,0.0,0.0,0.0,0.0,0.0,0.0
3,8,0,1,0,0,3,9,-a -a +A -A -a -a +A -A -a -a ,1.4634582986483033,1.890284289733169,23,59,76,70e1d4e118d076514296ccf0f2db8f71,2126aa829643dcfef46ff3db78f322a8,1.0,0.0,2.0,3.0,3.0,3.0,0.0,0.0,0.0,0.0,0.0,0.0,3.0,0.0,0.0,0.0,0.0,2.0,0.0
3,7,0,1,0,0,3,8,+A +a -a -a -a -a -a -a -a -a ,0.420026001688088,1.2821008176699766,17,48,76,0d71482cbe8c7fa4acf7b7bef52c580f,2de8f2eb13bdb957421b83ca32962397,0.0,0.0,2.0,3.0,3.0,3.0,0.0,1.0,2.0,2.0,0.0,0.0,3.0,0.0,0.0,0.0,0.0,0.0,0.0
3,8,0,1,0,0,3,9,-B +a +a +a +a +a +a +a +a +a ,0.21084230031853213,1.2108423003185322,15,48,72,67d4c61d1d0b4878f2fe5d9b66186db9,908ccf0f892726fb19d2fdbb5589e828,1.0,0.0,2.0,3.0,3.0,3.0,0.0,0.0,0.0,0.0,2.0,0.0,0.0,0.0,0.0,0.0,0.0,0.0,0.0
3,7,0,1,0,0,3,6,b+ a+ B+ a+ B+ a+ B+ a+ B+ a+ ,1.1766796675107107,1.5883398337553554,17,50,76,a69d8d31196ad888a5bf41504c03de86,827a03d8fc029057b9818c9320106430,0.0,0.0,2.0,3.0,3.0,3.0,0.0,1.0,2.0,2.0,0.0,0.0,0.0,0.0,0.0,0.0,0.0,0.0,0.0
3,7,0,1,0,0,3,9,+a -a -b +B +a -a -b +B +a -a ,1.9967916319816368,2.231729149324152,21,59,76,29a869da133108175da4079ed0493bfb,15d71bc25a214637752ef419151b1fd8,0.0,0.0,2.0,3.0,3.0,3.0,0.0,1.0,2.0,2.0,0.0,0.0,0.0,0.0,0.0,0.0,0.0,0.0,0.0
3,6,0,1,0,0,3,8,a+ b- a+ b- a+ b- a+ b- a+ b- ,1.0,2.0,17,51,76,5d71e9185e80ce2301d96d174fb7199d,dda266546735b1f500e135501854e7ab,1.0,0.0,1.0,2.0,2.0,2.0,0.0,1.0,2.0,2.0,0.0,0.0,2.0,0.0,0.0,0.0,0.0,2.0,0.0
3,6,0,1,0,0,3,7,-B +a -a +B -B +a -a +B -B +a ,1.9967916319816368,2.0,23,59,80,5d71e9185e80ce2301d96d174fb7199d,971ef60fc8b3430f68b52417cdaffd10,1.0,0.0,1.0,2.0,2.0,2.0,2.0,1.0,2.0,2.0,0.0,0.0,2.0,0.0,0.0,0.0,0.0,0.0,0.0
2,4,0,0,1,1,2,4,B B a A a A a A a A a A a A a ,1.2866926683547546,1.2866926683547546,17,51,72,121d08e8d3508f48216f1b69b3d23605,c6759bd27af42393f12bd5da489f3f43,2.0,0.0,0.0,0.0,0.0,0.0,0.0,0.0,0.0,0.0,0.0,0.0,0.0,3.0,0.0,0.0,0.0,0.0,0.0
3,8,0,1,0,0,3,9,A- a- A- a- A- a- A- a- A- a- ,1.0,1.5,17,52,72,67d4c61d1d0b4878f2fe5d9b66186db9,409ada3bfac14717c01a3243ae9aa9cf,1.0,0.0,2.0,3.0,3.0,3.0,0.0,0.0,0.0,0.0,0.0,2.0,3.0,0.0,0.0,0.0,0.0,0.0,0.0
3,7,0,1,0,0,3,9,+a -A +a -A +a -A +a -A +a -A ,1.0,2.0,17,51,76,0d71482cbe8c7fa4acf7b7bef52c580f,efd2af8616991c24ba53970fd8e64fce,0.0,0.0,2.0,3.0,3.0,3.0,0.0,1.0,2.0,2.0,0.0,0.0,3.0,0.0,0.0,0.0,0.0,0.0,0.0
3,7,0,1,0,0,3,9,+b -a -a -A +b -a -a -A +b -a ,1.4983958159908184,2.167518278965993,19,59,76,5924bfe2c6b111489f74e1ac29154378,75366ee6e9b9066b0d9c0fb0bb6fb45f,2.0,0.0,1.0,2.0,2.0,2.0,0.0,0.0,0.0,0.0,0.0,0.0,0.0,0.0,0.0,0.0,3.0,0.0,2.0
3,8,0,1,0,0,3,10,+a -a +B +a +B +a +B +a +B +a ,1.1766796675107107,1.6038169661500845,20,53,76,70e1d4e118d076514296ccf0f2db8f71,2126aa829643dcfef46ff3db78f322a8,1.0,0.0,2.0,3.0,3.0,3.0,0.0,0.0,0.0,0.0,0.0,2.0,3.0,0.0,0.0,0.0,0.0,0.0,0.0
3,8,0,1,0,0,3,12,a- a+ b- B- a- a+ b- B- a- a+ ,1.9967916319816368,2.1500495202947354,22,58,80,f432d6b52c5184fc71c9b55f7e823cd0,13f2efed502683c45be6ed5e712775c8,1.0,0.0,2.0,3.0,3.0,3.0,2.0,0.0,0.0,0.0,0.0,0.0,0.0,0.0,0.0,0.0,0.0,0.0,0.0
3,6,0,1,0,0,3,8,A- a- b- a- b- a- b- a- b- a- ,1.1766796675107107,1.5883398337553554,17,50,76,8c74b5cfb454515492682326d6abfb28,72eed7648b6960f3255c3fdf62e569ae,1.0,0.0,1.0,2.0,2.0,2.0,0.0,1.0,2.0,2.0,0.0,0.0,0.0,2.0,0.0,0.0,0.0,0.0,0.0
2,4,0,0,1,1,2,3,b A A a b A A a b A A a b A A ,1.4983958159908184,1.4983958159908184,17,53,72,38a9a6ebc90a332c0dfe97945349a3da,57f8a68d4361fb8f3b29ad1bad590e75,2.0,0.0,0.0,0.0,0.0,0.0,0.0,0.0,0.0,0.0,2.0,0.0,0.0,3.0,0.0,0.0,0.0,0.0,0.0
3,8,0,1,0,0,3,9,a+ a- b+ A+ a+ a- b+ A+ a+ a- ,1.9967916319816368,2.1500495202947354,22,58,80,67d4c61d1d0b4878f2fe5d9b66186db9,409ada3bfac14717c01a3243ae9aa9cf,1.0,0.0,2.0,3.0,3.0,3.0,0.0,0.0,0.0,0.0,0.0,0.0,0.0,0.0,2.0,0.0,0.0,0.0,0.0
3,7,0,1,0,0,3,8,a+ a- B+ b+ a+ a- B+ b+ a+ a- ,1.9967916319816368,2.1500495202947354,22,58,80,354d427fb9d411b369ee627beb3fa648,e408e430d381387cc0c046370c01c8b1,2.0,0.0,1.0,2.0,2.0,2.0,2.0,0.0,0.0,0.0,0.0,3.0,0.0,0.0,0.0,0.0,0.0,0.0,0.0
3,8,0,1,0,0,3,9,+A -B +A -B +A -B +A -B +A -B ,1.0,2.0,17,51,76,67d4c61d1d0b4878f2fe5d9b66186db9,ecf3823d5a4d59543a2935b66fbdec06,1.0,0.0,2.0,3.0,3.0,3.0,2.0,0.0,0.0,0.0,0.0,0.0,0.0,0.0,0.0,0.0,0.0,0.0,0.0
2,4,0,0,1,1,2,6,B B a b B B a b B B a b B B a ,1.4634582986483033,1.4634582986483033,18,51,76,121d08e8d3508f48216f1b69b3d23605,c6759bd27af42393f12bd5da489f3f43,2.0,0.0,0.0,0.0,0.0,0.0,0.0,0.0,0.0,0.0,0.0,0.0,0.0,0.0,0.0,3.0,0.0,2.0,0.0
3,8,0,1,0,0,3,10,a+ a- B+ b- a+ a- B+ b- a+ a- ,1.9967916319816368,2.231729149324152,23,61,80,67d4c61d1d0b4878f2fe5d9b66186db9,4f3172f580a4b9d9873dda9a5ccccdb0,1.0,0.0,2.0,3.0,3.0,3.0,2.0,0.0,0.0,0.0,0.0,0.0,0.0,0.0,0.0,0.0,0.0,0.0,0.0
3,8,0,1,0,0,3,11,a- a- B- B- a- a- B- B- a- a- ,0.9967916319816366,1.4983958159908184,19,56,76,67d4c61d1d0b4878f2fe5d9b66186db9,f09452872f697d712d7d224467288261,1.0,0.0,2.0,3.0,3.0,3.0,2.0,0.0,0.0,0.0,0.0,0.0,0.0,0.0,0.0,0.0,0.0,0.0,0.0
3,8,0,1,0,0,3,7,+A +a +B +a +B +a +B +a +B +a ,1.1766796675107107,1.5883398337553554,18,52,76,f432d6b52c5184fc71c9b55f7e823cd0,a290c37ce461b1258f0edd054a8e8940,1.0,0.0,2.0,3.0,3.0,3.0,0.0,0.0,0.0,0.0,0.0,2.0,2.0,0.0,0.0,0.0,0.0,0.0,0.0
2,3,0,0,1,1,2,2,a A b a A b a A b a A b a A b ,1.584962500721156,1.584962500721156,17,51,76,675edf7721ded81876429272f3a5a11a,1b8f84a6537603be019de62fb8917187,1.0,2.0,0.0,0.0,0.0,0.0,0.0,1.0,2.0,2.0,0.0,0.0,0.0,0.0,0.0,0.0,0.0,0.0,0.0
3,8,0,1,0,0,3,11,a+ a- B- B- a+ a- B- B- a+ a- ,1.53012496531497,1.916716186961402,19,57,76,67d4c61d1d0b4878f2fe5d9b66186db9,409ada3bfac14717c01a3243ae9aa9cf,1.0,0.0,2.0,3.0,3.0,3.0,2.0,0.0,0.0,0.0,0.0,0.0,2.0,0.0,0.0,0.0,0.0,0.0,0.0
2,5,0,1,0,0,3,7,A B A B A B A B A B A B A B A ,1.0,1.0,15,46,72,f9a5951d926c0a7f9c63e13cfa2fc5a5,36c18a5eadbddf5f5730a1298f7bfea3,1.0,0.0,1.0,2.0,2.0,2.0,0.0,0.0,0.0,0.0,0.0,0.0,2.0,0.0,0.0,0.0,0.0,0.0,2.0
2,4,0,0,1,1,2,3,b B B b b B B b b B B b b B B ,1.0,1.0,17,49,72,121d08e8d3508f48216f1b69b3d23605,e185f56fd8e915712391e2436e2cec6c,2.0,2.0,0.0,0.0,0.0,0.0,0.0,0.0,0.0,0.0,0.0,0.0,0.0,3.0,0.0,0.0,0.0,0.0,0.0
3,7,0,1,0,0,3,9,A- b- A- b- A- b- A- b- A- b- ,1.0,1.5,17,52,72,29a869da133108175da4079ed0493bfb,710122b2d22ef8da6cec05c9e0ed8f49,0.0,0.0,2.0,3.0,3.0,3.0,0.0,1.0,2.0,2.0,0.0,0.0,3.0,0.0,0.0,0.0,0.0,0.0,0.0
3,5,1,1,0,0,3,7,+a +a +B +a +B +a +B +a +B +a ,0.9967916319816366,1.4983958159908184,16,52,72,39751a061542377f4e2a0beb0c8309ac,49ff3d68b03970787bff12732c915d7d,1.0,0.0,1.0,2.0,2.0,2.0,0.0,0.0,0.0,0.0,0.0,0.0,0.0,0.0,2.0,0.0,0.0,0.0,0.0
2,4,0,0,1,1,2,3,b A B a a A B a a A B a a A B ,1.6750754835015291,1.6750754835015291,18,51,76,496b1d087247d9edf9bbdde67e7e4036,61d6630f8c1d2c2634f6585139102bf8,2.0,0.0,0.0,0.0,0.0,0.0,0.0,0.0,0.0,0.0,2.0,0.0,0.0,3.0,0.0,0.0,0.0,0.0,0.0
3,7,0,1,0,0,3,4,-B +a +a +A -B +a +a +A -B +a ,1.4983958159908184,2.167518278965993,19,59,76,8602be5804b85d2adab89d86f79bee51,0ce9793da574c982908632606a7ee321,2.0,3.0,1.0,2.0,2.0,2.0,0.0,0.0,0.0,0.0,2.0,0.0,0.0,0.0,0.0,0.0,0.0,0.0,0.0
3,8,0,1,0,0,3,15,B- a- a- b- B- a- a- b- B- a- ,1.4983958159908184,1.7491979079954092,19,56,76,f432d6b52c5184fc71c9b55f7e823cd0,6973943555b3bb838d763876c93538fe,1.0,0.0,2.0,3.0,3.0,3.0,0.0,0.0,0.0,0.0,0.0,0.0,0.0,2.0,0.0,0.0,0.0,0.0,0.0
2,4,0,0,1,1,2,4,A B a b A B a b A B a b A B a ,1.9967916319816368,1.9967916319816368,19,55,76,121d08e8d3508f48216f1b69b3d23605,b6d288de21466639f0ccd33bc9de8afb,2.0,0.0,0.0,0.0,0.0,0.0,3.0,0.0,0.0,0.0,0.0,0.0,0.0,0.0,0.0,0.0,0.0,0.0,0.0
3,5,1,1,0,0,3,8,+a +a +b +A +a +a +b +A +a +a ,1.4634582986483033,1.7317291493241518,21,57,76,39751a061542377f4e2a0beb0c8309ac,49ff3d68b03970787bff12732c915d7d,1.0,0.0,1.0,2.0,2.0,2.0,0.0,0.0,0.0,0.0,0.0,0.0,0.0,0.0,2.0,0.0,0.0,0.0,0.0
3,7,0,1,0,0,3,8,A+ a+ B+ a+ B+ a+ B+ a+ B+ a+ ,1.1766796675107107,1.5883398337553554,17,50,76,0d71482cbe8c7fa4acf7b7bef52c580f,4ad3fc4dd8e31ae41c4c9080d6d42e49,0.0,0.0,2.0,3.0,3.0,3.0,0.0,1.0,2.0,2.0,0.0,0.0,3.0,0.0,0.0,0.0,0.0,0.0,0.0
3,8,0,1,0,0,3,10,a+ a- B- b- a+ a- B- b- a+ a- ,1.9967916319816368,2.1500495202947354,23,59,80,67d4c61d1d0b4878f2fe5d9b66186db9,409ada3bfac14717c01a3243ae9aa9cf,1.0,0.0,2.0,3.0,3.0,3.0,2.0,0.0,0.0,0.0,0.0,0.0,0.0,0.0,0.0,0.0,0.0,0.0,0.0
3,8,0,1,0,0,3,10,+a +a -A +b +a +a -A +b +a +a ,1.4634582986483033,2.1236176230665023,23,59,76,67d4c61d1d0b4878f2fe5d9b66186db9,908ccf0f892726fb19d2fdbb5589e828,1.0,0.0,2.0,3.0,3.0,3.0,0.0,0.0,0.0,0.0,0.0,0.0,2.0,0.0,2.0,0.0,0.0,0.0,0.0
3,5,1,1,0,0,3,5,+A +a +a +b +A +a +a +b +A +a ,1.4983958159908184,1.7491979079954092,19,56,76,39751a061542377f4e2a0beb0c8309ac,49ff3d68b03970787bff12732c915d7d,1.0,0.0,1.0,2.0,2.0,2.0,0.0,0.0,0.0,0.0,0.0,2.0,2.0,0.0,0.0,0.0,0.0,0.0,0.0
3,8,0,1,0,0,3,10,a+ a- A+ B+ a+ a- A+ B+ a+ a- ,1.9967916319816368,2.1500495202947354,22,58,80,f432d6b52c5184fc71c9b55f7e823cd0,13f2efed502683c45be6ed5e712775c8,1.0,2.0,2.0,3.0,3.0,3.0,0.0,0.0,0.0,0.0,0.0,0.0,3.0,0.0,0.0,0.0,0.0,0.0,0.0
3,8,0,1,0,0,3,10,b- a+ a- A- b- a+ a- A- b- a+ ,1.9967916319816368,2.167518278965993,23,59,80,67d4c61d1d0b4878f2fe5d9b66186db9,4f3172f580a4b9d9873dda9a5ccccdb0,1.0,0.0,2.0,3.0,3.0,3.0,0.0,0.0,0.0,0.0,2.0,0.0,3.0,0.0,0.0,0.0,0.0,0.0,0.0
3,7,0,1,0,0,3,10,-b -a +B -a +B -a +B -a +B -a ,1.1766796675107107,2.0867356497461738,18,53,76,0d71482cbe8c7fa4acf7b7bef52c580f,2de8f2eb13bdb957421b83ca32962397,0.0,0.0,2.0,3.0,3.0,3.0,0.0,1.0,2.0,2.0,0.0,0.0,0.0,0.0,0.0,0.0,0.0,0.0,0.0
3,8,0,1,0,0,3,9,-a -a -A +B -a -a -A +B -a -a ,1.4634582986483033,2.1236176230665023,21,58,76,70e1d4e118d076514296ccf0f2db8f71,2126aa829643dcfef46ff3db78f322a8,1.0,0.0,2.0,3.0,3.0,3.0,0.0,0.0,0.0,0.0,0.0,0.0,0.0,0.0,0.0,2.0,0.0,0.0,0.0
3,8,0,1,0,0,3,11,+B +a -a +B +B +a -a +B +B +a ,1.4983958159908184,1.8918884737423507,22,57,80,f432d6b52c5184fc71c9b55f7e823cd0,a290c37ce461b1258f0edd054a8e8940,1.0,0.0,2.0,3.0,3.0,3.0,0.0,0.0,0.0,0.0,0.0,0.0,0.0,0.0,2.0,0.0,0.0,0.0,0.0
3,8,0,1,0,0,3,13,b+ a- a- a- a- a- a- a- a- a- ,0.21084230031853213,1.2108423003185322,15,48,72,67d4c61d1d0b4878f2fe5d9b66186db9,4f3172f580a4b9d9873dda9a5ccccdb0,1.0,0.0,2.0,3.0,3.0,3.0,0.0,0.0,0.0,0.0,2.0,0.0,0.0,0.0,0.0,0.0,0.0,0.0,0.0
2,4,0,0,1,1,2,3,a a B A A A A A A A A A A A A ,0.5608251769947301,0.5608251769947301,17,46,72,121d08e8d3508f48216f1b69b3d23605,228b2f6b1d7606944b9d85412a6d8887,2.0,0.0,0.0,0.0,0.0,0.0,0.0,0.0,0.0,0.0,0.0,0.0,0.0,3.0,2.0,0.0,0.0,0.0,0.0
3,8,0,1,0,0,3,11,B+ a+ a- a- a- a- a- a- a- a- ,0.420026001688088,1.2821008176699766,16,49,72,67d4c61d1d0b4878f2fe5d9b66186db9,409ada3bfac14717c01a3243ae9aa9cf,1.0,0.0,2.0,3.0,3.0,3.0,0.0,0.0,0.0,0.0,2.0,0.0,0.0,0.0,0.0,0.0,0.0,0.0,0.0
3,7,0,1,0,0,3,7,b+ a- a+ B+ b+ a- a+ B+ b+ a- ,1.9967916319816368,2.167518278965993,23,59,80,356fe86934723106ce0243a3ec08b603,e420e9b843958c3922d10302faecb955,2.0,0.0,1.0,2.0,2.0,2.0,0.0,0.0,0.0,0.0,0.0,3.0,2.0,2.0,0.0,0.0,0.0,0.0,0.0
3,8,0,1,0,0,3,11,+b +a +a -b +b +a +a -b +b +a ,1.4983958159908184,1.8918884737423507,19,56,76,f432d6b52c5184fc71c9b55f7e823cd0,a290c37ce461b1258f0edd054a8e8940,1.0,0.0,2.0,3.0,3.0,3.0,0.0,0.0,0.0,0.0,0.0,2.0,0.0,0.0,0.0,0.0,0.0,0.0,0.0
3,8,0,1,0,0,3,7,A- A- A- A- A- A- A- A- A- A- ,0.0,1.0,14,46,72,70e1d4e118d076514296ccf0f2db8f71,ef0aa4d7d32eef317e002853a776a147,1.0,0.0,2.0,3.0,3.0,3.0,0.0,0.0,0.0,0.0,0.0,0.0,2.0,0.0,2.0,0.0,0.0,0.0,0.0
3,8,0,1,0,0,3,13,a- a- b- b+ a- a- b- b+ a- a- ,1.4634582986483033,1.890284289733169,21,58,76,67d4c61d1d0b4878f2fe5d9b66186db9,f09452872f697d712d7d224467288261,1.0,0.0,2.0,3.0,3.0,3.0,2.0,0.0,0.0,0.0,0.0,0.0,0.0,0.0,0.0,0.0,0.0,0.0,0.0
3,7,0,1,0,0,3,7,+a -a +A -B +a -a +A -B +a -a ,1.9967916319816368,2.231729149324152,23,59,80,0d71482cbe8c7fa4acf7b7bef52c580f,efd2af8616991c24ba53970fd8e64fce,0.0,0.0,2.0,3.0,3.0,3.0,0.0,1.0,2.0,2.0,0.0,0.0,0.0,0.0,0.0,0.0,0.0,0.0,0.0
3,8,0,1,0,0,3,11,a+ a+ A+ b- a+ a+ A+ b- a+ a+ ,1.4634582986483033,2.1236176230665023,23,61,76,67d4c61d1d0b4878f2fe5d9b66186db9,4f3172f580a4b9d9873dda9a5ccccdb0,1.0,2.0,2.0,3.0,3.0,3.0,0.0,0.0,0.0,0.0,0.0,0.0,3.0,0.0,0.0,0.0,0.0,0.0,0.0
2,3,0,0,1,1,2,3,a A A a a A A a a A A a a A A ,1.0,1.0,17,49,72,675edf7721ded81876429272f3a5a11a,2505c4bc8c4e8d79fd7ab9ec11990c13,1.0,0.0,0.0,0.0,0.0,0.0,0.0,1.0,2.0,2.0,0.0,0.0,0.0,2.0,0.0,0.0,0.0,0.0,0.0
3,8,0,1,0,0,3,11,b- a+ a- B- b- a+ a- B- b- a+ ,1.9967916319816368,2.167518278965993,23,59,80,67d4c61d1d0b4878f2fe5d9b66186db9,409ada3bfac14717c01a3243ae9aa9cf,1.0,0.0,2.0,3.0,3.0,3.0,0.0,0.0,0.0,0.0,0.0,0.0,3.0,2.0,0.0,0.0,0.0,0.0,0.0
2,4,0,0,1,1,2,3,B a b A b A b A b A b A b A b ,1.353359335021421,1.353359335021421,17,51,76,121d08e8d3508f48216f1b69b3d23605,5aa9e00d81c349209ca1576a8e58f7e5,2.0,0.0,0.0,0.0,0.0,0.0,0.0,0.0,0.0,0.0,2.0,0.0,0.0,3.0,0.0,0.0,0.0,0.0,0.0
3,8,0,1,0,0,3,9,a- a- A+ b+ a- a- A+ b+ a- a- ,1.4634582986483033,2.23012496531497,23,59,76,70e1d4e118d076514296ccf0f2db8f71,ef0aa4d7d32eef317e002853a776a147,1.0,2.0,2.0,3.0,3.0,3.0,0.0,0.0,0.0,0.0,0.0,0.0,0.0,0.0,0.0,0.0,0.0,0.0,0.0
3,8,0,1,0,0,3,11,a- a+ b- B+ a- a+ b- B+ a- a+ ,1.9967916319816368,2.231729149324152,23,61,80,f432d6b52c5184fc71c9b55f7e823cd0,6973943555b3bb838d763876c93538fe,1.0,0.0,2.0,3.0,3.0,3.0,2.0,0.0,0.0,0.0,0.0,0.0,2.0,0.0,0.0,0.0,0.0,0.0,0.0
3,5,1,1,0,0,3,7,-a -a -B -B -a -a -B -B -a -a ,0.9967916319816366,1.4983958159908184,18,58,76,39751a061542377f4e2a0beb0c8309ac,49ff3d68b03970787bff12732c915d7d,1.0,0.0,1.0,2.0,2.0,2.0,2.0,0.0,0.0,0.0,0.0,0.0,0.0,0.0,0.0,0.0,0.0,0.0,0.0
3,7,0,1,0,0,3,7,B- A+ B- A+ B- A+ B- A+ B- A+ ,1.0,2.0,17,51,76,a69d8d31196ad888a5bf41504c03de86,b173b3eec8cce511641eb6bbe147c8ad,0.0,0.0,2.0,3.0,3.0,3.0,0.0,1.0,2.0,2.0,0.0,0.0,3.0,0.0,0.0,0.0,0.0,0.0,0.0
3,8,0,1,0,0,3,10,A+ a+ a- b+ A+ a+ a- b+ A+ a+ ,1.9967916319816368,2.1410863817377597,21,59,76,67d4c61d1d0b4878f2fe5d9b66186db9,4f3172f580a4b9d9873dda9a5ccccdb0,1.0,0.0,2.0,3.0,3.0,3.0,0.0,0.0,0.0,0.0,0.0,2.0,0.0,0.0,0.0,0.0,0.0,0.0,0.0
2,4,0,0,1,1,2,4,b a A A B A B A B A B A B A B ,1.3499214199431195,1.3499214199431195,17,52,76,496b1d087247d9edf9bbdde67e7e4036,1a854fd15937b153567b43c35d929859,2.0,0.0,0.0,0.0,0.0,0.0,3.0,0.0,0.0,0.0,0.0,0.0,0.0,2.0,0.0,0.0,0.0,0.0,0.0
3,7,0,1,0,0,3,12,B- b- B- b- B- b- B- b- B- b- ,1.0,1.5,17,52,72,8602be5804b85d2adab89d86f79bee51,492073c1f4627e059a680f8c0d7e5504,2.0,0.0,1.0,2.0,2.0,2.0,0.0,0.0,0.0,0.0,0.0,0.0,0.0,0.0,0.0,0.0,0.0,2.0,3.0
3,8,0,1,0,0,3,8,a- a- B- A+ a- a- B- A+ a- a- ,1.4634582986483033,2.1236176230665023,23,61,76,70e1d4e118d076514296ccf0f2db8f71,ef0aa4d7d32eef317e002853a776a147,1.0,0.0,2.0,3.0,3.0,3.0,0.0,0.0,0.0,0.0,0.0,0.0,2.0,0.0,2.0,0.0,0.0,0.0,0.0
3,8,0,1,0,0,3,11,B+ a+ b- a+ b- a+ b- a+ b- a+ ,1.1766796675107107,2.0867356497461738,18,54,76,67d4c61d1d0b4878f2fe5d9b66186db9,4f3172f580a4b9d9873dda9a5ccccdb0,1.0,0.0,2.0,3.0,3.0,3.0,0.0,0.0,0.0,0.0,0.0,0.0,3.0,0.0,0.0,2.0,0.0,0.0,0.0
3,8,0,1,0,0,3,10,b- a- a- A+ b- a- a- A+ b- a- ,1.4983958159908184,2.1410863817377597,19,58,76,f432d6b52c5184fc71c9b55f7e823cd0,13f2efed502683c45be6ed5e712775c8,1.0,0.0,2.0,3.0,3.0,3.0,0.0,0.0,0.0,0.0,2.0,0.0,3.0,0.0,0.0,0.0,0.0,0.0,0.0
3,4,1,1,0,0,3,7,A+ a+ a+ A+ A+ a+ a+ A+ A+ a+ ,1.0,1.5,18,56,76,b4f81c34f2a0b86b46478f06add8548b,371fd319175c2f1ca191855c933d0149,0.0,0.0,1.0,2.0,2.0,2.0,0.0,1.0,2.0,2.0,0.0,0.0,0.0,0.0,0.0,0.0,0.0,0.0,0.0
3,8,0,1,0,0,3,7,+B -a +a +A +B -a +a +A +B -a ,1.9967916319816368,2.167518278965993,21,57,80,67d4c61d1d0b4878f2fe5d9b66186db9,ecf3823d5a4d59543a2935b66fbdec06,1.0,2.0,2.0,3.0,3.0,3.0,0.0,0.0,0.0,0.0,0.0,0.0,0.0,0.0,0.0,0.0,0.0,0.0,0.0
3,8,0,1,0,0,3,9,+a +a +B -A +a +a +B -A +a +a ,1.4634582986483033,2.1236176230665023,21,58,76,67d4c61d1d0b4878f2fe5d9b66186db9,908ccf0f892726fb19d2fdbb5589e828,1.0,2.0,2.0,3.0,3.0,3.0,0.0,0.0,0.0,0.0,0.0,0.0,3.0,0.0,0.0,0.0,0.0,0.0,0.0
3,8,0,1,0,0,3,6,+A -a -a +B +A -a -a +B +A -a ,1.4983958159908184,2.249197907995409,20,60,76,67d4c61d1d0b4878f2fe5d9b66186db9,ecf3823d5a4d59543a2935b66fbdec06,1.0,0.0,2.0,3.0,3.0,3.0,2.0,0.0,0.0,0.0,0.0,0.0,0.0,0.0,0.0,0.0,0.0,0.0,0.0
2,4,0,0,1,1,2,3,a A B a A a A a A a A a A a A ,1.1766796675107107,1.1766796675107107,18,49,76,121d08e8d3508f48216f1b69b3d23605,c6759bd27af42393f12bd5da489f3f43,2.0,0.0,0.0,0.0,0.0,0.0,0.0,0.0,0.0,0.0,0.0,0.0,0.0,3.0,2.0,0.0,0.0,0.0,0.0
2,4,0,0,1,1,2,4,A A a B a B a B a B a B a B a ,1.2866926683547546,1.2866926683547546,17,51,72,121d08e8d3508f48216f1b69b3d23605,c68e3fa895ac63f50fc74a4c04b6db9b,2.0,0.0,0.0,0.0,0.0,0.0,0.0,0.0,0.0,0.0,0.0,0.0,0.0,0.0,3.0,2.0,0.0,0.0,0.0
3,8,0,1,0,0,3,5,B+ a+ A- a+ A- a+ A- a+ A- a+ ,1.1766796675107107,2.0867356497461738,18,54,76,f432d6b52c5184fc71c9b55f7e823cd0,13f2efed502683c45be6ed5e712775c8,1.0,0.0,2.0,3.0,3.0,3.0,0.0,0.0,0.0,0.0,2.0,0.0,0.0,0.0,0.0,0.0,0.0,0.0,0.0
3,8,0,1,0,0,3,16,b- a+ B- a+ B- a+ B- a+ B- a+ ,1.1766796675107107,2.0883398337553554,17,54,76,67d4c61d1d0b4878f2fe5d9b66186db9,4f3172f580a4b9d9873dda9a5ccccdb0,1.0,0.0,2.0,3.0,3.0,3.0,0.0,0.0,0.0,0.0,0.0,0.0,0.0,0.0,0.0,2.0,0.0,0.0,0.0
2,5,0,1,0,0,3,9,b a a b b a a b b a a b b a a ,1.0,1.0,17,49,72,f9a5951d926c0a7f9c63e13cfa2fc5a5,36c18a5eadbddf5f5730a1298f7bfea3,1.0,0.0,1.0,2.0,2.0,2.0,0.0,0.0,0.0,0.0,0.0,0.0,0.0,2.0,0.0,0.0,0.0,0.0,0.0
3,8,0,1,0,0,3,8,a- a- B+ a+ B+ a+ B+ a+ B+ a+ ,1.2866926683547546,1.6750754835015291,21,57,76,67d4c61d1d0b4878f2fe5d9b66186db9,58f52404578285e9516d6c501d12d7d7,1.0,0.0,2.0,3.0,3.0,3.0,0.0,0.0,0.0,0.0,0.0,0.0,2.0,0.0,2.0,0.0,0.0,0.0,0.0
3,8,0,1,0,0,3,10,-B -a +A -a +A -a +A -a +A -a ,1.1766796675107107,2.0867356497461738,18,53,76,67d4c61d1d0b4878f2fe5d9b66186db9,908ccf0f892726fb19d2fdbb5589e828,1.0,0.0,2.0,3.0,3.0,3.0,0.0,0.0,0.0,0.0,0.0,0.0,2.0,0.0,0.0,0.0,0.0,2.0,0.0
3,8,0,1,0,0,3,8,a+ a+ b- b+ a+ a+ b- b+ a+ a+ ,1.4634582986483033,1.890284289733169,22,58,76,67d4c61d1d0b4878f2fe5d9b66186db9,409ada3bfac14717c01a3243ae9aa9cf,1.0,0.0,2.0,3.0,3.0,3.0,2.0,0.0,0.0,0.0,0.0,0.0,0.0,0.0,0.0,0.0,0.0,0.0,0.0
3,8,0,1,0,0,3,10,-a -a +A +a +A +a +A +a +A +a ,1.2866926683547546,1.6750754835015291,20,55,76,67d4c61d1d0b4878f2fe5d9b66186db9,ecf3823d5a4d59543a2935b66fbdec06,1.0,0.0,2.0,3.0,3.0,3.0,0.0,0.0,0.0,0.0,0.0,0.0,0.0,2.0,0.0,0.0,0.0,0.0,0.0
3,7,0,1,0,0,3,8,+a -a +b -a +b -a +b -a +b -a ,1.1766796675107107,1.9983958159908184,18,51,76,a69d8d31196ad888a5bf41504c03de86,12a57c8bdaad7f967c06a4c5bea5a87f,0.0,0.0,2.0,3.0,3.0,3.0,0.0,1.0,2.0,2.0,0.0,0.0,3.0,0.0,0.0,0.0,0.0,0.0,0.0
3,8,0,1,0,0,3,7,+A +a +a -A +A +a +a -A +A +a ,1.4983958159908184,1.8918884737423507,19,56,76,70e1d4e118d076514296ccf0f2db8f71,2126aa829643dcfef46ff3db78f322a8,1.0,0.0,2.0,3.0,3.0,3.0,0.0,0.0,0.0,0.0,0.0,2.0,0.0,0.0,0.0,0.0,0.0,0.0,0.0
3,8,0,1,0,0,3,9,-b +a +a -a +a -a +a -a +a -a ,1.1766796675107107,1.6054211501592661,17,56,76,67d4c61d1d0b4878f2fe5d9b66186db9,ecf3823d5a4d59543a2935b66fbdec06,1.0,0.0,2.0,3.0,3.0,3.0,0.0,0.0,0.0,0.0,0.0,0.0,0.0,2.0,0.0,0.0,0.0,0.0,0.0
3,7,0,1,0,0,3,11,-a +a -A +b -a +a -A +b -a +a ,1.9967916319816368,2.231729149324152,23,59,80,0d71482cbe8c7fa4acf7b7bef52c580f,efd2af8616991c24ba53970fd8e64fce,0.0,0.0,2.0,3.0,3.0,3.0,0.0,1.0,2.0,2.0,0.0,0.0,2.0,0.0,0.0,0.0,0.0,0.0,0.0
3,8,0,1,0,0,3,13,a+ a- A+ b+ a+ a- A+ b+ a+ a- ,1.9967916319816368,2.1500495202947354,22,58,80,70e1d4e118d076514296ccf0f2db8f71,ef0aa4d7d32eef317e002853a776a147,1.0,2.0,2.0,3.0,3.0,3.0,0.0,0.0,0.0,0.0,0.0,0.0,0.0,0.0,0.0,0.0,0.0,0.0,0.0
3,8,0,1,0,0,3,11,b+ a- a- B- b+ a- a- B- b+ a- ,1.4983958159908184,2.167518278965993,20,59,76,67d4c61d1d0b4878f2fe5d9b66186db9,58f52404578285e9516d6c501d12d7d7,1.0,0.0,2.0,3.0,3.0,3.0,0.0,0.0,0.0,0.0,0.0,0.0,0.0,2.0,0.0,0.0,0.0,0.0,0.0
2,4,0,0,1,1,2,5,b a B A B A B A B A B A B A B ,1.353359335021421,1.353359335021421,17,51,76,496b1d087247d9edf9bbdde67e7e4036,1a854fd15937b153567b43c35d929859,2.0,0.0,0.0,0.0,0.0,0.0,3.0,0.0,0.0,0.0,0.0,0.0,0.0,0.0,0.0,2.0,0.0,0.0,0.0
3,8,0,1,0,0,3,14,+B -a -B -a -B -a -B -a -B -a ,1.1766796675107107,1.6054211501592661,17,53,76,67d4c61d1d0b4878f2fe5d9b66186db9,908ccf0f892726fb19d2fdbb5589e828,1.0,0.0,2.0,3.0,3.0,3.0,0.0,0.0,0.0,0.0,0.0,0.0,0.0,0.0,0.0,0.0,0.0,0.0,2.0
3,8,0,1,0,0,3,9,+a +a -B +A +a +a -B +A +a +a ,1.4634582986483033,2.1236176230665023,23,59,76,70e1d4e118d076514296ccf0f2db8f71,2126aa829643dcfef46ff3db78f322a8,1.0,0.0,2.0,3.0,3.0,3.0,0.0,0.0,0.0,0.0,0.0,0.0,3.0,0.0,2.0,0.0,0.0,0.0,0.0
3,7,0,1,0,0,3,10,-B -a +a +B -B -a +a +B -B -a ,1.9967916319816368,1.9983958159908184,20,59,80,a69d8d31196ad888a5bf41504c03de86,cd6687c4e6d0f5aec1a771b61f17342f,0.0,0.0,2.0,3.0,3.0,3.0,0.0,1.0,2.0,2.0,0.0,0.0,2.0,0.0,0.0,0.0,0.0,0.0,0.0
2,5,0,1,0,0,3,5,a a B A a a B A a a B A a a B ,1.4634582986483033,1.4634582986483033,18,51,76,f9a5951d926c0a7f9c63e13cfa2fc5a5,36c18a5eadbddf5f5730a1298f7bfea3,1.0,0.0,1.0,2.0,2.0,2.0,0.0,0.0,0.0,0.0,0.0,0.0,2.0,0.0,2.0,0.0,0.0,0.0,0.0
2,4,0,1,0,0,3,5,b a B a B a B a B a B a B a B ,1.1766796675107107,1.1766796675107107,15,49,72,a0f04cb1fe05325427f0abde84b62772,5cc922690ddde087b86e8ec3a0441651,0.0,0.0,1.0,2.0,2.0,2.0,0.0,1.0,2.0,2.0,0.0,0.0,2.0,0.0,0.0,0.0,0.0,0.0,0.0
3,6,0,1,0,0,3,8,-B -a +a +a +a +a +a +a +a +a ,0.420026001688088,1.2821008176699766,17,48,76,3982e287b49ad5f44525c7867b50c1c0,fdbf52bf7be11989004466c776b64b27,1.0,0.0,1.0,2.0,2.0,2.0,0.0,1.0,2.0,2.0,0.0,0.0,2.0,0.0,0.0,2.0,0.0,0.0,0.0
3,8,0,1,0,0,3,14,a- a- b+ b- a- a- b+ b- a- a- ,1.4634582986483033,1.890284289733169,22,58,76,67d4c61d1d0b4878f2fe5d9b66186db9,f09452872f697d712d7d224467288261,1.0,0.0,2.0,3.0,3.0,3.0,2.0,0.0,0.0,0.0,0.0,0.0,0.0,0.0,0.0,0.0,0.0,0.0,0.0
3,8,0,1,0,0,3,11,+a +a +b -A +a +a +b -A +a +a ,1.4634582986483033,2.1236176230665023,21,58,76,70e1d4e118d076514296ccf0f2db8f71,2126aa829643dcfef46ff3db78f322a8,1.0,2.0,2.0,3.0,3.0,3.0,0.0,0.0,0.0,0.0,0.0,0.0,2.0,0.0,0.0,0.0,0.0,0.0,0.0
3,6,0,1,0,0,3,10,a+ a- b- B+ a+ a- b- B+ a+ a- ,1.9967916319816368,2.231729149324152,22,58,80,36c77601d8a81bb1597a703bfb6eee79,641e90c222c81668ba77f960c7c6a7d9,1.0,0.0,1.0,2.0,2.0,2.0,2.0,1.0,2.0,2.0,0.0,0.0,0.0,0.0,0.0,0.0,0.0,0.0,0.0
3,8,0,1,0,0,3,9,b+ a+ a+ A- b+ a+ a+ A- b+ a+ ,1.4983958159908184,2.1410863817377597,19,58,76,67d4c61d1d0b4878f2fe5d9b66186db9,f09452872f697d712d7d224467288261,1.0,0.0,2.0,3.0,3.0,3.0,0.0,0.0,0.0,0.0,2.0,0.0,0.0,0.0,0.0,0.0,0.0,0.0,0.0
3,7,0,1,0,0,3,9,+a -a +B -a +B -a +B -a +B -a ,1.1766796675107107,1.9983958159908184,18,51,76,0d71482cbe8c7fa4acf7b7bef52c580f,efd2af8616991c24ba53970fd8e64fce,0.0,0.0,2.0,3.0,3.0,3.0,0.0,1.0,2.0,2.0,0.0,0.0,0.0,0.0,0.0,0.0,0.0,0.0,0.0
3,7,0,1,0,0,3,10,B+ B- B+ B- B+ B- B+ B- B+ B- ,1.0,1.5,17,50,76,a69d8d31196ad888a5bf41504c03de86,8347048afff2ced5dbead71e332e12b1,0.0,0.0,2.0,3.0,3.0,3.0,0.0,1.0,2.0,2.0,0.0,0.0,0.0,0.0,0.0,0.0,0.0,0.0,0.0
3,8,0,1,0,0,3,14,-a -a +A -b -a -a +A -b -a -a ,1.4634582986483033,2.1236176230665023,23,59,76,f432d6b52c5184fc71c9b55f7e823cd0,a290c37ce461b1258f0edd054a8e8940,1.0,0.0,2.0,3.0,3.0,3.0,0.0,0.0,0.0,0.0,0.0,0.0,2.0,0.0,0.0,0.0,0.0,2.0,0.0
3,6,0,1,0,0,3,6,+a -a +A -a +A -a +A -a +A -a ,1.1766796675107107,1.9983958159908184,18,51,76,8c74b5cfb454515492682326d6abfb28,2b4f00c8e40b245d1739c4a5dea0a117,1.0,0.0,1.0,2.0,2.0,2.0,0.0,1.0,2.0,2.0,0.0,0.0,0.0,0.0,0.0,0.0,0.0,2.0,0.0
3,8,0,1,0,0,3,11,B- a- a- a- a- a- a- a- a- a- ,0.21084230031853213,1.1054211501592661,14,46,72,67d4c61d1d0b4878f2fe5d9b66186db9,58f52404578285e9516d6c501d12d7d7,1.0,0.0,2.0,3.0,3.0,3.0,0.0,0.0,0.0,0.0,2.0,0.0,0.0,0.0,0.0,0.0,0.0,0.0,0.0
2,4,0,0,1,1,2,3,B a a A A a a A A a a A A a a ,1.1766796675107107,1.1766796675107107,17,50,76,496b1d087247d9edf9bbdde67e7e4036,c0957465ce2066b062166418849e1cda,2.0,2.0,0.0,0.0,0.0,0.0,3.0,0.0,0.0,0.0,0.0,0.0,0.0,0.0,0.0,0.0,0.0,0.0,0.0
3,7,0,1,0,0,3,10,+a -a -b +A +a -a -b +A +a -a ,1.9967916319816368,2.231729149324152,21,59,76,0d71482cbe8c7fa4acf7b7bef52c580f,2de8f2eb13bdb957421b83ca32962397,0.0,0.0,2.0,3.0,3.0,3.0,0.0,1.0,2.0,2.0,0.0,0.0,0.0,0.0,0.0,0.0,0.0,0.0,0.0
3,8,0,1,0,0,3,8,a+ a+ B- a+ B- a+ B- a+ B- a+ ,0.9967916319816366,1.9967916319816368,18,52,76,67d4c61d1d0b4878f2fe5d9b66186db9,4f3172f580a4b9d9873dda9a5ccccdb0,1.0,0.0,2.0,3.0,3.0,3.0,0.0,0.0,0.0,0.0,0.0,0.0,3.0,0.0,2.0,0.0,0.0,0.0,0.0
3,8,0,1,0,0,3,11,b- a+ a+ b+ b- a+ a+ b+ b- a+ ,1.4983958159908184,1.9183203709705836,19,60,76,67d4c61d1d0b4878f2fe5d9b66186db9,f09452872f697d712d7d224467288261,1.0,0.0,2.0,3.0,3.0,3.0,0.0,0.0,0.0,0.0,0.0,0.0,0.0,2.0,0.0,0.0,0.0,0.0,0.0
2,4,0,0,1,1,2,5,b A A b b A A b b A A b b A A ,1.0,1.0,17,49,72,121d08e8d3508f48216f1b69b3d23605,c6759bd27af42393f12bd5da489f3f43,2.0,0.0,0.0,0.0,0.0,0.0,0.0,0.0,0.0,0.0,0.0,0.0,0.0,2.0,0.0,0.0,3.0,0.0,0.0
3,7,0,1,0,0,3,8,+a -a -A +b +a -a -A +b +a -a ,1.9967916319816368,2.231729149324152,21,59,76,a69d8d31196ad888a5bf41504c03de86,a07afa96e6b7bf1dccbfdaaab6b0f71d,0.0,0.0,2.0,3.0,3.0,3.0,0.0,1.0,2.0,2.0,0.0,0.0,2.0,0.0,0.0,0.0,0.0,0.0,0.0
2,4,0,0,1,1,2,4,b A B a A a A a A a A a A a A ,1.3533593350214213,1.3533593350214213,18,50,76,121d08e8d3508f48216f1b69b3d23605,228b2f6b1d7606944b9d85412a6d8887,2.0,0.0,0.0,0.0,0.0,0.0,3.0,0.0,0.0,0.0,0.0,0.0,0.0,2.0,0.0,0.0,0.0,0.0,0.0
3,8,0,1,0,0,3,13,+b -a -b -a -b -a -b -a -b -a ,1.1766796675107107,1.6054211501592661,17,53,76,f432d6b52c5184fc71c9b55f7e823cd0,a290c37ce461b1258f0edd054a8e8940,1.0,0.0,2.0,3.0,3.0,3.0,0.0,0.0,0.0,0.0,0.0,0.0,0.0,0.0,0.0,0.0,0.0,0.0,2.0
2,4,0,0,1,1,2,3,a A b a A a A a A a A a A a A ,1.1766796675107107,1.1766796675107107,18,49,76,121d08e8d3508f48216f1b69b3d23605,cda84cbb85b18d18fa6369dd53e455a7,2.0,0.0,0.0,0.0,0.0,0.0,3.0,0.0,0.0,0.0,0.0,0.0,0.0,0.0,2.0,0.0,0.0,0.0,0.0
3,8,0,1,0,0,3,10,a+ a- B- B+ a+ a- B- B+ a+ a- ,1.9967916319816368,1.9983958159908184,20,59,80,f432d6b52c5184fc71c9b55f7e823cd0,6973943555b3bb838d763876c93538fe,1.0,0.0,2.0,3.0,3.0,3.0,2.0,0.0,0.0,0.0,0.0,0.0,0.0,0.0,0.0,0.0,0.0,0.0,0.0
3,7,0,1,0,0,3,8,+a -a -B +a -B +a -B +a -B +a ,1.1766796675107107,1.9983958159908184,18,52,76,a69d8d31196ad888a5bf41504c03de86,cd6687c4e6d0f5aec1a771b61f17342f,0.0,0.0,2.0,3.0,3.0,3.0,0.0,1.0,2.0,2.0,0.0,0.0,0.0,0.0,0.0,0.0,0.0,0.0,0.0
3,8,0,1,0,0,3,10,+B +a +a -b +B +a +a -b +B +a ,1.4983958159908184,2.1410863817377597,20,57,76,f432d6b52c5184fc71c9b55f7e823cd0,a290c37ce461b1258f0edd054a8e8940,1.0,0.0,2.0,3.0,3.0,3.0,0.0,0.0,0.0,0.0,0.0,2.0,2.0,0.0,0.0,0.0,0.0,0.0,0.0
3,8,0,1,0,0,3,12,-B +a -a -A -B +a -a -A -B +a ,1.9967916319816368,2.167518278965993,21,57,80,70e1d4e118d076514296ccf0f2db8f71,2126aa829643dcfef46ff3db78f322a8,1.0,0.0,2.0,3.0,3.0,3.0,0.0,0.0,0.0,0.0,0.0,0.0,2.0,0.0,0.0,2.0,0.0,0.0,0.0
3,8,0,1,0,0,3,8,B+ a- a- a+ a- a+ a- a+ a- a+ ,1.1766796675107107,1.6054211501592661,17,55,76,67d4c61d1d0b4878f2fe5d9b66186db9,58f52404578285e9516d6c501d12d7d7,1.0,0.0,2.0,3.0,3.0,3.0,0.0,0.0,0.0,0.0,2.0,0.0,2.0,0.0,0.0,0.0,0.0,0.0,0.0
3,6,1,1,0,0,3,12,a+ a- A- a+ A- a+ A- a+ A- a+ ,1.1766796675107107,1.9983958159908184,21,53,80,662932ff81e505eb185ad1d8c53dcffc,a2733b7ff5e30b109a840b92200c7f61,0.0,0.0,2.0,3.0,3.0,3.0,0.0,0.0,0.0,0.0,0.0,0.0,0.0,0.0,0.0,0.0,0.0,0.0,0.0
3,8,0,1,0,0,3,8,-B -a -a +a -a +a -a +a -a +a ,1.1766796675107107,1.6038169661500845,17,53,76,f432d6b52c5184fc71c9b55f7e823cd0,a290c37ce461b1258f0edd054a8e8940,1.0,0.0,2.0,3.0,3.0,3.0,0.0,0.0,0.0,0.0,0.0,0.0,0.0,0.0,0.0,0.0,2.0,0.0,0.0
3,8,0,1,0,0,3,10,+B -a -a +A +B -a -a +A +B -a ,1.4983958159908184,2.249197907995409,20,60,76,67d4c61d1d0b4878f2fe5d9b66186db9,ecf3823d5a4d59543a2935b66fbdec06,1.0,0.0,2.0,3.0,3.0,3.0,2.0,0.0,0.0,0.0,0.0,0.0,0.0,0.0,0.0,0.0,0.0,0.0,0.0
3,6,0,1,0,0,3,7,+b +B +b +B +b +B +b +B +b +B ,1.0,1.5,17,50,76,1bcf21a2780883d3b02c977c36ca3333,8543616f102e7e89ee92fa07b0aeb569,1.0,0.0,1.0,2.0,2.0,2.0,0.0,1.0,2.0,2.0,0.0,0.0,0.0,0.0,0.0,0.0,0.0,2.0,0.0
3,8,0,1,0,0,3,12,+a +a -B -a -B -a -B -a -B -a ,1.2866926683547546,1.6750754835015291,20,55,76,70e1d4e118d076514296ccf0f2db8f71,2126aa829643dcfef46ff3db78f322a8,1.0,0.0,2.0,3.0,3.0,3.0,2.0,0.0,0.0,0.0,0.0,0.0,2.0,0.0,0.0,0.0,0.0,0.0,0.0
3,8,0,1,0,0,3,7,a- a+ A+ b+ a- a+ A+ b+ a- a+ ,1.9967916319816368,2.1500495202947354,23,59,80,f432d6b52c5184fc71c9b55f7e823cd0,13f2efed502683c45be6ed5e712775c8,1.0,2.0,2.0,3.0,3.0,3.0,0.0,0.0,0.0,0.0,0.0,0.0,0.0,0.0,0.0,0.0,0.0,0.0,0.0
3,8,0,1,0,0,3,14,B+ a- B- a- B- a- B- a- B- a- ,1.1766796675107107,1.6054211501592661,18,53,76,70e1d4e118d076514296ccf0f2db8f71,ef0aa4d7d32eef317e002853a776a147,1.0,0.0,2.0,3.0,3.0,3.0,0.0,0.0,0.0,0.0,0.0,0.0,0.0,0.0,0.0,2.0,0.0,0.0,0.0
3,8,0,1,0,0,3,9,A+ a- a+ b- A+ a- a+ b- A+ a- ,1.9967916319816368,2.249197907995409,23,59,80,f432d6b52c5184fc71c9b55f7e823cd0,13f2efed502683c45be6ed5e712775c8,1.0,0.0,2.0,3.0,3.0,3.0,0.0,0.0,0.0,0.0,0.0,2.0,0.0,0.0,0.0,0.0,0.0,0.0,0.0
3,7,0,1,0,0,3,7,A+ a- b- a- b- a- b- a- b- a- ,1.1766796675107107,1.6937609839146215,18,54,76,a69d8d31196ad888a5bf41504c03de86,d442cc30ae92cf345bd7a7fbfdcb5dae,0.0,0.0,2.0,3.0,3.0,3.0,0.0,1.0,2.0,2.0,0.0,0.0,3.0,0.0,0.0,0.0,0.0,0.0,0.0
3,8,0,1,0,0,3,12,a- A- a- A- a- A- a- A- a- A- ,1.0,1.5,17,52,72,70e1d4e118d076514296ccf0f2db8f71,ef0aa4d7d32eef317e002853a776a147,1.0,0.0,2.0,3.0,3.0,3.0,2.0,0.0,0.0,0.0,0.0,0.0,3.0,0.0,0.0,0.0,0.0,0.0,0.0
2,5,0,1,0,0,3,8,a a b b a a b b a a b b a a b ,0.9967916319816366,0.9967916319816366,17,51,72,f9a5951d926c0a7f9c63e13cfa2fc5a5,36c18a5eadbddf5f5730a1298f7bfea3,1.0,0.0,1.0,2.0,2.0,2.0,2.0,0.0,0.0,0.0,0.0,0.0,0.0,0.0,0.0,0.0,0.0,0.0,0.0
2,4,0,0,1,1,2,3,B B b B b B b B b B b B b B b ,0.9967916319816366,0.9967916319816366,15,47,72,121d08e8d3508f48216f1b69b3d23605,e185f56fd8e915712391e2436e2cec6c,2.0,0.0,0.0,0.0,0.0,0.0,2.0,0.0,0.0,0.0,0.0,0.0,0.0,0.0,3.0,0.0,0.0,0.0,0.0
3,7,0,1,0,0,3,11,+a -a -B -a -B -a -B -a -B -a ,1.1766796675107107,1.6038169661500845,16,55,76,73f66af22f74a9f46ba51c3f68ffb910,187b89b05c5aeab32a2d0a29d6454d05,2.0,0.0,1.0,2.0,2.0,2.0,0.0,0.0,0.0,0.0,0.0,0.0,0.0,0.0,0.0,3.0,0.0,0.0,2.0
3,7,0,1,0,0,3,11,-a +a -B +b -a +a -B +b -a +a ,1.9967916319816368,2.231729149324152,23,59,80,a69d8d31196ad888a5bf41504c03de86,12a57c8bdaad7f967c06a4c5bea5a87f,0.0,0.0,2.0,3.0,3.0,3.0,0.0,1.0,2.0,2.0,0.0,0.0,0.0,0.0,0.0,0.0,0.0,0.0,0.0
2,4,0,0,1,1,2,5,a B A a b A A a b A A a b A A ,1.6750754835015291,1.6750754835015291,20,56,76,121d08e8d3508f48216f1b69b3d23605,7e45e470c59753f30911254558ac473a,2.0,0.0,0.0,0.0,0.0,0.0,0.0,0.0,0.0,0.0,0.0,0.0,0.0,3.0,0.0,2.0,0.0,0.0,0.0
3,3,1,1,0,0,2,4,A- a+ a- a+ a- a+ a- a+ a- a+ ,1.1766796675107107,1.6054211501592661,17,53,76,e5e1553ad87d348796a02d9b68ef967e,4fffb97dc148fbf5ec1fb32d19d30fe6,1.0,0.0,0.0,0.0,0.0,0.0,0.0,1.0,2.0,2.0,0.0,0.0,0.0,0.0,0.0,0.0,0.0,0.0,2.0
3,4,1,1,0,0,3,6,-A -a -a -a -a -a -a -a -a -a ,0.21084230031853213,1.1054211501592661,15,47,72,b4f81c34f2a0b86b46478f06add8548b,74582db8c1108a8658deea285889133f,0.0,0.0,1.0,2.0,2.0,2.0,0.0,1.0,2.0,2.0,0.0,0.0,0.0,0.0,0.0,0.0,0.0,0.0,0.0
3,8,0,1,0,0,3,10,+a -a +A +a +A +a +A +a +A +a ,1.1766796675107107,1.6038169661500845,20,53,76,f432d6b52c5184fc71c9b55f7e823cd0,a290c37ce461b1258f0edd054a8e8940,1.0,0.0,2.0,3.0,3.0,3.0,0.0,0.0,0.0,0.0,0.0,2.0,0.0,0.0,0.0,0.0,0.0,0.0,0.0
3,8,0,1,0,0,3,9,B+ a- b+ a- b+ a- b+ a- b+ a- ,1.1766796675107107,2.0883398337553554,17,54,76,67d4c61d1d0b4878f2fe5d9b66186db9,409ada3bfac14717c01a3243ae9aa9cf,1.0,0.0,2.0,3.0,3.0,3.0,0.0,0.0,0.0,0.0,0.0,0.0,0.0,0.0,0.0,2.0,0.0,0.0,0.0
3,7,0,1,0,0,3,11,-B +a -a +b -B +a -a +b -B +a ,1.9967916319816368,2.249197907995409,23,61,80,a69d8d31196ad888a5bf41504c03de86,ef501e87758de11bd53cdf5f7d75d57b,0.0,0.0,2.0,3.0,3.0,3.0,0.0,1.0,2.0,2.0,0.0,0.0,3.0,0.0,0.0,0.0,0.0,0.0,0.0
3,5,0,1,0,0,2,6,b- a+ B+ a+ B+ a+ B+ a+ B+ a+ ,1.1766796675107107,1.6937609839146215,18,54,76,d6e66dee7b989c3909ba6b71ff8b5394,7616c0ff41c984701cb2942f7905af92,2.0,0.0,0.0,0.0,0.0,0.0,0.0,1.0,2.0,2.0,0.0,0.0,0.0,3.0,0.0,2.0,0.0,0.0,0.0
3,8,0,1,0,0,3,11,-a -a -b +a -b +a -b +a -b +a ,1.2866926683547546,1.9967916319816368,18,53,76,67d4c61d1d0b4878f2fe5d9b66186db9,ecf3823d5a4d59543a2935b66fbdec06,1.0,0.0,2.0,3.0,3.0,3.0,0.0,0.0,0.0,0.0,0.0,0.0,0.0,0.0,0.0,2.0,0.0,0.0,0.0
3,8,0,1,0,0,3,10,+a +a -a +a -a +a -a +a -a +a ,0.9967916319816366,1.4983958159908184,17,52,72,f432d6b52c5184fc71c9b55f7e823cd0,a290c37ce461b1258f0edd054a8e8940,1.0,0.0,2.0,3.0,3.0,3.0,2.0,0.0,0.0,0.0,0.0,0.0,0.0,0.0,0.0,0.0,0.0,0.0,0.0
2,4,0,1,0,0,2,4,B a B a B a B a B a B a B a B ,1.0,1.0,15,46,72,38a9a6ebc90a332c0dfe97945349a3da,db4430d23f9f6cae65f247ed4494886d,2.0,3.0,0.0,0.0,0.0,0.0,0.0,0.0,0.0,0.0,0.0,0.0,0.0,0.0,0.0,2.0,0.0,0.0,0.0
3,8,0,1,0,0,3,9,a+ a+ A- B+ a+ a+ A- B+ a+ a+ ,1.4634582986483033,2.1236176230665023,22,59,76,67d4c61d1d0b4878f2fe5d9b66186db9,409ada3bfac14717c01a3243ae9aa9cf,1.0,2.0,2.0,3.0,3.0,3.0,0.0,0.0,0.0,0.0,0.0,0.0,3.0,0.0,0.0,0.0,0.0,0.0,0.0
3,5,1,1,0,0,3,5,-B -a -a -A -B -a -a -A -B -a ,1.4983958159908184,1.7491979079954092,19,56,76,39751a061542377f4e2a0beb0c8309ac,49ff3d68b03970787bff12732c915d7d,1.0,0.0,1.0,2.0,2.0,2.0,0.0,0.0,0.0,0.0,2.0,0.0,2.0,0.0,0.0,0.0,0.0,0.0,0.0
2,4,0,0,1,1,2,2,a A A B A B A B A B A B A B A ,1.1766796675107107,1.1766796675107107,15,49,72,38a9a6ebc90a332c0dfe97945349a3da,57f8a68d4361fb8f3b29ad1bad590e75,2.0,0.0,0.0,0.0,0.0,0.0,0.0,0.0,0.0,0.0,3.0,2.0,0.0,0.0,0.0,0.0,0.0,0.0,0.0
3,8,0,1,0,0,3,11,+b +a +b +a +b +a +b +a +b +a ,1.0,1.5,17,50,76,70e1d4e118d076514296ccf0f2db8f71,2126aa829643dcfef46ff3db78f322a8,1.0,0.0,2.0,3.0,3.0,3.0,0.0,0.0,0.0,0.0,0.0,2.0,0.0,0.0,0.0,0.0,0.0,0.0,0.0
3,8,0,1,0,0,3,9,+a -a -A -a -A -a -A -a -A -a ,1.1766796675107107,1.6038169661500845,16,55,76,70e1d4e118d076514296ccf0f2db8f71,2126aa829643dcfef46ff3db78f322a8,1.0,0.0,2.0,3.0,3.0,3.0,0.0,0.0,0.0,0.0,0.0,0.0,0.0,0.0,0.0,0.0,0.0,0.0,2.0
3,8,0,1,0,0,3,8,-B -b -B -b -B -b -B -b -B -b ,1.0,1.5,17,50,76,f432d6b52c5184fc71c9b55f7e823cd0,a290c37ce461b1258f0edd054a8e8940,1.0,0.0,2.0,3.0,3.0,3.0,0.0,0.0,0.0,0.0,0.0,0.0,0.0,0.0,0.0,0.0,0.0,2.0,0.0
3,6,1,1,0,0,3,11,A- a+ a- a- a- a- a- a- a- a- ,0.420026001688088,1.210842300318532,18,49,76,662932ff81e505eb185ad1d8c53dcffc,a2733b7ff5e30b109a840b92200c7f61,0.0,0.0,2.0,3.0,3.0,3.0,0.0,0.0,0.0,0.0,0.0,0.0,3.0,0.0,0.0,0.0,0.0,0.0,0.0
2,4,0,0,1,1,2,5,a B A A A A A A A A A A A A A ,0.420026001688088,0.420026001688088,15,46,72,121d08e8d3508f48216f1b69b3d23605,5f79967642a4b8bf13c2a943d82066e9,2.0,0.0,0.0,0.0,0.0,0.0,0.0,0.0,0.0,0.0,0.0,0.0,0.0,3.0,0.0,2.0,0.0,0.0,0.0
3,8,0,1,0,0,3,12,-A -a +a -B -A -a +a -B -A -a ,1.9967916319816368,2.1410863817377597,23,58,80,f432d6b52c5184fc71c9b55f7e823cd0,a290c37ce461b1258f0edd054a8e8940,1.0,0.0,2.0,3.0,3.0,3.0,0.0,0.0,0.0,0.0,0.0,0.0,2.0,0.0,0.0,0.0,0.0,2.0,0.0
3,8,0,1,0,0,3,9,a+ a- B+ A- a+ a- B+ A- a+ a- ,1.9967916319816368,2.231729149324152,23,61,80,70e1d4e118d076514296ccf0f2db8f71,ef0aa4d7d32eef317e002853a776a147,1.0,0.0,2.0,3.0,3.0,3.0,0.0,0.0,0.0,0.0,0.0,0.0,0.0,0.0,2.0,0.0,0.0,0.0,0.0
3,5,1,1,0,0,3,6,-B -a -a -B -B -a -a -B -B -a ,1.0,1.5,19,54,76,39751a061542377f4e2a0beb0c8309ac,49ff3d68b03970787bff12732c915d7d,1.0,0.0,1.0,2.0,2.0,2.0,0.0,0.0,0.0,0.0,0.0,0.0,2.0,2.0,0.0,0.0,0.0,0.0,0.0
3,7,0,1,0,0,3,7,-A +a -a -a -a -a -a -a -a -a ,0.420026001688088,1.210842300318532,17,49,76,356fe86934723106ce0243a3ec08b603,79f20c439bc7a330a10260be04508eb8,2.0,0.0,1.0,2.0,2.0,2.0,0.0,0.0,0.0,0.0,0.0,0.0,0.0,0.0,3.0,2.0,0.0,0.0,0.0
3,8,0,1,0,0,3,11,a- a+ B- b+ a- a+ B- b+ a- a+ ,1.9967916319816368,2.231729149324152,23,61,80,67d4c61d1d0b4878f2fe5d9b66186db9,f09452872f697d712d7d224467288261,1.0,0.0,2.0,3.0,3.0,3.0,2.0,0.0,0.0,0.0,0.0,0.0,0.0,0.0,0.0,0.0,0.0,0.0,0.0
3,6,1,1,0,0,3,8,A+ a+ a- a+ a- a+ a- a+ a- a+ ,1.1766796675107107,1.6038169661500845,16,55,76,662932ff81e505eb185ad1d8c53dcffc,a2733b7ff5e30b109a840b92200c7f61,0.0,0.0,2.0,3.0,3.0,3.0,0.0,0.0,0.0,0.0,0.0,0.0,0.0,0.0,0.0,0.0,0.0,0.0,0.0
2,4,0,0,1,1,2,4,A B b a b a b a b a b a b a b ,1.353359335021421,1.353359335021421,17,51,76,121d08e8d3508f48216f1b69b3d23605,a44004f0135284f4198201df580aa598,2.0,0.0,0.0,0.0,0.0,0.0,0.0,0.0,0.0,0.0,0.0,0.0,0.0,3.0,0.0,0.0,0.0,0.0,0.0
3,8,0,1,0,0,3,10,+B -a -a -B +B -a -a -B +B -a ,1.4983958159908184,1.9183203709705836,19,60,76,70e1d4e118d076514296ccf0f2db8f71,2126aa829643dcfef46ff3db78f322a8,1.0,0.0,2.0,3.0,3.0,3.0,0.0,0.0,0.0,0.0,0.0,0.0,2.0,0.0,0.0,0.0,0.0,0.0,2.0
3,8,0,1,0,0,3,11,b+ a+ A- a+ A- a+ A- a+ A- a+ ,1.1766796675107107,2.0867356497461738,18,54,76,67d4c61d1d0b4878f2fe5d9b66186db9,58f52404578285e9516d6c501d12d7d7,1.0,0.0,2.0,3.0,3.0,3.0,0.0,0.0,0.0,0.0,0.0,0.0,2.0,2.0,0.0,0.0,0.0,0.0,0.0
3,7,0,1,0,0,3,11,B- a+ b+ a+ b+ a+ b+ a+ b+ a+ ,1.1766796675107107,1.6937609839146215,18,54,76,a69d8d31196ad888a5bf41504c03de86,2db85d3d1e976a04c71c749bb7d00174,0.0,0.0,2.0,3.0,3.0,3.0,0.0,1.0,2.0,2.0,0.0,0.0,2.0,0.0,0.0,0.0,0.0,0.0,0.0
3,8,0,1,0,0,3,11,b- A+ b- A+ b- A+ b- A+ b- A+ ,1.0,2.0,17,51,76,70e1d4e118d076514296ccf0f2db8f71,ef0aa4d7d32eef317e002853a776a147,1.0,0.0,2.0,3.0,3.0,3.0,0.0,0.0,0.0,0.0,2.0,0.0,0.0,0.0,0.0,0.0,0.0,0.0,0.0
3,6,0,1,0,0,3,6,-a +a -b +A -a +a -b +A -a +a ,1.9967916319816368,2.231729149324152,23,59,80,5d71e9185e80ce2301d96d174fb7199d,971ef60fc8b3430f68b52417cdaffd10,1.0,0.0,1.0,2.0,2.0,2.0,0.0,1.0,2.0,2.0,2.0,0.0,2.0,0.0,0.0,0.0,0.0,0.0,0.0
3,8,0,1,0,0,3,11,a- a+ b+ a- b+ a- b+ a- b+ a- ,1.1766796675107107,1.9983958159908184,21,53,80,67d4c61d1d0b4878f2fe5d9b66186db9,f09452872f697d712d7d224467288261,1.0,0.0,2.0,3.0,3.0,3.0,0.0,0.0,0.0,0.0,0.0,0.0,0.0,0.0,2.0,0.0,0.0,0.0,0.0
3,8,0,1,0,0,3,9,+a +a +b -B +a +a +b -B +a +a ,1.4634582986483033,2.1236176230665023,21,58,76,70e1d4e118d076514296ccf0f2db8f71,2126aa829643dcfef46ff3db78f322a8,1.0,2.0,2.0,3.0,3.0,3.0,0.0,0.0,0.0,0.0,0.0,0.0,3.0,0.0,0.0,0.0,0.0,0.0,0.0
3,8,0,1,0,0,3,12,a- a- b- A+ a- a- b- A+ a- a- ,1.4634582986483033,2.1236176230665023,23,61,76,67d4c61d1d0b4878f2fe5d9b66186db9,4f3172f580a4b9d9873dda9a5ccccdb0,1.0,0.0,2.0,3.0,3.0,3.0,0.0,0.0,0.0,0.0,0.0,0.0,0.0,0.0,2.0,0.0,0.0,0.0,0.0
3,8,0,1,0,0,3,11,b+ a+ a- A+ b+ a+ a- A+ b+ a+ ,1.9967916319816368,2.1410863817377597,21,59,76,f432d6b52c5184fc71c9b55f7e823cd0,6973943555b3bb838d763876c93538fe,1.0,0.0,2.0,3.0,3.0,3.0,0.0,0.0,0.0,0.0,2.0,0.0,2.0,0.0,0.0,0.0,0.0,0.0,0.0
3,5,1,1,0,0,3,4,A- a+ a- A+ A- a+ a- A+ A- a+ ,1.9967916319816368,2.0,23,60,80,39751a061542377f4e2a0beb0c8309ac,d760db760925304b569744a6cafdf2b7,1.0,0.0,1.0,2.0,2.0,2.0,2.0,0.0,0.0,0.0,0.0,0.0,0.0,0.0,0.0,0.0,0.0,0.0,0.0
3,7,0,1,0,0,3,10,+a -a +B -b +a -a +B -b +a -a ,1.9967916319816368,2.231729149324152,23,59,80,a69d8d31196ad888a5bf41504c03de86,ef501e87758de11bd53cdf5f7d75d57b,0.0,0.0,2.0,3.0,3.0,3.0,0.0,1.0,2.0,2.0,0.0,0.0,3.0,0.0,0.0,0.0,0.0,0.0,0.0
3,7,0,1,0,0,3,7,a- a+ B+ a- B+ a- B+ a- B+ a- ,1.1766796675107107,1.9983958159908184,21,53,80,8602be5804b85d2adab89d86f79bee51,a4b79b502211db650eccc15c7c46ad90,2.0,3.0,1.0,2.0,2.0,2.0,0.0,0.0,0.0,0.0,0.0,0.0,0.0,0.0,2.0,0.0,0.0,0.0,0.0
3,8,0,1,0,0,3,9,-A -a +A -a +A -a +A -a +A -a ,1.1766796675107107,1.9983958159908184,17,52,76,67d4c61d1d0b4878f2fe5d9b66186db9,ecf3823d5a4d59543a2935b66fbdec06,1.0,0.0,2.0,3.0,3.0,3.0,0.0,0.0,0.0,0.0,0.0,0.0,0.0,0.0,0.0,0.0,0.0,2.0,0.0
2,4,0,0,1,1,2,4,B A b a a B b a a B b a a B b ,1.6750754835015291,1.6750754835015291,19,55,76,121d08e8d3508f48216f1b69b3d23605,228b2f6b1d7606944b9d85412a6d8887,2.0,0.0,0.0,0.0,0.0,0.0,0.0,0.0,0.0,0.0,0.0,0.0,0.0,3.0,0.0,0.0,0.0,0.0,0.0
3,8,0,1,0,0,3,12,a+ a- A- b- a+ a- A- b- a+ a- ,1.9967916319816368,2.1500495202947354,23,59,80,f432d6b52c5184fc71c9b55f7e823cd0,13f2efed502683c45be6ed5e712775c8,1.0,2.0,2.0,3.0,3.0,3.0,0.0,0.0,0.0,0.0,0.0,0.0,2.0,0.0,0.0,0.0,0.0,0.0,0.0
3,8,0,1,0,0,3,10,-a +a +b +B -a +a +b +B -a +a ,1.9967916319816368,2.1500495202947354,21,62,76,67d4c61d1d0b4878f2fe5d9b66186db9,908ccf0f892726fb19d2fdbb5589e828,1.0,0.0,2.0,3.0,3.0,3.0,0.0,0.0,0.0,0.0,2.0,0.0,3.0,0.0,0.0,0.0,0.0,0.0,0.0
3,7,0,1,0,0,3,8,a- a+ b+ a+ b+ a+ b+ a+ b+ a+ ,1.1766796675107107,1.6038169661500845,18,52,76,8602be5804b85d2adab89d86f79bee51,45b47a184b1c5216987e089a2debd658,2.0,0.0,1.0,2.0,2.0,2.0,0.0,0.0,0.0,0.0,0.0,0.0,0.0,0.0,3.0,0.0,0.0,0.0,0.0
3,8,0,1,0,0,3,10,-B +a +B +a +B +a +B +a +B +a ,1.1766796675107107,1.6054211501592661,17,53,76,67d4c61d1d0b4878f2fe5d9b66186db9,ecf3823d5a4d59543a2935b66fbdec06,1.0,0.0,2.0,3.0,3.0,3.0,0.0,0.0,0.0,0.0,0.0,0.0,3.0,2.0,0.0,0.0,0.0,0.0,0.0
3,8,0,1,0,0,3,10,b- A- b- A- b- A- b- A- b- A- ,1.0,1.5,17,52,72,70e1d4e118d076514296ccf0f2db8f71,ef0aa4d7d32eef317e002853a776a147,1.0,0.0,2.0,3.0,3.0,3.0,0.0,0.0,0.0,0.0,2.0,0.0,3.0,0.0,0.0,0.0,0.0,0.0,0.0
3,6,0,1,0,0,2,4,b+ A+ b+ A+ b+ A+ b+ A+ b+ A+ ,1.0,1.5,17,52,72,87a0c2fdba991775b24f7feb4993639a,49f78b86b45876c2cb79f9e5051b723f,3.0,0.0,0.0,0.0,0.0,0.0,0.0,0.0,0.0,0.0,3.0,4.0,0.0,2.0,0.0,0.0,0.0,0.0,0.0
3,8,0,1,0,0,3,10,A+ b+ A+ b+ A+ b+ A+ b+ A+ b+ ,1.0,1.5,17,52,72,70e1d4e118d076514296ccf0f2db8f71,ef0aa4d7d32eef317e002853a776a147,1.0,0.0,2.0,3.0,3.0,3.0,0.0,0.0,0.0,0.0,0.0,0.0,2.0,0.0,0.0,0.0,0.0,0.0,2.0
3,7,0,1,0,0,3,10,-A -b -A -b -A -b -A -b -A -b ,1.0,1.5,17,50,76,a69d8d31196ad888a5bf41504c03de86,cd6687c4e6d0f5aec1a771b61f17342f,0.0,0.0,2.0,3.0,3.0,3.0,0.0,1.0,2.0,2.0,0.0,0.0,0.0,0.0,0.0,0.0,0.0,0.0,0.0
3,8,0,1,0,0,3,11,-a +b -a +b -a +b -a +b -a +b ,1.0,2.0,17,51,76,f432d6b52c5184fc71c9b55f7e823cd0,a290c37ce461b1258f0edd054a8e8940,1.0,0.0,2.0,3.0,3.0,3.0,0.0,0.0,0.0,0.0,2.0,0.0,0.0,0.0,0.0,0.0,0.0,0.0,0.0
3,8,0,1,0,0,3,13,+a +a +B -b +a +a +B -b +a +a ,1.4634582986483033,2.1236176230665023,21,58,76,67d4c61d1d0b4878f2fe5d9b66186db9,908ccf0f892726fb19d2fdbb5589e828,1.0,2.0,2.0,3.0,3.0,3.0,0.0,0.0,0.0,0.0,0.0,0.0,0.0,0.0,0.0,0.0,0.0,0.0,0.0
3,8,0,1,0,0,3,8,B+ a+ a+ A- B+ a+ a+ A- B+ a+ ,1.4983958159908184,2.1410863817377597,19,58,76,67d4c61d1d0b4878f2fe5d9b66186db9,f09452872f697d712d7d224467288261,1.0,0.0,2.0,3.0,3.0,3.0,0.0,0.0,0.0,0.0,2.0,0.0,0.0,0.0,0.0,0.0,0.0,0.0,0.0
3,7,0,1,0,0,3,9,-A +a -a +B -A +a -a +B -A +a ,1.9967916319816368,2.249197907995409,23,61,80,a69d8d31196ad888a5bf41504c03de86,12a57c8bdaad7f967c06a4c5bea5a87f,0.0,0.0,2.0,3.0,3.0,3.0,0.0,1.0,2.0,2.0,0.0,0.0,0.0,0.0,0.0,0.0,0.0,0.0,0.0
3,8,0,1,0,0,3,9,A+ a+ a- b- A+ a+ a- b- A+ a+ ,1.9967916319816368,2.2475937239862276,21,59,76,67d4c61d1d0b4878f2fe5d9b66186db9,4f3172f580a4b9d9873dda9a5ccccdb0,1.0,0.0,2.0,3.0,3.0,3.0,0.0,0.0,0.0,0.0,0.0,2.0,0.0,0.0,0.0,0.0,0.0,0.0,0.0
3,8,0,1,0,0,3,6,-A +a +a +A -A +a +a +A -A +a ,1.4983958159908184,1.9183203709705836,19,60,76,70e1d4e118d076514296ccf0f2db8f71,2126aa829643dcfef46ff3db78f322a8,1.0,0.0,2.0,3.0,3.0,3.0,0.0,0.0,0.0,0.0,2.0,0.0,0.0,0.0,0.0,0.0,0.0,0.0,0.0
3,8,0,1,0,0,3,9,+b +a +a -A +b +a +a -A +b +a ,1.4983958159908184,2.1410863817377597,20,57,76,70e1d4e118d076514296ccf0f2db8f71,2126aa829643dcfef46ff3db78f322a8,1.0,0.0,2.0,3.0,3.0,3.0,0.0,0.0,0.0,0.0,0.0,2.0,0.0,0.0,0.0,0.0,0.0,0.0,0.0
3,8,0,1,0,0,3,12,b+ a- a- b+ b+ a- a- b+ b+ a- ,1.0,2.0,20,56,76,67d4c61d1d0b4878f2fe5d9b66186db9,409ada3bfac14717c01a3243ae9aa9cf,1.0,0.0,2.0,3.0,3.0,3.0,0.0,0.0,0.0,0.0,0.0,0.0,0.0,2.0,0.0,0.0,0.0,0.0,0.0
3,8,0,1,0,0,3,10,B+ a- a+ A- B+ a- a+ A- B+ a- ,1.9967916319816368,2.249197907995409,23,59,80,70e1d4e118d076514296ccf0f2db8f71,ef0aa4d7d32eef317e002853a776a147,1.0,0.0,2.0,3.0,3.0,3.0,0.0,0.0,0.0,0.0,2.0,0.0,3.0,0.0,0.0,0.0,0.0,0.0,0.0
3,8,0,1,0,0,3,9,+B +b +B +b +B +b +B +b +B +b ,1.0,1.5,17,50,76,70e1d4e118d076514296ccf0f2db8f71,2126aa829643dcfef46ff3db78f322a8,1.0,0.0,2.0,3.0,3.0,3.0,0.0,0.0,0.0,0.0,0.0,2.0,3.0,0.0,0.0,0.0,0.0,0.0,0.0
3,8,0,1,0,0,3,10,-a +a -a +a -a +a -a +a -a +a ,1.0,1.5,17,52,72,67d4c61d1d0b4878f2fe5d9b66186db9,ecf3823d5a4d59543a2935b66fbdec06,1.0,0.0,2.0,3.0,3.0,3.0,0.0,0.0,0.0,0.0,0.0,0.0,3.0,0.0,0.0,0.0,2.0,0.0,0.0
3,8,0,1,0,0,3,9,-a -a +b +B -a -a +b +B -a -a ,1.4634582986483033,2.23012496531497,23,57,76,70e1d4e118d076514296ccf0f2db8f71,2126aa829643dcfef46ff3db78f322a8,1.0,0.0,2.0,3.0,3.0,3.0,0.0,0.0,0.0,0.0,0.0,0.0,3.0,2.0,0.0,0.0,0.0,0.0,0.0
3,6,0,1,0,0,3,8,b- B- b- B- b- B- b- B- b- B- ,1.0,1.5,17,52,72,3982e287b49ad5f44525c7867b50c1c0,a48d39f313d6f0462c1dbd1e7b002e9b,1.0,0.0,1.0,2.0,2.0,2.0,0.0,1.0,2.0,2.0,0.0,0.0,2.0,0.0,0.0,0.0,0.0,2.0,0.0
3,8,0,1,0,0,3,7,-A +a -A +a -A +a -A +a -A +a ,1.0,2.0,17,51,76,70e1d4e118d076514296ccf0f2db8f71,2126aa829643dcfef46ff3db78f322a8,1.0,0.0,2.0,3.0,3.0,3.0,0.0,0.0,0.0,0.0,0.0,0.0,0.0,0.0,0.0,2.0,0.0,0.0,0.0
3,8,0,1,0,0,3,9,-a +a +A +A -a +a +A +A -a +a ,1.53012496531497,1.916716186961402,19,60,76,70e1d4e118d076514296ccf0f2db8f71,2126aa829643dcfef46ff3db78f322a8,1.0,0.0,2.0,3.0,3.0,3.0,0.0,0.0,0.0,0.0,2.0,0.0,3.0,0.0,0.0,0.0,0.0,0.0,0.0
3,5,1,1,0,0,3,7,+a +a +b +a +b +a +b +a +b +a ,0.9967916319816366,1.4983958159908184,16,52,72,39751a061542377f4e2a0beb0c8309ac,49ff3d68b03970787bff12732c915d7d,1.0,0.0,1.0,2.0,2.0,2.0,0.0,0.0,0.0,0.0,0.0,0.0,0.0,0.0,2.0,0.0,0.0,0.0,0.0
3,8,0,1,0,0,3,11,a- a- A- B+ a- a- A- B+ a- a- ,1.4634582986483033,2.1236176230665023,23,61,76,67d4c61d1d0b4878f2fe5d9b66186db9,4f3172f580a4b9d9873dda9a5ccccdb0,1.0,2.0,2.0,3.0,3.0,3.0,0.0,0.0,0.0,0.0,0.0,0.0,0.0,0.0,0.0,0.0,0.0,0.0,0.0
2,4,0,0,1,1,2,3,a B b B b B b B b B b B b B b ,1.1766796675107107,1.1766796675107107,15,49,72,496b1d087247d9edf9bbdde67e7e4036,14223e313944f38829027ddb3fc2818f,2.0,0.0,0.0,0.0,0.0,0.0,2.0,0.0,0.0,0.0,3.0,0.0,0.0,0.0,0.0,0.0,0.0,0.0,0.0
3,8,0,1,0,0,3,9,A- a- a- B+ A- a- a- B+ A- a- ,1.4983958159908184,2.1410863817377597,19,58,76,f432d6b52c5184fc71c9b55f7e823cd0,6973943555b3bb838d763876c93538fe,1.0,0.0,2.0,3.0,3.0,3.0,0.0,0.0,0.0,0.0,0.0,2.0,0.0,0.0,0.0,0.0,0.0,0.0,0.0
3,7,0,1,0,0,3,9,a- a+ b- a- b- a- b- a- b- a- ,1.1766796675107107,1.6038169661500845,19,54,76,354d427fb9d411b369ee627beb3fa648,d351aee406ba398479dae6986e1d361b,2.0,0.0,1.0,2.0,2.0,2.0,0.0,0.0,0.0,0.0,0.0,0.0,0.0,0.0,2.0,3.0,0.0,0.0,0.0
2,5,0,1,0,0,3,6,a a A b a a A b a a A b a a A ,1.4634582986483033,1.4634582986483033,18,51,76,f9a5951d926c0a7f9c63e13cfa2fc5a5,36c18a5eadbddf5f5730a1298f7bfea3,1.0,2.0,1.0,2.0,2.0,2.0,0.0,0.0,0.0,0.0,0.0,0.0,0.0,0.0,0.0,0.0,0.0,0.0,0.0
3,7,0,1,0,0,3,8,+A +B +A +B +A +B +A +B +A +B ,1.0,1.5,17,50,76,0d71482cbe8c7fa4acf7b7bef52c580f,2de8f2eb13bdb957421b83ca32962397,0.0,0.0,2.0,3.0,3.0,3.0,0.0,1.0,2.0,2.0,0.0,0.0,0.0,0.0,0.0,0.0,0.0,0.0,0.0
2,4,0,0,1,1,2,4,b A a a b A a a b A a a b A a ,1.53012496531497,1.53012496531497,17,52,76,496b1d087247d9edf9bbdde67e7e4036,5ea80bfada2de4934702c834296b5368,2.0,0.0,0.0,0.0,0.0,0.0,0.0,0.0,0.0,0.0,2.0,0.0,0.0,0.0,0.0,3.0,0.0,0.0,0.0
3,8,0,1,0,0,3,14,a- a- b- B- a- a- b- B- a- a- ,1.4634582986483033,1.7317291493241518,22,58,76,70e1d4e118d076514296ccf0f2db8f71,ef0aa4d7d32eef317e002853a776a147,1.0,0.0,2.0,3.0,3.0,3.0,2.0,0.0,0.0,0.0,0.0,0.0,0.0,0.0,0.0,0.0,0.0,0.0,0.0
3,7,0,1,0,0,3,5,+B -a -A -a -A -a -A -a -A -a ,1.1766796675107107,1.6937609839146215,18,52,76,356fe86934723106ce0243a3ec08b603,79f20c439bc7a330a10260be04508eb8,2.0,0.0,1.0,2.0,2.0,2.0,2.0,0.0,0.0,0.0,0.0,0.0,0.0,0.0,3.0,0.0,0.0,0.0,0.0
3,8,0,1,0,0,3,12,-b -a -a +A -b -a -a +A -b -a ,1.4983958159908184,2.1410863817377597,20,57,76,70e1d4e118d076514296ccf0f2db8f71,2126aa829643dcfef46ff3db78f322a8,1.0,0.0,2.0,3.0,3.0,3.0,0.0,0.0,0.0,0.0,0.0,0.0,2.0,0.0,0.0,0.0,2.0,0.0,0.0
3,8,0,1,0,0,3,12,a+ a- b- A- a+ a- b- A- a+ a- ,1.9967916319816368,2.1500495202947354,23,59,80,67d4c61d1d0b4878f2fe5d9b66186db9,409ada3bfac14717c01a3243ae9aa9cf,1.0,0.0,2.0,3.0,3.0,3.0,0.0,0.0,0.0,0.0,0.0,0.0,0.0,0.0,2.0,0.0,0.0,0.0,0.0
3,4,1,1,0,0,3,7,a+ a- A- A+ a+ a- A- A+ a+ a- ,1.9967916319816368,1.9983958159908184,20,59,80,b4f81c34f2a0b86b46478f06add8548b,54606b17a102810e93980831459c85b4,0.0,0.0,1.0,2.0,2.0,2.0,0.0,1.0,2.0,2.0,0.0,0.0,0.0,0.0,0.0,0.0,0.0,0.0,0.0
3,7,0,1,0,0,3,9,+B +a -a -a -a -a -a -a -a -a ,0.420026001688088,1.2821008176699766,17,48,76,a69d8d31196ad888a5bf41504c03de86,cd6687c4e6d0f5aec1a771b61f17342f,0.0,0.0,2.0,3.0,3.0,3.0,0.0,1.0,2.0,2.0,0.0,0.0,0.0,0.0,0.0,0.0,0.0,0.0,0.0
3,8,0,1,0,0,3,9,a- a+ B- a- B- a- B- a- B- a- ,1.1766796675107107,1.6038169661500845,19,54,76,67d4c61d1d0b4878f2fe5d9b66186db9,58f52404578285e9516d6c501d12d7d7,1.0,0.0,2.0,3.0,3.0,3.0,0.0,0.0,0.0,0.0,0.0,0.0,0.0,0.0,2.0,0.0,0.0,0.0,0.0
3,8,0,1,0,0,3,8,+A -a -a -a -a -a -a -a -a -a ,0.21084230031853213,1.2108423003185322,15,48,72,67d4c61d1d0b4878f2fe5d9b66186db9,908ccf0f892726fb19d2fdbb5589e828,1.0,0.0,2.0,3.0,3.0,3.0,0.0,0.0,0.0,0.0,0.0,0.0,3.0,0.0,0.0,0.0,0.0,0.0,2.0
3,8,0,1,0,0,3,9,-B -a -a +B -B -a -a +B -B -a ,1.4983958159908184,1.8918884737423507,19,56,76,f432d6b52c5184fc71c9b55f7e823cd0,a290c37ce461b1258f0edd054a8e8940,1.0,0.0,2.0,3.0,3.0,3.0,0.0,0.0,0.0,0.0,0.0,0.0,2.0,0.0,0.0,0.0,2.0,0.0,0.0
3,8,0,1,0,0,3,10,+b +a -B +a -B +a -B +a -B +a ,1.1766796675107107,2.0867356497461738,18,53,76,67d4c61d1d0b4878f2fe5d9b66186db9,ecf3823d5a4d59543a2935b66fbdec06,1.0,0.0,2.0,3.0,3.0,3.0,0.0,0.0,0.0,0.0,0.0,0.0,0.0,0.0,2.0,0.0,0.0,0.0,0.0
3,7,0,1,0,0,3,7,+a +a -b +a -b +a -b +a -b +a ,0.9967916319816366,1.9967916319816368,18,52,76,ee1baf1980e1a60b6b79de04d616f586,3fe847d1f0250ffb6c2419e16ad1391b,2.0,0.0,1.0,2.0,2.0,2.0,0.0,0.0,0.0,0.0,0.0,0.0,0.0,0.0,3.0,0.0,0.0,0.0,0.0
3,8,0,1,0,0,3,12,-b +a -B +a -B +a -B +a -B +a ,1.1766796675107107,2.0883398337553554,18,52,76,67d4c61d1d0b4878f2fe5d9b66186db9,908ccf0f892726fb19d2fdbb5589e828,1.0,0.0,2.0,3.0,3.0,3.0,0.0,0.0,0.0,0.0,0.0,0.0,3.0,0.0,0.0,2.0,0.0,0.0,0.0
3,8,0,1,0,0,3,10,b- B+ b- B+ b- B+ b- B+ b- B+ ,1.0,2.0,17,51,76,f432d6b52c5184fc71c9b55f7e823cd0,13f2efed502683c45be6ed5e712775c8,1.0,0.0,2.0,3.0,3.0,3.0,0.0,0.0,0.0,0.0,0.0,0.0,0.0,0.0,0.0,0.0,2.0,0.0,0.0
3,8,0,1,0,0,3,10,a- a- b+ B+ a- a- b+ B+ a- a- ,1.4634582986483033,2.23012496531497,23,59,76,67d4c61d1d0b4878f2fe5d9b66186db9,f09452872f697d712d7d224467288261,1.0,0.0,2.0,3.0,3.0,3.0,2.0,0.0,0.0,0.0,0.0,0.0,3.0,0.0,0.0,0.0,0.0,0.0,0.0
2,2,1,1,0,0,2,1,-b -a -a -a -a -a -a -a -a -a ,0.21084230031853213,1.1054211501592661,15,47,72,505d50aed2f5cc5c34520bad515d5bb7,dd3e69a3e28d435e373bf463bff98d35,1.0,0.0,0.0,0.0,0.0,0.0,0.0,0.0,0.0,0.0,2.0,0.0,0.0,0.0,0.0,0.0,0.0,0.0,0.0
3,8,0,1,0,0,3,12,-B +a -a -B -B +a -a -B -B +a ,1.4983958159908184,1.9183203709705836,21,59,80,67d4c61d1d0b4878f2fe5d9b66186db9,908ccf0f892726fb19d2fdbb5589e828,1.0,0.0,2.0,3.0,3.0,3.0,0.0,0.0,0.0,0.0,0.0,0.0,3.0,0.0,0.0,2.0,0.0,0.0,0.0
3,8,0,1,0,0,3,8,A+ a- a- B+ A+ a- a- B+ A+ a- ,1.4983958159908184,2.249197907995409,20,57,76,f432d6b52c5184fc71c9b55f7e823cd0,13f2efed502683c45be6ed5e712775c8,1.0,0.0,2.0,3.0,3.0,3.0,0.0,0.0,0.0,0.0,0.0,2.0,2.0,0.0,0.0,0.0,0.0,0.0,0.0
3,7,0,1,0,0,3,9,b+ a+ a- B+ b+ a+ a- B+ b+ a+ ,1.9967916319816368,2.1410863817377597,21,59,76,356fe86934723106ce0243a3ec08b603,e420e9b843958c3922d10302faecb955,2.0,0.0,1.0,2.0,2.0,2.0,0.0,0.0,0.0,0.0,0.0,0.0,0.0,2.0,3.0,0.0,0.0,0.0,0.0
3,8,0,1,0,0,3,8,B+ b- B+ b- B+ b- B+ b- B+ b- ,1.0,2.0,17,51,76,67d4c61d1d0b4878f2fe5d9b66186db9,f09452872f697d712d7d224467288261,1.0,0.0,2.0,3.0,3.0,3.0,0.0,0.0,0.0,0.0,0.0,0.0,0.0,0.0,0.0,0.0,2.0,0.0,0.0
3,7,0,1,0,0,3,6,-A -a +a +a +a +a +a +a +a +a ,0.420026001688088,1.2821008176699766,17,48,76,29a869da133108175da4079ed0493bfb,15d71bc25a214637752ef419151b1fd8,0.0,0.0,2.0,3.0,3.0,3.0,0.0,1.0,2.0,2.0,0.0,0.0,0.0,0.0,0.0,0.0,0.0,0.0,0.0
2,5,0,1,0,0,3,6,a A a A a A a A a A a A a A a ,1.0,1.0,15,46,72,f9a5951d926c0a7f9c63e13cfa2fc5a5,36c18a5eadbddf5f5730a1298f7bfea3,1.0,0.0,1.0,2.0,2.0,2.0,2.0,0.0,0.0,0.0,0.0,0.0,2.0,0.0,0.0,0.0,0.0,0.0,0.0
3,5,1,1,0,0,3,6,a+ a- A+ a+ A+ a+ A+ a+ A+ a+ ,1.1766796675107107,1.6038169661500845,19,54,76,39751a061542377f4e2a0beb0c8309ac,174977a4894a10749e1ea65add5ed8b2,1.0,0.0,1.0,2.0,2.0,2.0,0.0,0.0,0.0,0.0,0.0,2.0,0.0,0.0,0.0,0.0,0.0,0.0,0.0
3,7,0,1,0,0,3,8,-a +a -A +a -A +a -A +a -A +a ,1.1766796675107107,1.9983958159908184,18,51,76,a69d8d31196ad888a5bf41504c03de86,12a57c8bdaad7f967c06a4c5bea5a87f,0.0,0.0,2.0,3.0,3.0,3.0,0.0,1.0,2.0,2.0,0.0,0.0,0.0,0.0,0.0,0.0,0.0,0.0,0.0
3,8,0,1,0,0,3,11,-a -a +A +b -a -a +A +b -a -a ,1.4634582986483033,2.23012496531497,23,57,76,70e1d4e118d076514296ccf0f2db8f71,2126aa829643dcfef46ff3db78f322a8,1.0,0.0,2.0,3.0,3.0,3.0,0.0,0.0,0.0,0.0,0.0,0.0,2.0,2.0,0.0,0.0,0.0,0.0,0.0
3,8,0,1,0,0,3,11,a- a+ b+ b+ a- a+ b+ b+ a- a+ ,1.53012496531497,1.916716186961402,19,57,76,67d4c61d1d0b4878f2fe5d9b66186db9,f09452872f697d712d7d224467288261,1.0,0.0,2.0,3.0,3.0,3.0,2.0,0.0,0.0,0.0,0.0,0.0,0.0,0.0,0.0,0.0,0.0,0.0,0.0
3,8,0,1,0,0,3,9,-a -a +A +A -a -a +A +A -a -a ,0.9967916319816366,1.9967916319816368,20,57,76,67d4c61d1d0b4878f2fe5d9b66186db9,908ccf0f892726fb19d2fdbb5589e828,1.0,0.0,2.0,3.0,3.0,3.0,0.0,0.0,0.0,0.0,0.0,0.0,3.0,2.0,0.0,0.0,0.0,0.0,0.0
3,8,0,1,0,0,3,14,-b +a -a -B -b +a -a -B -b +a ,1.9967916319816368,2.167518278965993,21,57,80,f432d6b52c5184fc71c9b55f7e823cd0,a290c37ce461b1258f0edd054a8e8940,1.0,0.0,2.0,3.0,3.0,3.0,0.0,0.0,0.0,0.0,0.0,0.0,0.0,0.0,0.0,2.0,0.0,0.0,0.0
3,8,0,1,0,0,3,10,+A -a -a -A +A -a -a -A +A -a ,1.4983958159908184,1.9183203709705836,19,60,76,70e1d4e118d076514296ccf0f2db8f71,2126aa829643dcfef46ff3db78f322a8,1.0,0.0,2.0,3.0,3.0,3.0,0.0,0.0,0.0,0.0,0.0,0.0,0.0,0.0,0.0,0.0,0.0,0.0,2.0
2,4,0,0,1,1,2,4,b B a a a a a a a a a a a a a ,0.420026001688088,0.420026001688088,15,46,72,121d08e8d3508f48216f1b69b3d23605,a44004f0135284f4198201df580aa598,2.0,2.0,0.0,0.0,0.0,0.0,0.0,0.0,0.0,0.0,0.0,0.0,0.0,0.0,0.0,3.0,0.0,0.0,0.0
2,4,0,0,1,1,2,4,A B b a B B b a B B b a B B b ,1.6433463341773775,1.6433463341773775,18,54,76,496b1d087247d9edf9bbdde67e7e4036,566abbfa0bfd7ed82a80d2cf5c6ac2e0,2.0,0.0,0.0,0.0,0.0,0.0,3.0,0.0,0.0,0.0,0.0,0.0,0.0,2.0,0.0,0.0,0.0,0.0,0.0
3,5,1,1,0,0,3,6,-B -a -a -b -B -a -a -b -B -a ,1.4983958159908184,1.7491979079954092,19,56,76,39751a061542377f4e2a0beb0c8309ac,49ff3d68b03970787bff12732c915d7d,1.0,0.0,1.0,2.0,2.0,2.0,0.0,0.0,0.0,0.0,0.0,0.0,2.0,2.0,0.0,0.0,0.0,0.0,0.0
2,5,0,1,0,0,3,3,B A B A B A B A B A B A B A B ,1.0,1.0,15,46,72,f9a5951d926c0a7f9c63e13cfa2fc5a5,36c18a5eadbddf5f5730a1298f7bfea3,1.0,0.0,1.0,2.0,2.0,2.0,0.0,0.0,0.0,0.0,0.0,0.0,0.0,2.0,0.0,0.0,0.0,0.0,0.0
3,8,0,1,0,0,3,9,A+ a- a+ B+ A+ a- a+ B+ A+ a- ,1.9967916319816368,2.167518278965993,23,59,80,67d4c61d1d0b4878f2fe5d9b66186db9,4f3172f580a4b9d9873dda9a5ccccdb0,1.0,0.0,2.0,3.0,3.0,3.0,0.0,0.0,0.0,0.0,0.0,2.0,3.0,0.0,0.0,0.0,0.0,0.0,0.0
3,6,1,1,0,0,3,12,A- a- a- A- A- a- a- A- A- a- ,1.0,1.5,18,56,76,662932ff81e505eb185ad1d8c53dcffc,a29e28ae67e69a881a82f338272535b6,0.0,0.0,2.0,3.0,3.0,3.0,0.0,0.0,0.0,0.0,0.0,0.0,0.0,0.0,0.0,0.0,0.0,0.0,0.0
3,6,1,1,0,0,3,12,A+ a- a- A- A+ a- a- A- A+ a- ,1.4983958159908184,1.9183203709705836,19,60,76,662932ff81e505eb185ad1d8c53dcffc,a29e28ae67e69a881a82f338272535b6,0.0,0.0,2.0,3.0,3.0,3.0,0.0,0.0,0.0,0.0,0.0,0.0,0.0,0.0,0.0,0.0,0.0,0.0,0.0
3,8,0,1,0,0,3,11,B+ a- a+ b- B+ a- a+ b- B+ a- ,1.9967916319816368,2.249197907995409,23,59,80,67d4c61d1d0b4878f2fe5d9b66186db9,58f52404578285e9516d6c501d12d7d7,1.0,0.0,2.0,3.0,3.0,3.0,0.0,0.0,0.0,0.0,0.0,0.0,2.0,2.0,0.0,0.0,0.0,0.0,0.0
3,8,0,1,0,0,3,10,A- a+ a+ b- A- a+ a+ b- A- a+ ,1.4983958159908184,2.249197907995409,20,57,76,f432d6b52c5184fc71c9b55f7e823cd0,13f2efed502683c45be6ed5e712775c8,1.0,0.0,2.0,3.0,3.0,3.0,0.0,0.0,0.0,0.0,0.0,2.0,2.0,0.0,0.0,0.0,0.0,0.0,0.0
3,8,0,1,0,0,3,9,B- a+ a+ A- B- a+ a+ A- B- a+ ,1.4983958159908184,2.249197907995409,20,57,76,67d4c61d1d0b4878f2fe5d9b66186db9,4f3172f580a4b9d9873dda9a5ccccdb0,1.0,0.0,2.0,3.0,3.0,3.0,0.0,0.0,0.0,0.0,2.0,0.0,0.0,0.0,0.0,0.0,0.0,0.0,0.0
3,7,0,1,0,0,3,9,B- a- A- a- A- a- A- a- A- a- ,1.1766796675107107,1.5883398337553554,17,50,76,8602be5804b85d2adab89d86f79bee51,6eb48c58965262c19d39cbec03fb0c3e,2.0,0.0,1.0,2.0,2.0,2.0,0.0,0.0,0.0,0.0,2.0,0.0,0.0,0.0,0.0,0.0,3.0,0.0,0.0
3,8,0,1,0,0,3,6,+a -a +A +B +a -a +A +B +a -a ,1.9967916319816368,2.1500495202947354,23,58,80,67d4c61d1d0b4878f2fe5d9b66186db9,908ccf0f892726fb19d2fdbb5589e828,1.0,0.0,2.0,3.0,3.0,3.0,0.0,0.0,0.0,0.0,0.0,2.0,3.0,0.0,0.0,0.0,0.0,0.0,0.0
3,7,0,1,0,0,3,10,+a -a -B -B +a -a -B -B +a -a ,1.53012496531497,1.916716186961402,19,60,76,ee1baf1980e1a60b6b79de04d616f586,8b4a56953f99d59613cebc59a9e35b6a,2.0,0.0,1.0,2.0,2.0,2.0,3.0,0.0,0.0,0.0,0.0,0.0,0.0,0.0,0.0,0.0,0.0,0.0,2.0
3,8,0,1,0,0,3,10,b- a- a- A- b- a- a- A- b- a- ,1.4983958159908184,1.7491979079954092,19,56,76,f432d6b52c5184fc71c9b55f7e823cd0,13f2efed502683c45be6ed5e712775c8,1.0,0.0,2.0,3.0,3.0,3.0,0.0,0.0,0.0,0.0,2.0,0.0,3.0,0.0,0.0,0.0,0.0,0.0,0.0
3,8,0,1,0,0,3,12,+a -a -b -a -b -a -b -a -b -a ,1.1766796675107107,1.6038169661500845,16,55,76,67d4c61d1d0b4878f2fe5d9b66186db9,908ccf0f892726fb19d2fdbb5589e828,1.0,0.0,2.0,3.0,3.0,3.0,0.0,0.0,0.0,0.0,0.0,0.0,0.0,0.0,0.0,0.0,0.0,0.0,2.0
3,8,0,1,0,0,3,7,a- a+ B- A+ a- a+ B- A+ a- a+ ,1.9967916319816368,2.231729149324152,23,61,80,f432d6b52c5184fc71c9b55f7e823cd0,6973943555b3bb838d763876c93538fe,1.0,0.0,2.0,3.0,3.0,3.0,0.0,0.0,0.0,0.0,0.0,0.0,2.0,0.0,2.0,0.0,0.0,0.0,0.0
3,7,0,1,0,0,3,9,-a +a +B -B -a +a +B -B -a +a ,1.9967916319816368,1.9983958159908184,20,59,76,0d71482cbe8c7fa4acf7b7bef52c580f,2de8f2eb13bdb957421b83ca32962397,0.0,0.0,2.0,3.0,3.0,3.0,0.0,1.0,2.0,2.0,0.0,0.0,3.0,0.0,0.0,0.0,0.0,0.0,0.0
3,8,0,1,0,0,3,10,+a +a +A -a +A -a +A -a +A -a ,1.2866926683547546,1.9967916319816368,18,53,76,70e1d4e118d076514296ccf0f2db8f71,2126aa829643dcfef46ff3db78f322a8,1.0,2.0,2.0,3.0,3.0,3.0,0.0,0.0,0.0,0.0,0.0,0.0,0.0,0.0,0.0,0.0,0.0,0.0,0.0
2,4,0,0,1,1,2,5,b B A B A B A B A B A B A B A ,1.1766796675107107,1.1766796675107107,15,49,72,496b1d087247d9edf9bbdde67e7e4036,c72e74a8675530d1a7514e19ae1f6741,2.0,0.0,0.0,0.0,0.0,0.0,0.0,0.0,0.0,0.0,0.0,0.0,0.0,3.0,0.0,0.0,0.0,2.0,0.0
3,8,0,1,0,0,3,8,+a +a +A -A +a +a +A -A +a +a ,1.4634582986483033,1.890284289733169,21,57,76,f432d6b52c5184fc71c9b55f7e823cd0,a290c37ce461b1258f0edd054a8e8940,1.0,2.0,2.0,3.0,3.0,3.0,0.0,0.0,0.0,0.0,0.0,0.0,3.0,0.0,0.0,0.0,0.0,0.0,0.0
3,7,0,1,0,0,3,9,-a +a -b +B -a +a -b +B -a +a ,1.9967916319816368,2.231729149324152,23,59,80,29a869da133108175da4079ed0493bfb,b41a25f70a7cc5225b24f2ded9d132c1,0.0,0.0,2.0,3.0,3.0,3.0,0.0,1.0,2.0,2.0,0.0,0.0,3.0,0.0,0.0,0.0,0.0,0.0,0.0
2,4,0,0,1,1,2,3,B A a a B A a a B A a a B A a ,1.53012496531497,1.53012496531497,17,52,76,38a9a6ebc90a332c0dfe97945349a3da,57f8a68d4361fb8f3b29ad1bad590e75,2.0,0.0,0.0,0.0,0.0,0.0,3.0,0.0,0.0,0.0,2.0,0.0,0.0,0.0,0.0,0.0,0.0,0.0,0.0
3,8,0,1,0,0,3,6,A- a- A+ a- A+ a- A+ a- A+ a- ,1.1766796675107107,1.9983958159908184,18,51,76,f432d6b52c5184fc71c9b55f7e823cd0,6973943555b3bb838d763876c93538fe,1.0,0.0,2.0,3.0,3.0,3.0,0.0,0.0,0.0,0.0,0.0,2.0,2.0,0.0,0.0,0.0,0.0,0.0,0.0
3,6,1,1,0,0,3,10,A- a- a+ A- A- a- a+ A- A- a- ,1.4983958159908184,1.8918884737423507,21,58,76,662932ff81e505eb185ad1d8c53dcffc,a29e28ae67e69a881a82f338272535b6,0.0,0.0,2.0,3.0,3.0,3.0,0.0,0.0,0.0,0.0,0.0,0.0,0.0,0.0,0.0,0.0,0.0,0.0,0.0
3,8,0,1,0,0,3,7,-A +a +a +B -A +a +a +B -A +a ,1.4983958159908184,2.167518278965993,19,59,76,67d4c61d1d0b4878f2fe5d9b66186db9,ecf3823d5a4d59543a2935b66fbdec06,1.0,0.0,2.0,3.0,3.0,3.0,0.0,0.0,0.0,0.0,2.0,0.0,0.0,0.0,0.0,0.0,0.0,0.0,0.0
3,8,0,1,0,0,3,13,b+ a+ a+ b- b+ a+ a+ b- b+ a+ ,1.4983958159908184,1.8918884737423507,19,58,76,67d4c61d1d0b4878f2fe5d9b66186db9,58f52404578285e9516d6c501d12d7d7,1.0,0.0,2.0,3.0,3.0,3.0,0.0,0.0,0.0,0.0,0.0,0.0,2.0,2.0,0.0,0.0,0.0,0.0,0.0
3,8,0,1,0,0,3,13,a- a- B- B+ a- a- B- B+ a- a- ,1.4634582986483033,1.890284289733169,21,58,76,67d4c61d1d0b4878f2fe5d9b66186db9,409ada3bfac14717c01a3243ae9aa9cf,1.0,0.0,2.0,3.0,3.0,3.0,2.0,0.0,0.0,0.0,0.0,0.0,0.0,0.0,0.0,0.0,0.0,0.0,0.0
3,8,0,1,0,0,3,8,+a -a +B +B +a -a +B +B +a -a ,1.53012496531497,1.916716186961402,19,56,76,70e1d4e118d076514296ccf0f2db8f71,2126aa829643dcfef46ff3db78f322a8,1.0,0.0,2.0,3.0,3.0,3.0,0.0,0.0,0.0,0.0,0.0,2.0,2.0,0.0,0.0,0.0,0.0,0.0,0.0
2,4,0,0,1,1,2,3,A A b B b B b B b B b B b B b ,1.2866926683547546,1.2866926683547546,17,51,72,496b1d087247d9edf9bbdde67e7e4036,ade9418bd44b8471675bd2c5b9dbab89,2.0,0.0,0.0,0.0,0.0,0.0,2.0,0.0,0.0,0.0,3.0,0.0,0.0,0.0,0.0,0.0,0.0,0.0,0.0
3,8,0,1,0,0,3,15,-b -b -b -b -b -b -b -b -b -b ,0.0,1.0,14,46,72,67d4c61d1d0b4878f2fe5d9b66186db9,ecf3823d5a4d59543a2935b66fbdec06,1.0,0.0,2.0,3.0,3.0,3.0,0.0,0.0,0.0,0.0,0.0,0.0,0.0,0.0,0.0,0.0,2.0,0.0,0.0
3,7,0,1,0,0,3,6,B- a- a- A- B- a- a- A- B- a- ,1.4983958159908184,1.7491979079954092,19,56,76,8602be5804b85d2adab89d86f79bee51,492073c1f4627e059a680f8c0d7e5504,2.0,0.0,1.0,2.0,2.0,2.0,0.0,0.0,0.0,0.0,2.0,0.0,0.0,0.0,0.0,0.0,0.0,0.0,3.0
3,7,0,1,0,0,3,7,+A +a -A +a -A +a -A +a -A +a ,1.1766796675107107,1.9983958159908184,17,52,76,8602be5804b85d2adab89d86f79bee51,0ce9793da574c982908632606a7ee321,2.0,0.0,1.0,2.0,2.0,2.0,3.0,0.0,0.0,0.0,0.0,0.0,2.0,0.0,2.0,0.0,0.0,0.0,0.0
3,6,1,1,0,0,3,9,A+ a- a- a+ a- a+ a- a+ a- a+ ,1.1766796675107107,1.6054211501592661,17,55,76,662932ff81e505eb185ad1d8c53dcffc,a2733b7ff5e30b109a840b92200c7f61,0.0,0.0,2.0,3.0,3.0,3.0,0.0,0.0,0.0,0.0,0.0,0.0,0.0,0.0,0.0,0.0,0.0,0.0,0.0
2,4,0,0,1,1,2,3,A a b A a a b A a a b A a a b ,1.4983958159908184,1.4983958159908184,18,54,76,496b1d087247d9edf9bbdde67e7e4036,1a854fd15937b153567b43c35d929859,2.0,0.0,0.0,0.0,0.0,0.0,0.0,0.0,0.0,0.0,0.0,0.0,0.0,3.0,2.0,0.0,0.0,0.0,0.0
3,8,0,1,0,0,3,9,+B +a -a +A +B +a -a +A +B +a ,1.9967916319816368,2.1410863817377597,23,58,80,f432d6b52c5184fc71c9b55f7e823cd0,a290c37ce461b1258f0edd054a8e8940,1.0,0.0,2.0,3.0,3.0,3.0,0.0,0.0,0.0,0.0,0.0,0.0,0.0,0.0,2.0,0.0,0.0,0.0,0.0
3,8,0,1,0,0,3,11,-B -a +a -a +a -a +a -a +a -a ,1.1766796675107107,1.6038169661500845,18,52,76,67d4c61d1d0b4878f2fe5d9b66186db9,ecf3823d5a4d59543a2935b66fbdec06,1.0,0.0,2.0,3.0,3.0,3.0,0.0,0.0,0.0,0.0,0.0,0.0,0.0,0.0,0.0,0.0,0.0,2.0,0.0
3,8,0,1,0,0,3,12,-B +a +b +a +b +a +b +a +b +a ,1.1766796675107107,1.6937609839146215,18,52,76,70e1d4e118d076514296ccf0f2db8f71,2126aa829643dcfef46ff3db78f322a8,1.0,0.0,2.0,3.0,3.0,3.0,0.0,0.0,0.0,0.0,0.0,0.0,0.0,2.0,0.0,0.0,0.0,0.0,0.0
2,4,0,1,0,0,3,7,b a b a b a b a b a b a b a b ,1.0,1.0,15,46,72,a0f04cb1fe05325427f0abde84b62772,5cc922690ddde087b86e8ec3a0441651,0.0,0.0,1.0,2.0,2.0,2.0,0.0,1.0,2.0,2.0,0.0,0.0,0.0,0.0,0.0,0.0,0.0,0.0,0.0
3,8,0,1,0,0,3,13,-a -a +b -a +b -a +b -a +b -a ,0.9967916319816366,1.9967916319816368,18,52,76,67d4c61d1d0b4878f2fe5d9b66186db9,ecf3823d5a4d59543a2935b66fbdec06,1.0,0.0,2.0,3.0,3.0,3.0,0.0,0.0,0.0,0.0,0.0,0.0,0.0,0.0,0.0,0.0,0.0,2.0,0.0
3,8,0,1,0,0,3,9,-b +a +a +b -b +a +a +b -b +a ,1.4983958159908184,1.9183203709705836,19,60,76,67d4c61d1d0b4878f2fe5d9b66186db9,908ccf0f892726fb19d2fdbb5589e828,1.0,0.0,2.0,3.0,3.0,3.0,0.0,0.0,0.0,0.0,2.0,0.0,0.0,0.0,0.0,0.0,0.0,0.0,0.0
3,8,0,1,0,0,3,8,+A +b +A +b +A +b +A +b +A +b ,1.0,1.5,17,50,76,70e1d4e118d076514296ccf0f2db8f71,2126aa829643dcfef46ff3db78f322a8,1.0,0.0,2.0,3.0,3.0,3.0,0.0,0.0,0.0,0.0,0.0,0.0,3.0,0.0,2.0,0.0,0.0,0.0,0.0
3,8,0,1,0,0,3,8,A+ a+ a+ b+ A+ a+ a+ b+ A+ a+ ,1.4983958159908184,1.7491979079954092,19,56,76,67d4c61d1d0b4878f2fe5d9b66186db9,4f3172f580a4b9d9873dda9a5ccccdb0,1.0,0.0,2.0,3.0,3.0,3.0,0.0,0.0,0.0,0.0,0.0,2.0,0.0,0.0,0.0,0.0,0.0,0.0,0.0
3,8,0,1,0,0,3,11,B- a+ a+ a- a+ a- a+ a- a+ a- ,1.1766796675107107,1.6054211501592661,17,55,76,70e1d4e118d076514296ccf0f2db8f71,ef0aa4d7d32eef317e002853a776a147,1.0,0.0,2.0,3.0,3.0,3.0,0.0,0.0,0.0,0.0,2.0,0.0,0.0,0.0,0.0,0.0,0.0,0.0,0.0
3,8,0,1,0,0,3,12,b- a+ a- a+ a- a+ a- a+ a- a+ ,1.1766796675107107,1.6054211501592661,17,53,76,67d4c61d1d0b4878f2fe5d9b66186db9,f09452872f697d712d7d224467288261,1.0,0.0,2.0,3.0,3.0,3.0,0.0,0.0,0.0,0.0,2.0,0.0,2.0,0.0,0.0,0.0,0.0,0.0,0.0
3,7,0,1,0,0,3,9,-A +a -B +a -B +a -B +a -B +a ,1.1766796675107107,2.0883398337553554,18,52,76,a69d8d31196ad888a5bf41504c03de86,ef501e87758de11bd53cdf5f7d75d57b,0.0,0.0,2.0,3.0,3.0,3.0,0.0,1.0,2.0,2.0,0.0,0.0,0.0,0.0,0.0,0.0,0.0,0.0,0.0
3,7,0,1,0,0,3,6,a+ a- b- a- b- a- b- a- b- a- ,1.1766796675107107,1.6038169661500845,18,52,76,8602be5804b85d2adab89d86f79bee51,56b5501e12e81a78f19aba015b23c587,2.0,0.0,1.0,2.0,2.0,2.0,0.0,0.0,0.0,0.0,0.0,0.0,0.0,0.0,2.0,3.0,0.0,0.0,0.0
2,4,0,0,1,1,2,5,A A b b A A b b A A b b A A b ,0.9967916319816366,0.9967916319816366,17,51,72,121d08e8d3508f48216f1b69b3d23605,c6759bd27af42393f12bd5da489f3f43,2.0,0.0,0.0,0.0,0.0,0.0,2.0,0.0,0.0,0.0,0.0,0.0,0.0,0.0,0.0,0.0,3.0,0.0,0.0
3,8,0,1,0,0,3,8,+A +a +a -B +A +a +a -B +A +a ,1.4983958159908184,2.1410863817377597,20,57,76,70e1d4e118d076514296ccf0f2db8f71,2126aa829643dcfef46ff3db78f322a8,1.0,0.0,2.0,3.0,3.0,3.0,0.0,0.0,0.0,0.0,0.0,2.0,3.0,0.0,0.0,0.0,0.0,0.0,0.0
3,7,0,1,0,0,3,11,-B +a -B +a -B +a -B +a -B +a ,1.0,2.0,17,51,76,a69d8d31196ad888a5bf41504c03de86,ef501e87758de11bd53cdf5f7d75d57b,0.0,0.0,2.0,3.0,3.0,3.0,0.0,1.0,2.0,2.0,0.0,0.0,2.0,0.0,0.0,0.0,0.0,0.0,0.0
3,7,0,1,0,0,3,9,-a +a +A -B -a +a +A -B -a +a ,1.9967916319816368,2.231729149324152,21,59,76,29a869da133108175da4079ed0493bfb,15d71bc25a214637752ef419151b1fd8,0.0,0.0,2.0,3.0,3.0,3.0,0.0,1.0,2.0,2.0,0.0,0.0,3.0,0.0,0.0,0.0,0.0,0.0,0.0
3,8,0,1,0,0,3,10,-B +a +a +b -B +a +a +b -B +a ,1.4983958159908184,2.167518278965993,19,59,76,70e1d4e118d076514296ccf0f2db8f71,2126aa829643dcfef46ff3db78f322a8,1.0,0.0,2.0,3.0,3.0,3.0,0.0,0.0,0.0,0.0,2.0,0.0,2.0,0.0,0.0,0.0,0.0,0.0,0.0
2,4,0,0,1,1,2,5,B B a a B B a a B B a a B B a ,0.9967916319816366,0.9967916319816366,17,51,72,121d08e8d3508f48216f1b69b3d23605,edf057abe838e1a13c0db795ec9c0c41,2.0,0.0,0.0,0.0,0.0,0.0,0.0,0.0,0.0,0.0,0.0,0.0,0.0,2.0,0.0,3.0,0.0,0.0,0.0
3,7,0,1,0,0,3,9,A- a+ b- a+ b- a+ b- a+ b- a+ ,1.1766796675107107,2.0883398337553554,17,54,76,5924bfe2c6b111489f74e1ac29154378,8682e5781f82da383d4a5ccef5189320,2.0,0.0,1.0,2.0,2.0,2.0,0.0,0.0,0.0,0.0,0.0,0.0,0.0,0.0,2.0,0.0,0.0,0.0,3.0
3,7,0,1,0,0,3,9,b- a- a+ a+ a+ a+ a+ a+ a+ a+ ,0.420026001688088,1.2821008176699766,16,49,72,8602be5804b85d2adab89d86f79bee51,02527d1d3eea3de57d2f2ee30595cdd1,2.0,0.0,1.0,2.0,2.0,2.0,0.0,0.0,0.0,0.0,2.0,0.0,0.0,0.0,0.0,3.0,0.0,0.0,0.0
3,8,0,1,0,0,3,9,A+ a- a+ B- A+ a- a+ B- A+ a- ,1.9967916319816368,2.249197907995409,23,59,80,f432d6b52c5184fc71c9b55f7e823cd0,6973943555b3bb838d763876c93538fe,1.0,0.0,2.0,3.0,3.0,3.0,0.0,0.0,0.0,0.0,0.0,2.0,3.0,0.0,0.0,0.0,0.0,0.0,0.0
3,8,0,1,0,0,3,8,a- a- B+ A+ a- a- B+ A+ a- a- ,1.4634582986483033,2.23012496531497,23,59,76,67d4c61d1d0b4878f2fe5d9b66186db9,f09452872f697d712d7d224467288261,1.0,0.0,2.0,3.0,3.0,3.0,0.0,0.0,0.0,0.0,0.0,0.0,3.0,0.0,2.0,0.0,0.0,0.0,0.0
3,5,1,1,0,0,3,7,A+ a- a- A+ A+ a- a- A+ A+ a- ,1.0,2.0,20,56,76,39751a061542377f4e2a0beb0c8309ac,d760db760925304b569744a6cafdf2b7,1.0,0.0,1.0,2.0,2.0,2.0,2.0,0.0,0.0,0.0,0.0,0.0,0.0,0.0,0.0,0.0,0.0,0.0,0.0
3,7,0,1,0,0,3,9,b+ a+ b+ a+ b+ a+ b+ a+ b+ a+ ,1.0,1.5,17,52,72,a69d8d31196ad888a5bf41504c03de86,2db85d3d1e976a04c71c749bb7d00174,0.0,0.0,2.0,3.0,3.0,3.0,0.0,1.0,2.0,2.0,0.0,0.0,0.0,0.0,0.0,0.0,0.0,0.0,0.0
3,8,0,1,0,0,3,12,+B +a -b +a -b +a -b +a -b +a ,1.1766796675107107,2.0867356497461738,18,53,76,f432d6b52c5184fc71c9b55f7e823cd0,a290c37ce461b1258f0edd054a8e8940,1.0,0.0,2.0,3.0,3.0,3.0,0.0,0.0,0.0,0.0,0.0,0.0,0.0,0.0,2.0,0.0,0.0,0.0,0.0
2,4,0,0,1,1,2,4,b B A a a A A a a A A a a A A ,1.353359335021421,1.353359335021421,19,53,76,496b1d087247d9edf9bbdde67e7e4036,566abbfa0bfd7ed82a80d2cf5c6ac2e0,2.0,0.0,0.0,0.0,0.0,0.0,2.0,0.0,0.0,0.0,0.0,0.0,0.0,3.0,0.0,0.0,0.0,0.0,0.0
3,8,0,1,0,0,3,8,-a +a +B +B -a +a +B +B -a +a ,1.53012496531497,1.916716186961402,19,60,76,67d4c61d1d0b4878f2fe5d9b66186db9,908ccf0f892726fb19d2fdbb5589e828,1.0,0.0,2.0,3.0,3.0,3.0,0.0,0.0,0.0,0.0,2.0,0.0,2.0,0.0,0.0,0.0,0.0,0.0,0.0
3,6,0,1,0,0,3,3,a- a+ B+ a+ B+ a+ B+ a+ B+ a+ ,1.1766796675107107,1.6038169661500845,18,52,76,3982e287b49ad5f44525c7867b50c1c0,4bd86c2be7f8b1a06ccf207fedd3b7a7,1.0,0.0,1.0,2.0,2.0,2.0,0.0,1.0,2.0,2.0,0.0,0.0,0.0,0.0,2.0,0.0,0.0,0.0,0.0
3,7,0,1,0,0,3,11,-a -a +b +b -a -a +b +b -a -a ,0.9967916319816366,1.9967916319816368,20,57,76,ee1baf1980e1a60b6b79de04d616f586,3fe847d1f0250ffb6c2419e16ad1391b,2.0,0.0,1.0,2.0,2.0,2.0,3.0,0.0,0.0,0.0,0.0,0.0,0.0,2.0,0.0,0.0,0.0,0.0,0.0
3,7,0,1,0,0,3,10,+b -a -a -b +b -a -a -b +b -a ,1.4983958159908184,1.9183203709705836,19,60,76,ee1baf1980e1a60b6b79de04d616f586,3fe847d1f0250ffb6c2419e16ad1391b,2.0,0.0,1.0,2.0,2.0,2.0,0.0,0.0,0.0,0.0,0.0,0.0,0.0,3.0,0.0,0.0,0.0,0.0,2.0
3,8,0,1,0,0,3,10,a+ a+ B+ B- a+ a+ B+ B- a+ a+ ,1.4634582986483033,1.890284289733169,21,58,76,67d4c61d1d0b4878f2fe5d9b66186db9,58f52404578285e9516d6c501d12d7d7,1.0,0.0,2.0,3.0,3.0,3.0,2.0,0.0,0.0,0.0,0.0,0.0,0.0,0.0,0.0,0.0,0.0,0.0,0.0
3,8,0,1,0,0,3,13,a- a+ b- b+ a- a+ b- b+ a- a+ ,1.9967916319816368,1.9983958159908184,23,59,80,f432d6b52c5184fc71c9b55f7e823cd0,13f2efed502683c45be6ed5e712775c8,1.0,0.0,2.0,3.0,3.0,3.0,2.0,0.0,0.0,0.0,0.0,0.0,0.0,0.0,0.0,0.0,0.0,0.0,0.0
3,7,0,1,0,0,3,10,-B +a -a +a -a +a -a +a -a +a ,1.1766796675107107,1.6054211501592661,18,53,76,0d71482cbe8c7fa4acf7b7bef52c580f,efd2af8616991c24ba53970fd8e64fce,0.0,0.0,2.0,3.0,3.0,3.0,0.0,1.0,2.0,2.0,0.0,0.0,2.0,0.0,0.0,0.0,0.0,0.0,0.0
3,8,0,1,0,0,3,12,+a +a -b -B +a +a -b -B +a +a ,1.4634582986483033,2.23012496531497,23,57,76,67d4c61d1d0b4878f2fe5d9b66186db9,908ccf0f892726fb19d2fdbb5589e828,1.0,0.0,2.0,3.0,3.0,3.0,2.0,0.0,0.0,0.0,0.0,0.0,0.0,0.0,0.0,0.0,0.0,0.0,0.0
3,4,1,1,0,0,3,7,a- a+ A+ A- a- a+ A+ A- a- a+ ,1.9967916319816368,1.9983958159908184,20,59,80,b4f81c34f2a0b86b46478f06add8548b,54606b17a102810e93980831459c85b4,0.0,0.0,1.0,2.0,2.0,2.0,0.0,1.0,2.0,2.0,0.0,0.0,0.0,0.0,0.0,0.0,0.0,0.0,0.0
3,5,1,1,0,0,3,8,A- a+ a+ a+ a+ a+ a+ a+ a+ a+ ,0.21084230031853213,1.2108423003185322,15,48,72,199c16029d251ae74d64156116c679e0,5b9e4c8683f611922cdb6bc17f5561e6,1.0,0.0,1.0,2.0,2.0,2.0,0.0,0.0,0.0,0.0,2.0,0.0,0.0,0.0,0.0,0.0,0.0,0.0,0.0
3,5,1,1,0,0,3,6,+a +a +b +B +a +a +b +B +a +a ,1.4634582986483033,1.7317291493241518,21,57,76,39751a061542377f4e2a0beb0c8309ac,49ff3d68b03970787bff12732c915d7d,1.0,0.0,1.0,2.0,2.0,2.0,2.0,0.0,0.0,0.0,0.0,0.0,2.0,0.0,0.0,0.0,0.0,0.0,0.0
3,8,0,1,0,0,3,12,b+ a+ a- a- a- a- a- a- a- a- ,0.420026001688088,1.2821008176699766,16,49,72,67d4c61d1d0b4878f2fe5d9b66186db9,58f52404578285e9516d6c501d12d7d7,1.0,0.0,2.0,3.0,3.0,3.0,0.0,0.0,0.0,0.0,2.0,0.0,0.0,0.0,0.0,0.0,0.0,0.0,0.0
3,7,0,1,0,0,3,11,+b +a -a -B +b +a -a -B +b +a ,1.9967916319816368,2.2475937239862276,21,59,80,a69d8d31196ad888a5bf41504c03de86,cd6687c4e6d0f5aec1a771b61f17342f,0.0,0.0,2.0,3.0,3.0,3.0,0.0,1.0,2.0,2.0,0.0,0.0,0.0,0.0,0.0,0.0,0.0,0.0,0.0
3,8,0,1,0,0,3,13,-b -A -b -A -b -A -b -A -b -A ,1.0,1.5,17,50,76,67d4c61d1d0b4878f2fe5d9b66186db9,908ccf0f892726fb19d2fdbb5589e828,1.0,0.0,2.0,3.0,3.0,3.0,0.0,0.0,0.0,0.0,0.0,0.0,3.0,0.0,0.0,0.0,0.0,2.0,0.0
2,4,0,0,1,1,2,3,a A B a a A B a a A B a a A B ,1.4983958159908184,1.4983958159908184,18,49,76,38a9a6ebc90a332c0dfe97945349a3da,57f8a68d4361fb8f3b29ad1bad590e75,2.0,0.0,0.0,0.0,0.0,0.0,0.0,0.0,0.0,0.0,0.0,0.0,0.0,3.0,2.0,0.0,0.0,0.0,0.0
3,8,0,1,0,0,3,9,+a +a -b +B +a +a -b +B +a +a ,1.4634582986483033,2.1236176230665023,23,59,76,70e1d4e118d076514296ccf0f2db8f71,2126aa829643dcfef46ff3db78f322a8,1.0,0.0,2.0,3.0,3.0,3.0,0.0,0.0,0.0,0.0,0.0,0.0,3.0,0.0,2.0,0.0,0.0,0.0,0.0
3,8,0,1,0,0,3,9,B- a- a+ A- B- a- a+ A- B- a- ,1.9967916319816368,2.1410863817377597,21,59,76,67d4c61d1d0b4878f2fe5d9b66186db9,4f3172f580a4b9d9873dda9a5ccccdb0,1.0,0.0,2.0,3.0,3.0,3.0,0.0,0.0,0.0,0.0,2.0,0.0,0.0,0.0,0.0,0.0,0.0,0.0,0.0
3,7,0,1,0,0,3,8,-a -a +b +A -a -a +b +A -a -a ,1.4634582986483033,2.23012496531497,23,57,76,73f66af22f74a9f46ba51c3f68ffb910,187b89b05c5aeab32a2d0a29d6454d05,2.0,0.0,1.0,2.0,2.0,2.0,0.0,0.0,0.0,0.0,0.0,0.0,2.0,3.0,0.0,0.0,0.0,0.0,0.0
3,8,0,1,0,0,3,15,-a +a -b -b -a +a -b -b -a +a ,1.53012496531497,1.916716186961402,19,56,76,f432d6b52c5184fc71c9b55f7e823cd0,a290c37ce461b1258f0edd054a8e8940,1.0,0.0,2.0,3.0,3.0,3.0,0.0,0.0,0.0,0.0,0.0,0.0,0.0,0.0,0.0,0.0,2.0,0.0,0.0
3,8,0,1,0,0,3,10,A- a- a- b+ A- a- a- b+ A- a- ,1.4983958159908184,2.1410863817377597,19,58,76,f432d6b52c5184fc71c9b55f7e823cd0,13f2efed502683c45be6ed5e712775c8,1.0,0.0,2.0,3.0,3.0,3.0,0.0,0.0,0.0,0.0,0.0,2.0,3.0,0.0,0.0,0.0,0.0,0.0,0.0
3,8,0,1,0,0,3,10,b+ a+ a+ B- b+ a+ a+ B- b+ a+ ,1.4983958159908184,2.1410863817377597,19,58,76,f432d6b52c5184fc71c9b55f7e823cd0,6973943555b3bb838d763876c93538fe,1.0,0.0,2.0,3.0,3.0,3.0,0.0,0.0,0.0,0.0,0.0,0.0,0.0,2.0,0.0,0.0,0.0,0.0,0.0
3,6,0,1,0,0,3,8,+a -a +A -A +a -a +A -A +a -a ,1.9967916319816368,1.9983958159908184,23,57,80,1bcf21a2780883d3b02c977c36ca3333,0314412bcaa42504dbf757a730d0fdd0,1.0,0.0,1.0,2.0,2.0,2.0,0.0,1.0,2.0,2.0,0.0,0.0,0.0,2.0,0.0,0.0,0.0,0.0,0.0
2,4,0,0,1,1,2,4,b B A A A A A A A A A A A A A ,0.420026001688088,0.420026001688088,15,46,72,496b1d087247d9edf9bbdde67e7e4036,0702c85366fa8eb77c7ff2aaaa2b142b,2.0,0.0,0.0,0.0,0.0,0.0,0.0,0.0,0.0,0.0,3.0,0.0,0.0,0.0,0.0,0.0,0.0,0.0,2.0
3,8,0,1,0,0,3,13,-b -a +a -b -b -a +a -b -b -a ,1.4983958159908184,1.8918884737423507,22,57,80,67d4c61d1d0b4878f2fe5d9b66186db9,908ccf0f892726fb19d2fdbb5589e828,1.0,0.0,2.0,3.0,3.0,3.0,0.0,0.0,0.0,0.0,0.0,0.0,2.0,0.0,0.0,0.0,0.0,2.0,0.0
3,6,0,1,0,0,3,5,A+ a- B+ a- B+ a- B+ a- B+ a- ,1.1766796675107107,2.0883398337553554,17,54,76,3982e287b49ad5f44525c7867b50c1c0,27c404f92e89e20f3a6d23c82bfa8574,1.0,2.0,1.0,2.0,2.0,2.0,0.0,1.0,2.0,2.0,0.0,0.0,0.0,0.0,0.0,0.0,0.0,0.0,0.0
3,7,0,1,0,0,3,7,-a +a +A -a +A -a +A -a +A -a ,1.1766796675107107,1.9983958159908184,18,52,76,0d71482cbe8c7fa4acf7b7bef52c580f,2de8f2eb13bdb957421b83ca32962397,0.0,0.0,2.0,3.0,3.0,3.0,0.0,1.0,2.0,2.0,0.0,0.0,0.0,0.0,0.0,0.0,0.0,0.0,0.0
3,6,1,1,0,0,3,12,a+ a- A- A- a+ a- A- A- a+ a- ,1.53012496531497,1.916716186961402,19,57,76,662932ff81e505eb185ad1d8c53dcffc,a29e28ae67e69a881a82f338272535b6,0.0,0.0,2.0,3.0,3.0,3.0,0.0,0.0,0.0,0.0,0.0,0.0,0.0,0.0,0.0,0.0,0.0,0.0,0.0
3,7,0,1,0,0,3,9,+B -a +a -a +a -a +a -a +a -a ,1.1766796675107107,1.6054211501592661,18,53,76,a69d8d31196ad888a5bf41504c03de86,12a57c8bdaad7f967c06a4c5bea5a87f,0.0,0.0,2.0,3.0,3.0,3.0,0.0,1.0,2.0,2.0,0.0,0.0,0.0,0.0,0.0,0.0,0.0,0.0,0.0
3,8,0,1,0,0,3,7,+a +a +A -B +a +a +A -B +a +a ,1.4634582986483033,2.1236176230665023,21,58,76,f432d6b52c5184fc71c9b55f7e823cd0,a290c37ce461b1258f0edd054a8e8940,1.0,2.0,2.0,3.0,3.0,3.0,0.0,0.0,0.0,0.0,0.0,0.0,0.0,0.0,0.0,0.0,0.0,0.0,0.0
3,8,0,1,0,0,3,12,b- a- A+ a- A+ a- A+ a- A+ a- ,1.1766796675107107,2.0867356497461738,18,54,76,67d4c61d1d0b4878f2fe5d9b66186db9,4f3172f580a4b9d9873dda9a5ccccdb0,1.0,0.0,2.0,3.0,3.0,3.0,0.0,0.0,0.0,0.0,0.0,0.0,0.0,2.0,0.0,0.0,0.0,0.0,0.0
3,7,0,1,0,0,3,9,+B -a +a -B +B -a +a -B +B -a ,1.9967916319816368,2.0,23,59,80,a69d8d31196ad888a5bf41504c03de86,12a57c8bdaad7f967c06a4c5bea5a87f,0.0,0.0,2.0,3.0,3.0,3.0,0.0,1.0,2.0,2.0,0.0,0.0,0.0,0.0,0.0,0.0,0.0,0.0,0.0
3,7,0,1,0,0,3,7,-B +a -a +A -B +a -a +A -B +a ,1.9967916319816368,2.249197907995409,23,61,80,a69d8d31196ad888a5bf41504c03de86,12a57c8bdaad7f967c06a4c5bea5a87f,0.0,0.0,2.0,3.0,3.0,3.0,0.0,1.0,2.0,2.0,0.0,0.0,2.0,0.0,0.0,0.0,0.0,0.0,0.0
3,4,1,1,0,0,2,6,A- a- a+ a- a+ a- a+ a- a+ a- ,1.1766796675107107,1.6038169661500845,16,55,76,0a1e173fbdb7fac80f15c300188a85b0,6601ee7449224f42a9844c3cff7cb695,2.0,0.0,0.0,0.0,0.0,0.0,0.0,0.0,0.0,0.0,0.0,0.0,0.0,0.0,0.0,0.0,0.0,2.0,3.0
3,8,0,1,0,0,3,7,a+ a+ B- a- B- a- B- a- B- a- ,1.2866926683547546,1.6750754835015291,21,57,76,70e1d4e118d076514296ccf0f2db8f71,ef0aa4d7d32eef317e002853a776a147,1.0,0.0,2.0,3.0,3.0,3.0,0.0,0.0,0.0,0.0,0.0,0.0,3.0,0.0,2.0,0.0,0.0,0.0,0.0
3,7,0,1,0,0,3,12,B- a- b+ a- b+ a- b+ a- b+ a- ,1.1766796675107107,2.0867356497461738,18,54,76,354d427fb9d411b369ee627beb3fa648,7004cbf22a948d158f842b87b127e3be,2.0,0.0,1.0,2.0,2.0,2.0,0.0,0.0,0.0,0.0,0.0,0.0,0.0,0.0,0.0,3.0,0.0,0.0,0.0
3,7,0,1,0,0,3,7,a+ a- A+ B- a+ a- A+ B- a+ a- ,1.9967916319816368,2.231729149324152,23,61,80,8602be5804b85d2adab89d86f79bee51,a4b79b502211db650eccc15c7c46ad90,2.0,2.0,1.0,2.0,2.0,2.0,0.0,0.0,0.0,0.0,0.0,0.0,2.0,3.0,0.0,0.0,0.0,0.0,0.0
3,8,0,1,0,0,3,9,+a -a +b +A +a -a +b +A +a -a ,1.9967916319816368,2.1500495202947354,23,58,80,f432d6b52c5184fc71c9b55f7e823cd0,a290c37ce461b1258f0edd054a8e8940,1.0,0.0,2.0,3.0,3.0,3.0,0.0,0.0,0.0,0.0,0.0,2.0,0.0,0.0,0.0,0.0,0.0,0.0,0.0
3,8,0,1,0,0,3,8,-A +a +A +a +A +a +A +a +A +a ,1.1766796675107107,1.6054211501592661,17,53,76,67d4c61d1d0b4878f2fe5d9b66186db9,908ccf0f892726fb19d2fdbb5589e828,1.0,0.0,2.0,3.0,3.0,3.0,0.0,0.0,0.0,0.0,0.0,0.0,0.0,2.0,0.0,0.0,0.0,0.0,0.0
3,8,0,1,0,0,3,8,+B +a +a -A +B +a +a -A +B +a ,1.4983958159908184,2.1410863817377597,20,57,76,70e1d4e118d076514296ccf0f2db8f71,2126aa829643dcfef46ff3db78f322a8,1.0,0.0,2.0,3.0,3.0,3.0,0.0,0.0,0.0,0.0,0.0,2.0,3.0,0.0,0.0,0.0,0.0,0.0,0.0
3,8,0,1,0,0,3,9,+A +a +A +a +A +a +A +a +A +a ,1.0,1.5,17,50,76,67d4c61d1d0b4878f2fe5d9b66186db9,ecf3823d5a4d59543a2935b66fbdec06,1.0,0.0,2.0,3.0,3.0,3.0,0.0,0.0,0.0,0.0,0.0,2.0,3.0,0.0,0.0,0.0,0.0,0.0,0.0
3,8,0,1,0,0,3,12,-B +a +a -a +a -a +a -a +a -a ,1.1766796675107107,1.6054211501592661,17,56,76,70e1d4e118d076514296ccf0f2db8f71,2126aa829643dcfef46ff3db78f322a8,1.0,0.0,2.0,3.0,3.0,3.0,0.0,0.0,0.0,0.0,0.0,0.0,0.0,2.0,0.0,0.0,0.0,0.0,0.0
3,8,0,1,0,0,3,8,-B +A -B +A -B +A -B +A -B +A ,1.0,2.0,17,51,76,67d4c61d1d0b4878f2fe5d9b66186db9,ecf3823d5a4d59543a2935b66fbdec06,1.0,0.0,2.0,3.0,3.0,3.0,0.0,0.0,0.0,0.0,2.0,0.0,2.0,0.0,0.0,0.0,0.0,0.0,0.0
3,8,0,1,0,0,3,9,b+ a+ a+ a- a+ a- a+ a- a+ a- ,1.1766796675107107,1.6038169661500845,16,55,76,67d4c61d1d0b4878f2fe5d9b66186db9,58f52404578285e9516d6c501d12d7d7,1.0,0.0,2.0,3.0,3.0,3.0,0.0,0.0,0.0,0.0,2.0,0.0,0.0,0.0,0.0,0.0,0.0,0.0,0.0
3,8,0,1,0,0,3,8,A- a+ a+ B+ A- a+ a+ B+ A- a+ ,1.4983958159908184,2.167518278965993,20,59,76,67d4c61d1d0b4878f2fe5d9b66186db9,4f3172f580a4b9d9873dda9a5ccccdb0,1.0,0.0,2.0,3.0,3.0,3.0,0.0,0.0,0.0,0.0,0.0,2.0,2.0,0.0,0.0,0.0,0.0,0.0,0.0
3,8,0,1,0,0,3,11,B- a+ a- B+ B- a+ a- B+ B- a+ ,1.9967916319816368,2.0,23,60,80,67d4c61d1d0b4878f2fe5d9b66186db9,f09452872f697d712d7d224467288261,1.0,0.0,2.0,3.0,3.0,3.0,0.0,0.0,0.0,0.0,0.0,0.0,2.0,2.0,0.0,0.0,0.0,0.0,0.0
3,8,0,1,0,0,3,10,B+ a- a- B+ B+ a- a- B+ B+ a- ,1.0,2.0,20,56,76,f432d6b52c5184fc71c9b55f7e823cd0,13f2efed502683c45be6ed5e712775c8,1.0,0.0,2.0,3.0,3.0,3.0,0.0,0.0,0.0,0.0,0.0,0.0,0.0,2.0,0.0,0.0,0.0,0.0,0.0
3,8,0,1,0,0,3,12,a+ a- b- b+ a+ a- b- b+ a+ a- ,1.9967916319816368,1.9983958159908184,20,59,80,67d4c61d1d0b4878f2fe5d9b66186db9,4f3172f580a4b9d9873dda9a5ccccdb0,1.0,0.0,2.0,3.0,3.0,3.0,2.0,0.0,0.0,0.0,0.0,0.0,0.0,0.0,0.0,0.0,0.0,0.0,0.0
3,8,0,1,0,0,3,8,+A -a -B -a -B -a -B -a -B -a ,1.1766796675107107,1.6937609839146215,18,52,76,70e1d4e118d076514296ccf0f2db8f71,2126aa829643dcfef46ff3db78f322a8,1.0,0.0,2.0,3.0,3.0,3.0,2.0,0.0,0.0,0.0,0.0,0.0,0.0,0.0,0.0,0.0,0.0,0.0,0.0
2,4,0,0,1,1,2,6,B a b B B a b B B a b B B a b ,1.4983958159908184,1.4983958159908184,18,49,76,121d08e8d3508f48216f1b69b3d23605,c6759bd27af42393f12bd5da489f3f43,2.0,0.0,0.0,0.0,0.0,0.0,0.0,0.0,0.0,0.0,0.0,0.0,0.0,0.0,0.0,3.0,2.0,0.0,0.0
3,8,0,1,0,0,3,15,b- b- b- b- b- b- b- b- b- b- ,0.0,1.0,14,46,72,67d4c61d1d0b4878f2fe5d9b66186db9,409ada3bfac14717c01a3243ae9aa9cf,1.0,0.0,2.0,3.0,3.0,3.0,0.0,0.0,0.0,0.0,0.0,0.0,0.0,0.0,0.0,0.0,2.0,0.0,0.0
3,5,1,1,0,0,3,7,+a +a +B +B +a +a +B +B +a +a ,0.9967916319816366,1.4983958159908184,18,58,76,39751a061542377f4e2a0beb0c8309ac,49ff3d68b03970787bff12732c915d7d,1.0,0.0,1.0,2.0,2.0,2.0,2.0,0.0,0.0,0.0,0.0,0.0,0.0,0.0,0.0,0.0,0.0,0.0,0.0
3,8,0,1,0,0,3,7,+A +a +a -a +a -a +a -a +a -a ,1.1766796675107107,1.6038169661500845,17,53,76,70e1d4e118d076514296ccf0f2db8f71,2126aa829643dcfef46ff3db78f322a8,1.0,0.0,2.0,3.0,3.0,3.0,0.0,0.0,0.0,0.0,0.0,2.0,0.0,0.0,0.0,0.0,0.0,0.0,0.0
2,4,0,0,1,1,2,5,A B b b A B b b A B b b A B b ,1.53012496531497,1.53012496531497,17,52,76,38a9a6ebc90a332c0dfe97945349a3da,57f8a68d4361fb8f3b29ad1bad590e75,2.0,0.0,0.0,0.0,0.0,0.0,3.0,0.0,0.0,0.0,0.0,0.0,0.0,0.0,0.0,0.0,0.0,0.0,2.0
3,8,0,1,0,0,3,7,+B +a +A +a +A +a +A +a +A +a ,1.1766796675107107,1.5883398337553554,18,52,76,67d4c61d1d0b4878f2fe5d9b66186db9,ecf3823d5a4d59543a2935b66fbdec06,1.0,0.0,2.0,3.0,3.0,3.0,0.0,0.0,0.0,0.0,0.0,2.0,2.0,0.0,0.0,0.0,0.0,0.0,0.0
3,8,0,1,0,0,3,11,a- a- A- B- a- a- A- B- a- a- ,1.4634582986483033,1.7317291493241518,22,58,76,70e1d4e118d076514296ccf0f2db8f71,ef0aa4d7d32eef317e002853a776a147,1.0,2.0,2.0,3.0,3.0,3.0,0.0,0.0,0.0,0.0,0.0,0.0,3.0,0.0,0.0,0.0,0.0,0.0,0.0
3,7,0,1,0,0,3,7,-A +a -a +A -A +a -a +A -A +a ,1.9967916319816368,2.0,23,59,80,29a869da133108175da4079ed0493bfb,b41a25f70a7cc5225b24f2ded9d132c1,0.0,0.0,2.0,3.0,3.0,3.0,0.0,1.0,2.0,2.0,0.0,0.0,0.0,0.0,0.0,0.0,0.0,0.0,0.0
3,7,0,1,0,0,3,7,+A -a +A -a +A -a +A -a +A -a ,1.0,2.0,17,51,76,a69d8d31196ad888a5bf41504c03de86,ef501e87758de11bd53cdf5f7d75d57b,0.0,0.0,2.0,3.0,3.0,3.0,0.0,1.0,2.0,2.0,0.0,0.0,0.0,0.0,0.0,0.0,0.0,0.0,0.0
3,5,1,1,0,0,3,7,a+ a+ A+ A- a+ a+ A+ A- a+ a+ ,1.4634582986483033,1.890284289733169,21,58,76,39751a061542377f4e2a0beb0c8309ac,d760db760925304b569744a6cafdf2b7,1.0,0.0,1.0,2.0,2.0,2.0,0.0,0.0,0.0,0.0,0.0,0.0,0.0,2.0,0.0,0.0,0.0,0.0,0.0
2,4,0,0,1,1,2,3,a B A B A B A B A B A B A B A ,1.1766796675107107,1.1766796675107107,15,49,72,121d08e8d3508f48216f1b69b3d23605,25af169ad39e609cd2987cf410dd74da,2.0,0.0,0.0,0.0,0.0,0.0,2.0,0.0,0.0,0.0,0.0,3.0,0.0,0.0,0.0,0.0,0.0,0.0,0.0
3,7,0,1,0,0,3,9,+a -a -A -A +a -a -A -A +a -a ,1.53012496531497,1.916716186961402,19,60,76,8602be5804b85d2adab89d86f79bee51,ee1f877ff4c434be9f2021960598e572,2.0,0.0,1.0,2.0,2.0,2.0,0.0,0.0,0.0,0.0,0.0,3.0,0.0,0.0,0.0,0.0,0.0,0.0,2.0
3,8,0,1,0,0,3,10,a+ a- B- A- a+ a- B- A- a+ a- ,1.9967916319816368,2.1500495202947354,23,59,80,70e1d4e118d076514296ccf0f2db8f71,ef0aa4d7d32eef317e002853a776a147,1.0,0.0,2.0,3.0,3.0,3.0,0.0,0.0,0.0,0.0,0.0,0.0,3.0,0.0,2.0,0.0,0.0,0.0,0.0
3,8,0,1,0,0,3,12,+b +b +b +b +b +b +b +b +b +b ,0.0,1.0,14,46,72,67d4c61d1d0b4878f2fe5d9b66186db9,ecf3823d5a4d59543a2935b66fbdec06,1.0,0.0,2.0,3.0,3.0,3.0,0.0,0.0,0.0,0.0,0.0,2.0,0.0,0.0,0.0,0.0,0.0,0.0,0.0
3,8,0,1,0,0,3,11,a- a+ B- B- a- a+ B- B- a- a+ ,1.53012496531497,1.916716186961402,20,59,76,67d4c61d1d0b4878f2fe5d9b66186db9,58f52404578285e9516d6c501d12d7d7,1.0,0.0,2.0,3.0,3.0,3.0,2.0,0.0,0.0,0.0,0.0,0.0,2.0,0.0,0.0,0.0,0.0,0.0,0.0
3,8,0,1,0,0,3,13,a- b- a- b- a- b- a- b- a- b- ,1.0,1.5,17,52,72,67d4c61d1d0b4878f2fe5d9b66186db9,409ada3bfac14717c01a3243ae9aa9cf,1.0,0.0,2.0,3.0,3.0,3.0,0.0,0.0,0.0,0.0,0.0,2.0,0.0,0.0,0.0,0.0,0.0,0.0,0.0
3,8,0,1,0,0,3,11,-B +a -a -b -B +a -a -b -B +a ,1.9967916319816368,2.167518278965993,21,57,80,67d4c61d1d0b4878f2fe5d9b66186db9,ecf3823d5a4d59543a2935b66fbdec06,1.0,0.0,2.0,3.0,3.0,3.0,0.0,0.0,0.0,0.0,0.0,0.0,0.0,0.0,0.0,2.0,0.0,0.0,0.0
3,5,1,1,0,0,3,10,a- a- a- a- a- a- a- a- a- a- ,0.0,1.0,14,46,72,199c16029d251ae74d64156116c679e0,11fd8c06ec1951ed160460b6da169232,1.0,0.0,1.0,2.0,2.0,2.0,0.0,0.0,0.0,0.0,0.0,0.0,0.0,0.0,0.0,0.0,2.0,0.0,0.0
3,8,0,1,0,0,3,14,b+ a+ a- b- b+ a+ a- b- b+ a+ ,1.9967916319816368,1.9983958159908184,20,59,76,67d4c61d1d0b4878f2fe5d9b66186db9,4f3172f580a4b9d9873dda9a5ccccdb0,1.0,0.0,2.0,3.0,3.0,3.0,0.0,0.0,0.0,0.0,0.0,0.0,0.0,2.0,0.0,0.0,0.0,0.0,0.0
2,5,0,1,0,0,3,6,B a a B B a a B B a a B B a a ,1.0,1.0,17,49,72,f9a5951d926c0a7f9c63e13cfa2fc5a5,36c18a5eadbddf5f5730a1298f7bfea3,1.0,0.0,1.0,2.0,2.0,2.0,0.0,0.0,0.0,0.0,0.0,0.0,2.0,2.0,0.0,0.0,0.0,0.0,0.0
3,8,0,1,0,0,3,10,-a -a -A +a -A +a -A +a -A +a ,1.2866926683547546,1.9967916319816368,18,53,76,70e1d4e118d076514296ccf0f2db8f71,2126aa829643dcfef46ff3db78f322a8,1.0,0.0,2.0,3.0,3.0,3.0,0.0,0.0,0.0,0.0,0.0,0.0,0.0,0.0,0.0,2.0,0.0,0.0,0.0
3,8,0,1,0,0,3,10,-A -a -a +a -a +a -a +a -a +a ,1.1766796675107107,1.6038169661500845,17,53,76,70e1d4e118d076514296ccf0f2db8f71,2126aa829643dcfef46ff3db78f322a8,1.0,0.0,2.0,3.0,3.0,3.0,0.0,0.0,0.0,0.0,0.0,0.0,0.0,0.0,0.0,0.0,2.0,0.0,0.0
3,8,0,1,0,0,3,7,+a +a -A -A +a +a -A -A +a +a ,0.9967916319816366,1.9967916319816368,20,57,76,f432d6b52c5184fc71c9b55f7e823cd0,a290c37ce461b1258f0edd054a8e8940,1.0,0.0,2.0,3.0,3.0,3.0,2.0,0.0,0.0,0.0,0.0,0.0,3.0,0.0,0.0,0.0,0.0,0.0,0.0
3,5,1,1,0,0,3,5,-a -a -A -b -a -a -A -b -a -a ,1.4634582986483033,1.7317291493241518,21,57,76,39751a061542377f4e2a0beb0c8309ac,49ff3d68b03970787bff12732c915d7d,1.0,2.0,1.0,2.0,2.0,2.0,0.0,0.0,0.0,0.0,0.0,0.0,2.0,0.0,0.0,0.0,0.0,0.0,0.0
3,8,0,1,0,0,3,11,-A +a -b +a -b +a -b +a -b +a ,1.1766796675107107,2.0883398337553554,18,52,76,f432d6b52c5184fc71c9b55f7e823cd0,a290c37ce461b1258f0edd054a8e8940,1.0,0.0,2.0,3.0,3.0,3.0,0.0,0.0,0.0,0.0,0.0,0.0,0.0,0.0,0.0,2.0,0.0,0.0,0.0
2,4,0,0,1,1,2,5,a B b a B b a B b a B b a B b ,1.584962500721156,1.584962500721156,17,51,76,496b1d087247d9edf9bbdde67e7e4036,9fd6d32939792c240ec48e682db12b99,2.0,0.0,0.0,0.0,0.0,0.0,3.0,0.0,0.0,0.0,0.0,0.0,0.0,0.0,0.0,2.0,0.0,0.0,0.0
2,4,0,0,1,1,2,3,A A a a A A a a A A a a A A a ,0.9967916319816366,0.9967916319816366,17,51,72,121d08e8d3508f48216f1b69b3d23605,7e45e470c59753f30911254558ac473a,2.0,0.0,0.0,0.0,0.0,0.0,3.0,0.0,0.0,0.0,0.0,2.0,0.0,0.0,0.0,0.0,0.0,0.0,0.0
3,8,0,1,0,0,3,7,+B +A +B +A +B +A +B +A +B +A ,1.0,1.5,17,50,76,70e1d4e118d076514296ccf0f2db8f71,2126aa829643dcfef46ff3db78f322a8,1.0,0.0,2.0,3.0,3.0,3.0,0.0,0.0,0.0,0.0,0.0,0.0,0.0,0.0,2.0,0.0,0.0,0.0,0.0
3,8,0,1,0,0,3,13,a- B- a- B- a- B- a- B- a- B- ,1.0,1.5,17,52,72,70e1d4e118d076514296ccf0f2db8f71,ef0aa4d7d32eef317e002853a776a147,1.0,0.0,2.0,3.0,3.0,3.0,0.0,0.0,0.0,0.0,0.0,0.0,0.0,0.0,0.0,0.0,0.0,0.0,2.0
3,7,0,1,0,0,3,7,+A -A +A -A +A -A +A -A +A -A ,1.0,1.5,17,52,72,a69d8d31196ad888a5bf41504c03de86,12a57c8bdaad7f967c06a4c5bea5a87f,0.0,0.0,2.0,3.0,3.0,3.0,0.0,1.0,2.0,2.0,0.0,0.0,0.0,0.0,0.0,0.0,0.0,0.0,0.0
3,8,0,1,0,0,3,12,b- a- a+ b- b- a- a+ b- b- a- ,1.4983958159908184,1.8918884737423507,21,58,76,67d4c61d1d0b4878f2fe5d9b66186db9,f09452872f697d712d7d224467288261,1.0,0.0,2.0,3.0,3.0,3.0,0.0,0.0,0.0,0.0,0.0,0.0,0.0,2.0,0.0,0.0,0.0,0.0,0.0
3,8,0,1,0,0,3,9,-B +b -B +b -B +b -B +b -B +b ,1.0,2.0,17,51,76,f432d6b52c5184fc71c9b55f7e823cd0,a290c37ce461b1258f0edd054a8e8940,1.0,0.0,2.0,3.0,3.0,3.0,0.0,0.0,0.0,0.0,2.0,0.0,0.0,0.0,0.0,0.0,0.0,0.0,0.0
3,7,0,1,0,0,3,8,B- a+ a+ B- B- a+ a+ B- B- a+ ,1.0,2.0,20,56,76,73f66af22f74a9f46ba51c3f68ffb910,157faf34a61751d8dd2697a48487e501,2.0,0.0,1.0,2.0,2.0,2.0,0.0,0.0,0.0,0.0,3.0,0.0,0.0,2.0,0.0,0.0,0.0,0.0,0.0
3,6,0,1,0,0,3,5,+A +a -a -A +A +a -a -A +A +a ,1.9967916319816368,1.9983958159908184,20,59,80,6d82214e62e87c209e03ddbe34181279,1ba7284948f5ce4507046ee32c1f30bf,1.0,0.0,1.0,2.0,2.0,2.0,0.0,1.0,2.0,2.0,0.0,0.0,0.0,0.0,2.0,0.0,0.0,0.0,0.0
3,7,0,1,0,0,3,6,+B +a -a -B +B +a -a -B +B +a ,1.9967916319816368,1.9983958159908184,20,59,80,0d71482cbe8c7fa4acf7b7bef52c580f,2de8f2eb13bdb957421b83ca32962397,0.0,0.0,2.0,3.0,3.0,3.0,0.0,1.0,2.0,2.0,0.0,0.0,0.0,0.0,0.0,0.0,0.0,0.0,0.0
3,8,0,1,0,0,3,12,B- a+ a+ b+ B- a+ a+ b+ B- a+ ,1.4983958159908184,2.167518278965993,20,59,76,f432d6b52c5184fc71c9b55f7e823cd0,13f2efed502683c45be6ed5e712775c8,1.0,0.0,2.0,3.0,3.0,3.0,0.0,0.0,0.0,0.0,0.0,0.0,0.0,2.0,0.0,0.0,0.0,0.0,0.0
2,4,0,0,1,1,2,3,A A a a B A a a B A a a B A a ,1.5240979830688353,1.5240979830688353,17,53,76,496b1d087247d9edf9bbdde67e7e4036,61d6630f8c1d2c2634f6585139102bf8,2.0,0.0,0.0,0.0,0.0,0.0,3.0,0.0,0.0,0.0,0.0,0.0,0.0,0.0,2.0,0.0,0.0,0.0,0.0
3,8,0,1,0,0,3,12,A- a+ a- B- A- a+ a- B- A- a+ ,1.9967916319816368,2.167518278965993,23,59,80,67d4c61d1d0b4878f2fe5d9b66186db9,58f52404578285e9516d6c501d12d7d7,1.0,0.0,2.0,3.0,3.0,3.0,0.0,0.0,0.0,0.0,0.0,2.0,0.0,0.0,0.0,0.0,0.0,0.0,0.0
3,8,0,1,0,0,3,14,+b -a -A -a -A -a -A -a -A -a ,1.1766796675107107,1.6937609839146215,18,52,76,67d4c61d1d0b4878f2fe5d9b66186db9,ecf3823d5a4d59543a2935b66fbdec06,1.0,0.0,2.0,3.0,3.0,3.0,0.0,0.0,0.0,0.0,0.0,0.0,2.0,0.0,0.0,0.0,0.0,0.0,2.0
3,8,0,1,0,0,3,8,a- a+ A+ B+ a- a+ A+ B+ a- a+ ,1.9967916319816368,2.1500495202947354,23,59,80,67d4c61d1d0b4878f2fe5d9b66186db9,4f3172f580a4b9d9873dda9a5ccccdb0,1.0,2.0,2.0,3.0,3.0,3.0,0.0,0.0,0.0,0.0,0.0,0.0,3.0,0.0,0.0,0.0,0.0,0.0,0.0
3,8,0,1,0,0,3,10,a+ a- A- B+ a+ a- A- B+ a+ a- ,1.9967916319816368,2.231729149324152,22,58,80,67d4c61d1d0b4878f2fe5d9b66186db9,f09452872f697d712d7d224467288261,1.0,2.0,2.0,3.0,3.0,3.0,0.0,0.0,0.0,0.0,0.0,0.0,2.0,0.0,0.0,0.0,0.0,0.0,0.0
3,6,0,1,0,0,3,5,B+ A+ B+ A+ B+ A+ B+ A+ B+ A+ ,1.0,1.5,17,52,72,8c74b5cfb454515492682326d6abfb28,3cf567fca4272e1d44f34f2ab7cab786,1.0,0.0,1.0,2.0,2.0,2.0,0.0,1.0,2.0,2.0,2.0,0.0,0.0,0.0,0.0,0.0,0.0,0.0,0.0
3,8,0,1,0,0,3,11,b- a+ A+ a+ A+ a+ A+ a+ A+ a+ ,1.1766796675107107,1.6937609839146215,18,54,76,70e1d4e118d076514296ccf0f2db8f71,ef0aa4d7d32eef317e002853a776a147,1.0,0.0,2.0,3.0,3.0,3.0,0.0,0.0,0.0,0.0,2.0,0.0,2.0,0.0,0.0,0.0,0.0,0.0,0.0
3,8,0,1,0,0,3,9,-a +a -B -b -a +a -B -b -a +a ,1.9967916319816368,2.1500495202947354,23,58,80,f432d6b52c5184fc71c9b55f7e823cd0,a290c37ce461b1258f0edd054a8e8940,1.0,0.0,2.0,3.0,3.0,3.0,0.0,0.0,0.0,0.0,0.0,0.0,3.0,0.0,0.0,0.0,2.0,0.0,0.0
3,8,0,1,0,0,3,7,-A -a -A -a -A -a -A -a -A -a ,1.0,1.5,17,50,76,70e1d4e118d076514296ccf0f2db8f71,2126aa829643dcfef46ff3db78f322a8,1.0,0.0,2.0,3.0,3.0,3.0,0.0,0.0,0.0,0.0,0.0,0.0,0.0,0.0,0.0,0.0,2.0,0.0,0.0
3,8,0,1,0,0,3,8,A- a+ a- B+ A- a+ a- B+ A- a+ ,1.9967916319816368,2.249197907995409,23,59,80,70e1d4e118d076514296ccf0f2db8f71,ef0aa4d7d32eef317e002853a776a147,1.0,0.0,2.0,3.0,3.0,3.0,0.0,0.0,0.0,0.0,0.0,2.0,2.0,0.0,0.0,0.0,0.0,0.0,0.0
3,8,0,1,0,0,3,8,+a +A +a +A +a +A +a +A +a +A ,1.0,1.5,17,50,76,f432d6b52c5184fc71c9b55f7e823cd0,a290c37ce461b1258f0edd054a8e8940,1.0,0.0,2.0,3.0,3.0,3.0,0.0,0.0,0.0,0.0,0.0,0.0,0.0,0.0,2.0,0.0,0.0,0.0,0.0
3,7,0,1,0,0,3,9,-a +B -a +B -a +B -a +B -a +B ,1.0,2.0,17,51,76,a69d8d31196ad888a5bf41504c03de86,a07afa96e6b7bf1dccbfdaaab6b0f71d,0.0,0.0,2.0,3.0,3.0,3.0,0.0,1.0,2.0,2.0,0.0,0.0,0.0,0.0,0.0,0.0,0.0,0.0,0.0
3,6,0,1,0,0,3,9,a+ a- A- b+ a+ a- A- b+ a+ a- ,1.9967916319816368,2.231729149324152,22,58,80,6d82214e62e87c209e03ddbe34181279,fb913b83ca5fafcff665494018139789,1.0,2.0,1.0,2.0,2.0,2.0,0.0,1.0,2.0,2.0,0.0,0.0,0.0,0.0,0.0,0.0,0.0,0.0,0.0
3,8,0,1,0,0,3,7,-a +a +A +a +A +a +A +a +A +a ,1.1766796675107107,1.6038169661500845,16,55,76,70e1d4e118d076514296ccf0f2db8f71,2126aa829643dcfef46ff3db78f322a8,1.0,0.0,2.0,3.0,3.0,3.0,0.0,0.0,0.0,0.0,2.0,0.0,0.0,0.0,0.0,0.0,0.0,0.0,0.0
3,8,0,1,0,0,3,12,-B -a +b -a +b -a +b -a +b -a ,1.1766796675107107,2.0867356497461738,18,53,76,67d4c61d1d0b4878f2fe5d9b66186db9,908ccf0f892726fb19d2fdbb5589e828,1.0,0.0,2.0,3.0,3.0,3.0,0.0,0.0,0.0,0.0,0.0,0.0,3.0,0.0,0.0,0.0,0.0,2.0,0.0
2,4,0,0,1,1,2,3,A A b a A A b a A A b a A A b ,1.4634582986483033,1.4634582986483033,18,51,76,38a9a6ebc90a332c0dfe97945349a3da,57f8a68d4361fb8f3b29ad1bad590e75,2.0,0.0,0.0,0.0,0.0,0.0,3.0,0.0,0.0,0.0,0.0,0.0,0.0,0.0,2.0,0.0,0.0,0.0,0.0
3,5,0,1,0,0,3,3,A+ a+ B- a+ B- a+ B- a+ B- a+ ,1.1766796675107107,2.0867356497461738,18,54,76,556b03d1dff6e030040b7566f3c376ce,910a74b8173cc48c6d91cd75fa8f7509,0.0,0.0,1.0,2.0,2.0,2.0,0.0,2.0,3.0,3.0,0.0,0.0,0.0,0.0,0.0,0.0,0.0,0.0,0.0
3,7,0,1,0,0,3,8,b+ a- a- A- b+ a- a- A- b+ a- ,1.4983958159908184,2.167518278965993,20,59,76,73f66af22f74a9f46ba51c3f68ffb910,157faf34a61751d8dd2697a48487e501,2.0,0.0,1.0,2.0,2.0,2.0,0.0,0.0,0.0,0.0,2.0,0.0,0.0,3.0,0.0,0.0,0.0,0.0,0.0
3,8,0,1,0,0,3,11,a- a- b+ a- b+ a- b+ a- b+ a- ,0.9967916319816366,1.9967916319816368,18,52,76,67d4c61d1d0b4878f2fe5d9b66186db9,58f52404578285e9516d6c501d12d7d7,1.0,0.0,2.0,3.0,3.0,3.0,0.0,0.0,0.0,0.0,0.0,0.0,0.0,0.0,2.0,0.0,0.0,0.0,0.0
3,8,0,1,0,0,3,7,+a +a -B +a -B +a -B +a -B +a ,0.9967916319816366,1.9967916319816368,18,52,76,67d4c61d1d0b4878f2fe5d9b66186db9,ecf3823d5a4d59543a2935b66fbdec06,1.0,0.0,2.0,3.0,3.0,3.0,0.0,0.0,0.0,0.0,0.0,0.0,0.0,0.0,2.0,0.0,0.0,0.0,0.0
3,8,0,1,0,0,3,7,a- a+ B- A- a- a+ B- A- a- a+ ,1.9967916319816368,2.1500495202947354,22,58,80,f432d6b52c5184fc71c9b55f7e823cd0,6973943555b3bb838d763876c93538fe,1.0,0.0,2.0,3.0,3.0,3.0,0.0,0.0,0.0,0.0,0.0,0.0,2.0,0.0,2.0,0.0,0.0,0.0,0.0
3,8,0,1,0,0,3,13,a- a+ b+ b- a- a+ b+ b- a- a+ ,1.9967916319816368,1.9983958159908184,20,59,80,67d4c61d1d0b4878f2fe5d9b66186db9,f09452872f697d712d7d224467288261,1.0,0.0,2.0,3.0,3.0,3.0,2.0,0.0,0.0,0.0,0.0,0.0,0.0,0.0,0.0,0.0,0.0,0.0,0.0
3,6,0,1,0,0,3,8,A- a- B+ a- B+ a- B+ a- B+ a- ,1.1766796675107107,2.0867356497461738,18,54,76,1bcf21a2780883d3b02c977c36ca3333,fe1541b16640aea5a40854b65125e087,1.0,0.0,1.0,2.0,2.0,2.0,0.0,1.0,2.0,2.0,0.0,0.0,2.0,0.0,0.0,0.0,0.0,2.0,0.0
3,8,0,1,0,0,3,11,+b -a +a +a +a +a +a +a +a +a ,0.420026001688088,1.210842300318532,17,49,76,67d4c61d1d0b4878f2fe5d9b66186db9,908ccf0f892726fb19d2fdbb5589e828,1.0,2.0,2.0,3.0,3.0,3.0,0.0,0.0,0.0,0.0,0.0,0.0,2.0,0.0,0.0,0.0,0.0,0.0,0.0
3,7,0,1,0,0,3,5,+b -a +a +A +b -a +a +A +b -a ,1.9967916319816368,2.167518278965993,21,57,80,356fe86934723106ce0243a3ec08b603,7826985ad105ac56ff44c410992d0912,2.0,2.0,1.0,2.0,2.0,2.0,0.0,0.0,0.0,0.0,0.0,3.0,0.0,0.0,0.0,0.0,0.0,0.0,0.0
3,8,0,1,0,0,3,9,-A +a +a -b -A +a +a -b -A +a ,1.4983958159908184,2.249197907995409,20,60,76,67d4c61d1d0b4878f2fe5d9b66186db9,ecf3823d5a4d59543a2935b66fbdec06,1.0,0.0,2.0,3.0,3.0,3.0,0.0,0.0,0.0,0.0,0.0,0.0,3.0,2.0,0.0,0.0,0.0,0.0,0.0
3,7,0,1,0,0,3,9,a- a- B+ b+ a- a- B+ b+ a- a- ,1.4634582986483033,2.23012496531497,23,59,76,5924bfe2c6b111489f74e1ac29154378,8682e5781f82da383d4a5ccef5189320,2.0,0.0,1.0,2.0,2.0,2.0,2.0,0.0,0.0,0.0,0.0,0.0,2.0,0.0,0.0,0.0,0.0,3.0,0.0
3,8,0,1,0,0,3,11,+A -b +A -b +A -b +A -b +A -b ,1.0,2.0,17,51,76,67d4c61d1d0b4878f2fe5d9b66186db9,ecf3823d5a4d59543a2935b66fbdec06,1.0,2.0,2.0,3.0,3.0,3.0,0.0,0.0,0.0,0.0,0.0,0.0,0.0,0.0,0.0,0.0,0.0,0.0,0.0
3,7,0,1,0,0,3,12,+a -a -b +b +a -a -b +b +a -a ,1.9967916319816368,1.9983958159908184,20,59,76,a69d8d31196ad888a5bf41504c03de86,cd6687c4e6d0f5aec1a771b61f17342f,0.0,0.0,2.0,3.0,3.0,3.0,0.0,1.0,2.0,2.0,0.0,0.0,0.0,0.0,0.0,0.0,0.0,0.0,0.0
3,7,0,1,0,0,3,9,-b -a +a -a +a -a +a -a +a -a ,1.1766796675107107,1.6038169661500845,18,52,76,8602be5804b85d2adab89d86f79bee51,b695ff219c220584aa9cf87b94859adc,2.0,0.0,1.0,2.0,2.0,2.0,0.0,0.0,0.0,0.0,3.0,0.0,0.0,0.0,0.0,0.0,0.0,2.0,0.0
3,7,0,1,0,0,3,7,+A -a -a -b +A -a -a -b +A -a ,1.4983958159908184,2.167518278965993,19,59,76,354d427fb9d411b369ee627beb3fa648,c1e08672324e417ad95912fa7e65c497,2.0,0.0,1.0,2.0,2.0,2.0,0.0,0.0,0.0,0.0,0.0,0.0,0.0,0.0,0.0,0.0,0.0,3.0,2.0
3,7,0,1,0,0,3,11,b- a+ b- a+ b- a+ b- a+ b- a+ ,1.0,2.0,17,51,76,0d71482cbe8c7fa4acf7b7bef52c580f,5b07bc2b20158df906215fe552277a94,0.0,0.0,2.0,3.0,3.0,3.0,0.0,1.0,2.0,2.0,0.0,0.0,3.0,0.0,0.0,0.0,0.0,0.0,0.0
3,8,0,1,0,0,3,7,+B +a +a -a +a -a +a -a +a -a ,1.1766796675107107,1.6038169661500845,17,53,76,67d4c61d1d0b4878f2fe5d9b66186db9,ecf3823d5a4d59543a2935b66fbdec06,1.0,0.0,2.0,3.0,3.0,3.0,0.0,0.0,0.0,0.0,0.0,2.0,0.0,0.0,0.0,0.0,0.0,0.0,0.0
3,6,0,1,0,0,3,8,A- a- B- a- B- a- B- a- B- a- ,1.1766796675107107,1.5883398337553554,17,50,76,36c77601d8a81bb1597a703bfb6eee79,1edc6461762ecdd58933f7c196b44ccd,1.0,0.0,1.0,2.0,2.0,2.0,0.0,1.0,2.0,2.0,0.0,0.0,2.0,0.0,0.0,2.0,0.0,0.0,0.0
3,5,1,1,0,0,3,5,a- a+ A+ A+ a- a+ A+ A+ a- a+ ,1.53012496531497,1.916716186961402,19,57,76,39751a061542377f4e2a0beb0c8309ac,174977a4894a10749e1ea65add5ed8b2,1.0,0.0,1.0,2.0,2.0,2.0,0.0,0.0,0.0,0.0,2.0,0.0,2.0,0.0,0.0,0.0,0.0,0.0,0.0
3,8,0,1,0,0,3,8,b- a+ a+ B- b- a+ a+ B- b- a+ ,1.4983958159908184,2.249197907995409,20,57,76,f432d6b52c5184fc71c9b55f7e823cd0,13f2efed502683c45be6ed5e712775c8,1.0,0.0,2.0,3.0,3.0,3.0,0.0,0.0,0.0,0.0,0.0,0.0,0.0,2.0,0.0,0.0,0.0,0.0,0.0
3,7,0,1,0,0,3,7,+b +a -a +a -a +a -a +a -a +a ,1.1766796675107107,1.6038169661500845,18,52,76,73f66af22f74a9f46ba51c3f68ffb910,187b89b05c5aeab32a2d0a29d6454d05,2.0,0.0,1.0,2.0,2.0,2.0,0.0,0.0,0.0,0.0,0.0,0.0,0.0,0.0,2.0,3.0,0.0,0.0,0.0
2,4,0,0,1,1,2,3,b B a A a A a A a A a A a A a ,1.353359335021421,1.353359335021421,17,51,76,496b1d087247d9edf9bbdde67e7e4036,c0957465ce2066b062166418849e1cda,2.0,0.0,0.0,0.0,0.0,0.0,2.0,0.0,0.0,0.0,3.0,0.0,0.0,0.0,0.0,0.0,0.0,0.0,0.0
3,8,0,1,0,0,3,11,b- a- a- a+ a- a+ a- a+ a- a+ ,1.1766796675107107,1.6038169661500845,16,55,76,f432d6b52c5184fc71c9b55f7e823cd0,6973943555b3bb838d763876c93538fe,1.0,0.0,2.0,3.0,3.0,3.0,0.0,0.0,0.0,0.0,2.0,0.0,0.0,0.0,0.0,0.0,0.0,0.0,0.0
3,8,0,1,0,0,3,10,-a +a -A -B -a +a -A -B -a +a ,1.9967916319816368,2.1500495202947354,23,58,80,67d4c61d1d0b4878f2fe5d9b66186db9,908ccf0f892726fb19d2fdbb5589e828,1.0,0.0,2.0,3.0,3.0,3.0,0.0,0.0,0.0,0.0,0.0,0.0,2.0,0.0,0.0,0.0,2.0,0.0,0.0
3,6,0,1,0,0,3,6,-a +a -A +A -a +a -A +A -a +a ,1.9967916319816368,1.9983958159908184,23,57,80,36c77601d8a81bb1597a703bfb6eee79,eb7a9e3c9177e31799c480ff124b9331,1.0,0.0,1.0,2.0,2.0,2.0,2.0,1.0,2.0,2.0,0.0,0.0,0.0,0.0,0.0,0.0,0.0,0.0,0.0
3,8,0,1,0,0,3,8,+a -a +B +b +a -a +B +b +a -a ,1.9967916319816368,2.1500495202947354,23,58,80,70e1d4e118d076514296ccf0f2db8f71,2126aa829643dcfef46ff3db78f322a8,1.0,0.0,2.0,3.0,3.0,3.0,0.0,0.0,0.0,0.0,0.0,2.0,3.0,0.0,0.0,0.0,0.0,0.0,0.0
3,8,0,1,0,0,3,12,+B +a +b +a +b +a +b +a +b +a ,1.1766796675107107,1.5883398337553554,18,52,76,70e1d4e118d076514296ccf0f2db8f71,2126aa829643dcfef46ff3db78f322a8,1.0,0.0,2.0,3.0,3.0,3.0,0.0,0.0,0.0,0.0,0.0,2.0,3.0,0.0,0.0,0.0,0.0,0.0,0.0
3,8,0,1,0,0,3,11,a+ a+ b+ b- a+ a+ b+ b- a+ a+ ,1.4634582986483033,1.890284289733169,21,58,76,70e1d4e118d076514296ccf0f2db8f71,ef0aa4d7d32eef317e002853a776a147,1.0,0.0,2.0,3.0,3.0,3.0,2.0,0.0,0.0,0.0,0.0,0.0,0.0,0.0,0.0,0.0,0.0,0.0,0.0
3,8,0,1,0,0,3,10,+B +a +B +a +B +a +B +a +B +a ,1.0,1.5,17,50,76,67d4c61d1d0b4878f2fe5d9b66186db9,ecf3823d5a4d59543a2935b66fbdec06,1.0,0.0,2.0,3.0,3.0,3.0,0.0,0.0,0.0,0.0,0.0,2.0,0.0,0.0,0.0,0.0,0.0,0.0,0.0
3,8,0,1,0,0,3,10,-B +a -a -a -a -a -a -a -a -a ,0.420026001688088,1.210842300318532,17,49,76,f432d6b52c5184fc71c9b55f7e823cd0,a290c37ce461b1258f0edd054a8e8940,1.0,0.0,2.0,3.0,3.0,3.0,0.0,0.0,0.0,0.0,0.0,0.0,3.0,0.0,0.0,2.0,0.0,0.0,0.0
3,8,0,1,0,0,3,8,-a -a +A -a +A -a +A -a +A -a ,0.9967916319816366,1.9967916319816368,18,52,76,f432d6b52c5184fc71c9b55f7e823cd0,a290c37ce461b1258f0edd054a8e8940,1.0,0.0,2.0,3.0,3.0,3.0,0.0,0.0,0.0,0.0,0.0,0.0,3.0,0.0,0.0,0.0,0.0,2.0,0.0
3,7,0,1,0,0,3,8,+a -a -B +B +a -a -B +B +a -a ,1.9967916319816368,1.9983958159908184,20,59,76,29a869da133108175da4079ed0493bfb,15d71bc25a214637752ef419151b1fd8,0.0,0.0,2.0,3.0,3.0,3.0,0.0,1.0,2.0,2.0,0.0,0.0,2.0,0.0,0.0,0.0,0.0,0.0,0.0
3,4,1,1,0,0,2,5,-a -a -B -b -a -a -B -b -a -a ,1.4634582986483033,1.7317291493241518,21,57,76,2d017b2b10f556bd914e34aec8e28a4b,5511fd83de8c36c43160d193e14b986d,2.0,0.0,0.0,0.0,0.0,0.0,2.0,0.0,0.0,0.0,0.0,0.0,0.0,0.0,0.0,0.0,0.0,0.0,3.0
3,8,0,1,0,0,3,9,+b +a -a +b +b +a -a +b +b +a ,1.4983958159908184,1.8918884737423507,22,57,80,70e1d4e118d076514296ccf0f2db8f71,2126aa829643dcfef46ff3db78f322a8,1.0,0.0,2.0,3.0,3.0,3.0,0.0,0.0,0.0,0.0,0.0,0.0,0.0,0.0,2.0,0.0,0.0,0.0,0.0
3,7,0,1,0,0,3,10,B- a+ a- b- B- a+ a- b- B- a+ ,1.9967916319816368,2.167518278965993,23,59,80,5924bfe2c6b111489f74e1ac29154378,8682e5781f82da383d4a5ccef5189320,2.0,0.0,1.0,2.0,2.0,2.0,0.0,0.0,0.0,0.0,0.0,0.0,0.0,2.0,0.0,0.0,0.0,0.0,3.0
3,8,0,1,0,0,3,9,a+ a- B+ a- B+ a- B+ a- B+ a- ,1.1766796675107107,1.9983958159908184,17,52,76,67d4c61d1d0b4878f2fe5d9b66186db9,4f3172f580a4b9d9873dda9a5ccccdb0,1.0,0.0,2.0,3.0,3.0,3.0,0.0,0.0,0.0,0.0,0.0,0.0,3.0,0.0,2.0,0.0,0.0,0.0,0.0
2,5,0,1,0,0,3,6,a a b A a a b A a a b A a a b ,1.4634582986483033,1.4634582986483033,18,51,76,f9a5951d926c0a7f9c63e13cfa2fc5a5,36c18a5eadbddf5f5730a1298f7bfea3,1.0,0.0,1.0,2.0,2.0,2.0,0.0,0.0,0.0,0.0,0.0,0.0,0.0,0.0,2.0,0.0,0.0,0.0,0.0
3,8,0,1,0,0,3,8,+a +a -A +a -A +a -A +a -A +a ,0.9967916319816366,1.9967916319816368,18,52,76,67d4c61d1d0b4878f2fe5d9b66186db9,908ccf0f892726fb19d2fdbb5589e828,1.0,0.0,2.0,3.0,3.0,3.0,0.0,0.0,0.0,0.0,0.0,0.0,3.0,0.0,2.0,0.0,0.0,0.0,0.0
3,7,0,1,0,0,3,9,a- a+ b+ B- a- a+ b+ B- a- a+ ,1.9967916319816368,2.231729149324152,22,58,80,8602be5804b85d2adab89d86f79bee51,54a54ceaed7b4e13a20da513f31013ff,2.0,0.0,1.0,2.0,2.0,2.0,3.0,0.0,0.0,0.0,0.0,0.0,0.0,0.0,0.0,0.0,0.0,0.0,0.0
3,8,0,1,0,0,3,12,a- a- b+ A+ a- a- b+ A+ a- a- ,1.4634582986483033,2.23012496531497,23,59,76,70e1d4e118d076514296ccf0f2db8f71,ef0aa4d7d32eef317e002853a776a147,1.0,0.0,2.0,3.0,3.0,3.0,0.0,0.0,0.0,0.0,0.0,0.0,0.0,0.0,2.0,0.0,0.0,0.0,0.0
